id,pub_date,year,headline,section,material,word_count,compound,pos,neg,neu,reform_idx,pathology_idx,frame_ratio,frame
nyt://article/4cdb533d-64a1-5f63-b07d-1906ca5b3388,1900-02-11,1900,"GOV. ROOSEVELT ON TENEMENT REFORM; Relieving Physical Conditions First Step in Political Progress. DEFINES THE STATE'S DUTY Club May Be Needed to Enforce Public Demands, He Declares, in Opening Exhibition.",Archives,Archives,0,0.6486,0.122,0.0,0.878,0.0,0.0,0.0,construction
nyt://article/25d5238e-825d-5ab4-bbc7-245839075474,1900-02-22,1900,THE TENEMENT EXHIBITION.; Need of More Libraries and Baths on the East Side Shown.,Archives,Archives,0,0.0,0.0,0.0,1.0,0.0,0.0,0.0,construction
nyt://article/5075419f-0421-53cf-b7e0-4b0b17d2a830,1900-03-24,1900,EAST SIDE FACTORY FIRE.(2); Building Flanked by Tenements Burned and Residents Forced to Flee.,Archives,Archives,0,-0.4588,0.0,0.188,0.812,0.0,0.0,0.0,construction
nyt://article/d4927541-267c-5ff4-82fe-2c848ac136a5,1900-03-24,1900,EAST SIDE FACTORY FIRE.; Building Flanked by Tenements Burned and Residents Forced to Flee.,Archives,Archives,0,-0.6597,0.0,0.31,0.69,0.0,0.0,0.0,construction
nyt://article/1c28595a-ec3f-58f0-bd81-c63a18ac4c59,1900-04-14,1900,FIRES MENAGE MANY LIVES; Two Victims of the Flames Will Probably Die. Bravery of Policemen Saves Women and Children from Suffocation in East Side Tenement Houses.,Archives,Archives,0,-0.4588,0.099,0.191,0.71,0.0,0.0,0.0,construction
nyt://article/6a322341-ca9c-5d43-8196-04a82a369b5c,1900-05-03,1900,DEFECTS OF TENEMENTS; Commission Makes a Tour of Inspection Among Them. Fresh Air Lacking and Fire Escapes Deficient -- Cherry Hill Answers Questions Readily.,Archives,Archives,0,-0.3182,0.106,0.142,0.752,0.0,0.0,0.0,construction
nyt://article/f83769f5-2793-51f5-96b3-b1d00a95d357,1900-05-05,1900,TENEMENT BOARD'S TOUR; East Side Houses Between Grand and Houston Streets Visited. Many Violations of Building and Health Laws Noted -- Wooden Rafters and Dark Rooms and Hallways.,Archives,Archives,0,-0.1027,0.076,0.086,0.838,0.0,0.0,0.0,reform
nyt://article/6b13b7c9-bda6-5166-aaf1-636565346575,1900-05-11,1900,"TENEMENT HOUSE COMMISSION.; Model Buildings, with Many Conven- iences, Visited and Approved.",Archives,Archives,0,0.4215,0.135,0.0,0.865,0.0,0.0,0.0,construction
nyt://article/d65637c8-7e39-557c-ad34-b0a2a83c5cae,1900-06-17,1900,"PANIC AT EAST SIDE FIRE.; Blaze in Kindling Wood Yard Endangers Tenements, Gas Tanks, and Hospital.",Archives,Archives,0,-0.6908,0.0,0.251,0.749,0.0,0.0,0.0,construction
nyt://article/1eee603b-2a0a-57cf-b475-af4d27b46629,1900-07-15,1900,INCENDIARY FIRES IN APARTMENT HOUSES.,Archives,Archives,0,0.0,0.0,0.0,1.0,0.0,0.0,0.0,construction
nyt://article/c1324642-6b26-54fc-9fec-55f8fa80fb25,1900-11-07,1900,CROWDED TENEMENT AFIRE; A Small Blaze Throws 432 Persons into a Panic. The Blaze in an East Side Building Said to be the Most Densely Populated in the World.,Archives,Archives,0,-0.5106,0.0,0.093,0.907,0.0,0.0,0.0,construction
nyt://article/5fd54a56-785f-578a-a9db-f81d8536829c,1900-12-26,1900,CHILD OF THE TENEMENT; Santa Claus Disappointed Little Minnie and Her Heart Was Sore. But the Good Angel of the East Side Appeared and the Weeping Child Got Her Dolly.,Archives,Archives,0,-0.0516,0.165,0.196,0.639,0.0,0.0,0.0,construction
nyt://article/ae3f0497-7c9c-529d-a334-3e129bda8825,1901-04-14,1901,"MAYOR HEARS PROTESTS AGAINST THE CHARTER; School and Building Trade Provisions Are Bitterly Denounced. CITY SUPT. MAXWELL ATTACKED Mr. Van Wyck's Denunciation of William H. Baldwin, Jr. -- A Speedy Veto Expected.",Archives,Archives,0,-0.7845,0.0,0.152,0.848,0.0,0.0,0.0,conflict
nyt://article/1e1bf942-d927-58c6-a4c8-5cda37141771,1901-05-11,1901,PLANS FOR SUMMER SCHOOL; The System to be Extended During the Hot Weather. TEACHING FORCE INCREASED Children of the Upper East Side Tenement District to be Provided For -- A School for Colored Children.,Archives,Archives,0,0.3818,0.093,0.04,0.867,0.0,0.0,0.0,conflict
nyt://article/aea6134b-3bca-5cb1-9952-ba58c800c135,1901-05-20,1901,CONDITIONS IN NEW YORK; Addresses by W.H. Baldwin and Dr. Lyman Abbott. Mass Meeting of Men Told that Philadelphia Is a Close Second to This as a Badly Governed City.,Archives,Archives,0,-0.4767,0.0,0.079,0.921,0.0,0.0,0.0,construction
nyt://article/4e59aaf7-87f1-5cdf-81a3-2c05aa93c152,1901-10-07,1901,VIOLATION OF THE TENEMENT LAWS; Committee of Fifteen Makes a Report of Its Investigations. Facts Given Showing the Existence of Vice in Houses That Are Located on the East Side.,Archives,Archives,0,-0.4939,0.0,0.099,0.901,0.0,0.0,0.0,construction
nyt://article/649b5e9e-56a6-5d6c-88b7-0cd001926b93,1901-10-22,1901,MR. JEROME'S ADVICE TO WOMEN CAMPAIGNERS; Tells Them to Keep Out of Down-Town Tenement Districts.,Archives,Archives,0,0.0,0.0,0.0,1.0,0.0,0.0,0.0,construction
nyt://article/dd2964ea-0d5f-5b3e-a9b5-3af719ce52d0,1901-11-22,1901,CLERGY'S VIEWS OF THE EAST SIDE'S NEEDS; Recent Election Discussed at Gospel Settlement Reception. Missionary Work in the Tenements -- Sunday Closing -- Relations of Christian and Jew.,Archives,Archives,0,0.0,0.0,0.0,1.0,0.0,0.0,0.0,construction
nyt://article/ce0923c3-819d-5a5d-acd9-58e721d54409,1902-05-25,1902,HOT DAY IN THE CITY.; Parks Crowded by People in Search of Cooling Breezes -- In the East Side Tenement District.,Archives,Archives,0,0.0,0.0,0.0,1.0,0.0,0.0,0.0,construction
nyt://article/5d84c79c-9592-5057-b805-dd720edabe44,1902-08-10,1902,formed for Social and Reformatory Purposes Among Residents of Tenement House District -- Will Not Indorse Political Candidates -- A Self-Supporting Institution That Is the First of Its Kind Down Town.,Archives,Archives,0,0.5267,0.091,0.0,0.909,0.0,0.0,0.0,construction
nyt://article/9b36cf1f-9d69-51bc-9291-50e3fdab140f,1902-09-09,1902,IN THE REAL ESTATE FIELD; West 123d Street Apartment House Sold -- Several East Side Tenements Change Hands.,Archives,Archives,0,0.0,0.0,0.0,1.0,0.0,0.0,0.0,construction
nyt://article/54d504a5-f684-5ff2-9e4b-132745bb1fa2,1902-09-14,1902,CITY DEPARTMENTS PLAY BALL.; Tenement House Inspectors of Brooklyn Beat Their Rivals of Manhattan.,Archives,Archives,0,0.34,0.156,0.0,0.844,0.0,0.0,0.0,construction
nyt://article/995a7b02-6542-51ff-a42a-73e9d1c0b981,1902-09-25,1902,"JOHN A. M'CALL ON INSURANCE SUPERVISION; Says State Inspection, with All Its Evils, Is Necessary. Address of the President of the New York Life Before Ohio State Insurance Commissioners.",Archives,Archives,0,-0.5719,0.0,0.093,0.907,0.0,0.0,0.0,construction
nyt://article/ed0e8f3c-a321-548d-bfdc-738ecf0d745d,1902-10-05,1902,"COAL ORDERED ABROAD FOR NEW YORK POOR; New Ship Combine to Import 50,000 Tons at Once. Action Announced at Mr. Morgan's Banking House -- Tenement Commissioner de Forest May Distribute It -- Other Measures Taken.",Archives,Archives,0,-0.4404,0.069,0.131,0.8,0.0,0.0,0.0,construction
nyt://article/acbda8a6-3edd-59a3-8413-446a3cdc3f44,1903-01-13,1903,"BLAZING FACTORY WALL FALLS ON ELEVATED; Current in Third Rail Imperiled Score of Firemen. Police Clear Nearby Tenements -- Chief Purroy Says Manhattan Officials Ignored His Request -- Loss Upward of $500,000.",Archives,Archives,0,-0.25,0.072,0.127,0.801,0.0,0.0,0.0,construction
nyt://article/c74bf418-63cc-5be4-bcd7-74b05d5efce5,1903-02-23,1903,"HOME WORKERS' EARNINGS; Inquiry by the Bureau of Labor Statistics of This State. Few ""Sweat Shops"" Left in New York Tenements -- Average Earnings of Women Home Workers $3.20 a Week.",Archives,Archives,0,0.0,0.0,0.0,1.0,0.0,0.0,0.0,construction
nyt://article/ed05184c-7783-5a14-a9f3-399e62e88179,1903-02-23,1903,TENEMENT LAW AMENDMENTS.; Spread of the Agitation in Opposition -- Petitions on the East Side -- Neighborhood Workers' Circular.,Archives,Archives,0,-0.25,0.0,0.1,0.9,0.0,0.0,0.0,conflict
nyt://article/9fd0fad6-2469-5807-91ae-8a623e43e6f9,1903-03-11,1903,TENEMENT LAW CHANGES; Compromise Bill Is Introduced in the Senate. Mr. De Forest Says It Will Benefit the Outlying Districts and Not Injuriously Affect Manhattan.,Archives,Archives,0,0.6908,0.18,0.0,0.82,0.0,0.0,0.0,construction
nyt://article/50fa608e-712f-599e-90b9-88fd486a1e53,1903-04-23,1903,CITY DENS OF POVERTY; English Observer Finds Bad Conditions in America. Worse Places In Washington Than in London -- Comment on the East Side Tenements.,Archives,Archives,0,-0.872,0.0,0.254,0.746,0.0,0.0,0.0,construction
nyt://article/bad597d0-6177-53b4-875c-d782fd3a7a41,1903-07-03,1903,"PRIZE-WINNING JANITORS; Money Medals, and Diplomas Awarded for Proficiency. Twenty-seven Keepers of East Side Tenements Honored -- Commissioner De Forest's Tribute.",Archives,Archives,0,0.7579,0.255,0.0,0.745,0.0,0.0,0.0,construction
nyt://article/4f2afb3c-04d2-5a44-ad42-6e95bdf0cff9,1903-09-04,1903,Article 2 -- No Title; FIFTY AT FIREBUG'S MERCY. Evidences of incendiarism Discovered at an Early Morning Blaze in an East Side Tenement. HORSE INJURES THREE PERSONS,Archives,Archives,0,0.0772,0.084,0.074,0.842,0.0,0.0,0.0,construction
nyt://article/348b3aa8-88fa-593f-8f30-fcfc1a6fd188,1903-09-13,1903,"Many Big Tenement Houses Built With Little Capital; Methods of the Speculators on the East Side, Who Are Able With $5,000 to Erect a $60,000 Building and Afterward Sell It at a Profit.",Archives,Archives,0,0.4404,0.079,0.0,0.921,0.0,0.0,0.0,construction
nyt://article/cbe962c5-4f48-5950-8107-8ca32fb2058f,1903-10-12,1903,"Mayor Low's Superb Administration; Redeeming the Police, Cleaning Streets, Providing Water, Extending Parks, Building Bridges, Better- ing the Schools, Care of Tenements, Saving Life, Creating Credit, Pushing Rapid Trans it Protecting the Rights of the People. THREE REFORM PRINCIPLES. Republished from The New York Times Saturday, Oct. 10.",Archives,Archives,0,0.9325,0.259,0.0,0.741,0.0,0.0,0.0,reform
nyt://article/1f31d4ee-5e66-505d-b773-d4152cbe410b,1903-12-22,1903,"TWO MEET DEATH IN BIG FACTORY FIRE; Battalion Chief Coleman Killed, Another Fireman Missing. Three Other Men Injured -- Thieves Hold Up Terror-Stricken People Fleeing from East Side Tenements -- 100 Loose Horses Add to Confusion.",Archives,Archives,0,-0.9839,0.0,0.487,0.513,0.0,0.0,0.0,construction
nyt://article/9f1000b5-8d98-54e4-b64d-e30ee5a61b0d,1903-12-23,1903,SPINNERS FROM TENEMENTS.; South Carolina Cotton Plant to be Manned by New York Workers.,Archives,Archives,0,0.0,0.0,0.0,1.0,0.0,0.0,0.0,construction
nyt://article/43e9da85-2afe-5beb-8f8b-cf921b3af325,1904-01-16,1904,BRIDE A FIRE HEROINE; Carried an Aged Woman from a Burning Tenement. Thirteen Families Made Homeless by a Blaze on the East Side -- Rescue of an Invalid.,Archives,Archives,0,0.7845,0.24,0.108,0.652,0.0,0.0,0.0,construction
nyt://article/7d675bb0-629a-5956-bb43-ea9bbe072660,1904-03-06,1904,WOMAN'S LIFE LOST IN EAST SIDE FLAMES; Another Thrown from Fourth-Story Window by Rescuers. BRAVE FIREMAN SAVES MANY Exploded Lamp Starts Lively Blaze in Small Tenement on Twenty-third Street -- Narrow Escapes.,Archives,Archives,0,0.6705,0.205,0.06,0.735,0.0,0.0,0.0,construction
nyt://article/3d8131a4-f9f7-5fda-a37b-aafbbd1ef0e1,1904-04-05,1904,MANY EVICTIONS ON EAST SIDE THREATENED; Advances in Rents in Many Tenements the Cause. TENANTS MAY ACT IN CONCERT Justice Roesch Discusses the Reasons Which Most Often Actuate Landlords Who Dispossess Tenants.,Archives,Archives,0,0.1027,0.089,0.078,0.833,0.0,0.0,0.0,conflict
nyt://article/1deaceb2-1a03-51b8-af6f-df5a6db17b2f,1904-04-20,1904,"COUNTRY SHOPKEEPER CAUGHT MURDER SUSPECT; Traced Connecticut Farmer Accused of Killing Hired Man. BEAT THE NEW YORK SLEUTHS Located Marks in a Broome Street Tenement, Then Called in Policemen and Caused the Arrest.",Archives,Archives,0,-0.9423,0.0,0.362,0.638,0.0,0.0,0.0,pathology
nyt://article/b49f0db6-2a92-5fbd-be23-ff7f5a763a0d,1904-04-28,1904,TRAIL BURGLAR GANG TO EAST SIDE LAIR; Police Capture Eight in Eldridge Street Tenement.,Archives,Archives,0,-0.7184,0.0,0.214,0.786,0.0,0.08333,-1.0,reform
nyt://article/e274a18c-faeb-513b-ac3a-397b758b68e6,1904-05-15,1904,Summer Camps of the Boys' Clubs of New York; Thousands of Youngsters From the Crowded Tenements Find Health In Them For Both Mind and Body.,Archives,Archives,0,0.0,0.0,0.0,1.0,0.0,0.0,0.0,reform
nyt://article/fa24efcc-69d1-5093-b2d3-e65e183d48be,1904-08-02,1904,IN THE REAL ESTATE FIELD.; Auction Sale of Lexington Avenue Corner Has Surprising Outcome -- Big Tenement Deals on the Upper East Side -- Many Minor Transactions.,Archives,Archives,0,0.2732,0.075,0.0,0.925,0.0,0.0,0.0,construction
nyt://article/a199bf13-1d48-52b2-bc26-247dbbdf19f2,1904-08-21,1904,"SOME FINE HOMES IN THE EAST SIDE TENEMENT SECTION; It's Not All Poverty There, and Local Sentiment Is Strong -- Men Who Have Grown Up with the Neighborhood.",Archives,Archives,0,0.7784,0.238,0.0,0.762,0.0,0.0,0.0,construction
nyt://article/fd86d344-0bcd-58c2-972f-a7ac205b79ab,1904-09-24,1904,WOULD ABOLISH THE NEW YORK TENEMENT; Dr. Maxwell Tells Educators at St. Louis It Destroys the Home. ADVOCATES ITS ERADICATION Suggests Erection by the City of Model Homes Amid Pleasant Surroundings for Workingmen.,Archives,Archives,0,-0.0772,0.077,0.084,0.839,0.0,0.0,0.0,construction
nyt://article/cd4bae8e-1bb9-59a8-83cf-eb1646bf996a,1905-01-14,1905,PHIPPS GIVES MILLION FOR MODEL TENEMENTS; Former Associate of Carnegie Outlines His Plan. CHOOSES BOARD OF TRUSTEES Will Probably Build on Upper East Side--Playgrounds for Children Profits to Extend Work.,Archives,Archives,0,0.5994,0.169,0.0,0.831,0.0,0.0,0.0,reform
nyt://article/65a6515d-5a97-5b3b-9d30-597624bb255b,1905-02-13,1905,FIREBUG IN A TENEMENT.; Janitress Frustrates Two Attempts to Burn East Side House.,Archives,Archives,0,-0.4404,0.0,0.195,0.805,0.0,0.0,0.0,construction
nyt://article/97c10685-fc3f-5216-a6c9-794e7a48af27,1905-03-07,1905,AN EAST SIDE HEROD.,Archives,Archives,0,0.0,0.0,0.0,1.0,0.0,0.0,0.0,construction
nyt://article/dd9a8eaa-adb3-5586-b6f8-1b5a445e0df4,1905-03-19,1905,"TENEMENTS MAY MARCH OVER OLD GRAVEYARDS; Movement to Remove New York Marble Cemetery. FAMOUS NAMES ON SLABS Lorillards, Beekmans, and Varicks Rest There -- Marble Cemetery, Nearby, Might Have to Go.",Archives,Archives,0,-0.296,0.0,0.062,0.937,0.0,0.0,0.0,construction
nyt://article/e9f57f7d-5f9b-5505-85e1-143705cf6dc9,1905-06-07,1905,IN THE REAL ESTATE FIELD; Builders Buy Entire Block on Upper East Side -- Group of Thirty-five Tenements to be Erected -- Deal for Lexington Avenue Corner -- Results at Auction.,Archives,Archives,0,-0.4404,0.0,0.088,0.912,0.0,0.0,0.0,construction
nyt://article/127de4f3-3a55-5c54-ab60-1a5fb2b51903,1905-07-02,1905,WOMEN IN NUNS' GARB IN JAIL AS IMPOSTORS; Charity Society Causes Arrest of Two Italian Mendicants. MANY PRIESTS COMPLAINED The Women Were Found in an East Side Tenement -- Mob Gathered to Defend Them.,Archives,Archives,0,-0.3182,0.072,0.131,0.797,0.0,0.0,0.0,pathology
nyt://article/3aaace29-8c4c-5e72-8759-6754b210e138,1905-07-19,1905,EAST SIDE'S POETESS IS NOW MRS. STOKES; Wedding of Miss Pastor and Rich Settlement Worker. QUITE AN INFORMAL AFFAIR High Hats and Frock Coats All from the Tenement Districts -- Bride Remembers Girl Friends.,Archives,Archives,0,0.7269,0.17,0.041,0.789,0.0,0.0,0.0,construction
nyt://article/b1d0a4ba-0b4e-5a4e-bc3b-b7d40211cb28,1905-08-12,1905,GROWTH OF RECREATION IDEA.; New York Leads All Cities in Recreation Centres -- They Are a Boon to the Tenement Dwellers.,Archives,Archives,0,0.3182,0.114,0.057,0.83,0.0,0.0,0.0,construction
nyt://article/6826f3c8-a9ee-50c2-9e71-29cb4a73cde2,1905-09-01,1905,IN THE REAL ESTATE FIELD; Deal for Factory Property on Harlem Corner -- Buyers for West Side Dwellings -- Continued Demand for East Side Flats and Tenements.,Archives,Archives,0,-0.128,0.0,0.055,0.945,0.0,0.0,0.0,construction
nyt://article/601d8270-c29d-56d3-85be-07829b25900d,1905-11-05,1905,Close-Range Studies of Darkest New York; What a Year and a Half's Investigation of the Family Life of a Score of Typical Middle West Side Tenement Dwellers Revealed to Miss Elsa G. Herzfeld.,Archives,Archives,0,-0.6249,0.0,0.169,0.831,0.0,0.0,0.0,construction
nyt://article/e1e04f2f-2be2-5dbc-9aa6-8e3f5292cfd1,1906-01-09,1906,IN THE REAL ESTATE FIELD; Builders Buy Plots on the West Side and on the Heights -- Group of Fourteen East Side Tenements Sold to Operators -- Other Dealings.,Archives,Archives,0,0.0,0.0,0.0,1.0,0.0,0.0,0.0,construction
nyt://article/05a0bf05-696d-5a6f-8bed-f66c6813141f,1906-02-05,1906,12 FAMILIES BURNED OUT.; Narrow Escapes at Fire in East New York Tenements.,Archives,Archives,0,-0.2263,0.101,0.161,0.738,0.0,0.0,0.0,construction
nyt://article/d4a027a8-59c5-5820-8162-fc8e5b3f5d02,1906-03-25,1906,"ANTI-SMOKE LEAGUE WANTS LAW ENFORCED; Fears That New York May Get to be Like Chicago. AFFECTS THE TENEMENTS Soft Coal Can Be Harmlessly Burned, If Properly Fired, Says Charles T. Barney.",Archives,Archives,0,-0.3612,0.128,0.167,0.705,0.0,0.0,0.0,construction
nyt://article/116596c2-0e17-5ee3-9728-cba7cc341d91,1906-04-10,1906,"THE HAND OF THE CZAR CRUSHING THIS FAMILY; Folks in the Old Country Robbed and Starving. SON A SUICIDE IN NEW YORK Daughter Dying Slowly in an East Side Tenement, Refusing Offers of Food and Money.",Archives,Archives,0,-0.8519,0.069,0.268,0.664,0.0,0.0,0.0,construction
nyt://article/286b3037-3758-5ec0-a781-be8654b0e259,1906-05-02,1906,"MOVE OUT, IS THE ORDER GIVEN TO 800 FAMILIES; Tenement House Repairs Cause a Great Shake-Up. POLYGLOT DISTRICT HIT Many East Siders Will Have Trouble Finding New Homes -- Courts Appealed To for Delay.",Archives,Archives,0,0.0258,0.102,0.125,0.773,0.0,0.0,0.0,construction
nyt://article/c441c02c-a8d1-5e31-b530-bb06219072d4,1906-05-05,1906,IN THE REAL ESTATE FIELD; Buyers for Upper Broadway Apartments -- Big Deal in East Side Tenements -- Change in Auction Room Methods.,Archives,Archives,0,0.0,0.0,0.0,1.0,0.0,0.0,0.0,construction
nyt://article/dd0234fb-4aec-589b-8e92-38f90248fe23,1906-06-20,1906,IN THE REAL ESTATE FIELD; Large Deals in East Side Lots and Tenements Lower Sixth Avenus Corner Sold -- Day's Business at Auction.,Archives,Archives,0,-0.296,0.0,0.091,0.909,0.0,0.0,0.0,construction
nyt://article/23e72c63-1870-517d-8418-91dd653d66da,1906-07-18,1906,IN THE REAL ESTATE FIELD; No Transactions of Much Importance Yesterday -- Some Trading in East Side Tenements -- Sale on the Bowery -- Other Dealings by Brokers.,Archives,Archives,0,0.0772,0.081,0.072,0.847,0.0,0.0,0.0,construction
nyt://article/bdabe593-9de2-58f2-b0fd-ede0b4505d2c,1906-11-10,1906,"INCENDIARY FIRES SET ON THE EAST SIDE NOW; Man Who Scared the West Side Did It, the Police Think. A PANIC IN TWO TENEMENTS Meanwhile the West Side Police Are Holding a Youth Caught Near Thursday Night's Fires.",Archives,Archives,0,-0.7351,0.0,0.147,0.853,0.0,0.0,0.0,construction
nyt://article/2d896b3c-c2af-5859-adbd-c74448786e57,1906-12-06,1906,EAST SIDE WOMEN START A BIG MEAT BOYCOTT; They Name a Committee to Rouse the Tenement District. BUTCHERS DECIDE TO AID They Get No Word from Roosevelt and Fear He Has Forgotten Them -- Two Meetings Held.,Archives,Archives,0,-0.8225,0.0,0.225,0.775,0.0,0.0,0.0,construction
nyt://article/d15bf7c5-2784-5fa2-9bb8-83ecb0ab0f51,1906-12-14,1906,ANOTHER BOMB EXPLOSION.; A Hundred Panic-Stricken in East Side Tenement -- No Injuries.,Archives,Archives,0,-0.6597,0.0,0.329,0.671,0.0,0.0,0.0,construction
nyt://article/2f7b0d5f-fc6c-57ed-9e0f-e926be0455d7,1907-02-26,1907,FIREMEN DELAYED AT IRVING HALL FIRE; Slippery Streets Held Up Apparatus and East Side Meeting Place Was Destroyed. TENEMENTS IN DANGER Tenants of Neighboring Buildings Driven Into the Cold -- Water Pressure Low.,Archives,Archives,0,-0.9217,0.0,0.36,0.64,0.0,0.0,0.0,conflict
nyt://article/6469c538-7b7c-5df1-af81-056f3fc00ee1,1907-03-24,1907,IN THE REAL ESTATE FIELD; Church Site Bought in Harlem. Houses Sold in Fifth Avenue Section. Long Ownerships Ended. Dwelling on 103d Street Resold. New Mercantile Building Leased. Deal for Eighth Avenue Property. Buyer of West 42d Street Parcel. Plans for New Studio Building. Manhattan Avenue Flats Sold. Company Buys Second Avenue Corner Downtown Tenement Dealings. Bronx Dewelling Finds Buyer. Good Demand Near Woodlawn.,Archives,Archives,0,0.3612,0.06,0.023,0.917,0.0,0.0,0.0,construction
nyt://article/57cc8bf6-bae2-5f25-9e8b-551a35c58b3d,1907-05-19,1907,"EXPLOSION HURTS 13, WRECKS TENEMENTS; Walls of New East New York Buildings Blown Out by Gas. CROWD HURLED FROM STORE Fractured Heads and Arms Result -- Children Among the Victims -- Cause Not Learned. EXPLOSION HURTS 13, WRECKS TENEMENTS",Archives,Archives,0,-0.4303,0.058,0.123,0.819,0.0,0.0,0.0,construction
nyt://article/921401d6-0752-57c2-aa7a-02cf1f312a8d,1907-06-02,1907,"The Little Italian Boy of the East Side Tenements; Naturally Musical, He Is Becoming, Under the Guidance of the Jesuit Mission of Our Lady of Loretto, a Finished Artist -- Full of Ambition and Good Qualities.",Archives,Archives,0,0.4404,0.077,0.0,0.923,0.0,0.0,0.0,construction
nyt://article/b35e7e1b-5aa4-55a5-8ed6-652e377e6d3f,1907-07-17,1907,IN THE REAL ESTATE FIELD; Sales of Tenements and Dwellings on the West Side -- Few Dealings on the East Side and in the Bronx -- Several Alterations.,Archives,Archives,0,0.0,0.0,0.0,1.0,0.0,0.0,0.0,construction
nyt://article/8becc9eb-141e-5ed5-a379-79e693935852,1907-08-02,1907,EIGHT-YEAR-OLD GIRL FOUND MURDERED; Mutilated Body of Katie Titchener in Cellar of East Side Tenement. LURED THERE FOR REVENGE? Bath Beach Mothers Half Kill Another Criminal -- More Assaults In Harlem.,Archives,Archives,0,-0.967,0.0,0.431,0.569,0.0,0.0,0.0,construction
nyt://article/c9b28aab-e3a2-5641-9f80-414801112041,1907-09-03,1907,THE PRINCE'S VISIT TO NEW YORK ENDS; Wilhelm of Sweden Leaves for Boston -- Will Sail for His Home To-morrow. VISITS FIRE HEADQUARTERS Also Ellis Island and Model Tenement on His Last Day Here -- Former German Students His Hosts. WAR ON SPEEDING CARS. Coroner Harburger Starts Movement to Protest Against Carelessness.,Archives,Archives,0,-0.8658,0.0,0.182,0.818,0.0,0.0,0.0,reform
nyt://article/97c3d38b-6a9a-5084-acf6-17aeceefb3c6,1907-12-03,1907,TENEMENTS GIVE WAY TO NEW BRIDGE; Last Moving Day for Tenants Along the Line of the Manhattan's Approach. NEIGHBORS TAKE HOLIDAY Anxious to See What Their Friends Possessed -- Mrs. Spitz Sewed to the Last.,Archives,Archives,0,0.5859,0.146,0.05,0.804,0.0,0.0,0.0,conflict
nyt://article/86029e80-9e8a-5bab-8911-85b7a58ebb13,1907-12-22,1907,"BIG BOMB WRECKS 5-STORY TENEMENT; All Apartments in East Side Building Damaged by Supposed Black Hand Explosion TENANTS FLEE IN A PANIC Italian Barber, the Supposed Object of Vengeance, Refuses to Say He Received Black Hand Threats.",Archives,Archives,0,-0.7003,0.129,0.246,0.625,0.0,0.0,0.0,conflict
nyt://article/ec83329d-2147-5d53-b823-aac86d2e5936,1907-12-30,1907,LOTTERY AGENTS AT WORK ON EAST SIDE; Thousands of Tickets Are Being Sold to the Poor of the Tenements. AUTHORITIES TAKE UP CASE Post Office Inspectors and Central Office Detectives After the Promoters -- Tickets Apparently Bogus.,Archives,Archives,0,-0.4767,0.0,0.079,0.921,0.0,0.0,0.0,construction
nyt://article/ced3f6d2-ca7d-59ff-806c-2d84b2076fec,1908-03-01,1908,EXHIBIT WILL TELL ALL ABOUT NEW YORK; Facts About Population and Many Other Statistics to be Disclosed. MANY SOCIETIES JOINED Photographs to be on View at the American Museum of Natural History. Facts About Tenements. What Photographs Will Tell. SHONTS AND WILLCOX CONFER Sale of Steinway Tunnel to City Briefly Discussed by Them.,Archives,Archives,0,0.3612,0.046,0.0,0.954,0.0,0.0,0.0,construction
nyt://article/dea9c05e-a826-571a-940f-1ee88f77068d,1908-03-01,1908,"SAVING EAST SIDERS FROM THE ""BOSSES""; David Blaustein Tells Workers the University Settlement Does It. CANNOT FOOL VOTERS NOW Jacob Riis Says Baby-Killing Tenements Are Being Abolished and 2,000 Babies Saved Each Year.",Archives,Archives,0,0.6377,0.144,0.0,0.856,0.0,0.0,0.0,construction
nyt://article/4611e7ed-ec2f-5f57-85d4-7f490a1bf91b,1908-03-16,1908,EAST SIDE SEES ITSELF.; Tenement Dwellers Flock to the Congestion Exhibit In Droven.,Archives,Archives,0,-0.0772,0.0,0.098,0.902,0.0,0.0,0.0,construction
nyt://article/175fa8fc-76dc-55a5-85a8-b6787be814b0,1908-04-06,1908,33 HORSES LOST IN EAST SIDE FIRE; Clinton Street Night Blaze Jumps to Tenements -- Inmates Flee. INTERRUPTS WEDDING FEAST Street Car Traffic In Delancey and Clinton Streets Stopped for an Hour by the Fire.,Archives,Archives,0,-0.8519,0.0,0.274,0.726,0.0,0.0,0.0,construction
nyt://article/da5e758d-e24b-5bf5-a2ea-bd8679e65268,1908-06-08,1908,3-YEAR-OLD BOY GONE; SEARCH FOR HIM VAIN; Mysteriously Disappeared from In Front of an Orchard St. Tenement While Father Was Near. FEAR HE WAS KIDNAPPED Neighbors Think He Was Stolen by Some Childless Woman of the East Side.,Archives,Archives,0,-0.8779,0.0,0.246,0.754,0.0,0.0,0.0,construction
nyt://article/5285115f-70d9-520f-a483-14029c8771a0,1908-07-05,1908,ROOF SLEEPING NOW POPULAR IN NEW YORK; Custom Discarded by Tenement Dwellers Taken Up by Well-to-Do. SPECIAL BEDS EMPLOYED Devices with Canvas Tops to Keep Off the Dew Used -- East Siders Use Fire Escapes.,Archives,Archives,0,0.6369,0.232,0.137,0.631,0.0,0.0,0.0,construction
nyt://article/75b87d29-3ff7-564d-9a24-38697fbfc5fd,1908-09-01,1908,FIREBUG TERRORIZES TENEMENT DWELLERS; Sets Fire to Five Buildings in Upper East Side Between Midnight and Morning. MANY RESCUES BY POLICE Each Fire Started in Pile of Rubbish Placed Under Stairway -- One Suspect Locked Up.,Archives,Archives,0,-0.8442,0.051,0.277,0.671,0.0,0.0,0.0,construction
nyt://article/24a7cfcd-7179-55d5-af18-750fefe59e2d,1908-09-03,1908,FIREBUG IMPERILS HUNDREDS OF LIVES; Police Hunting for Supposed Maniac Who Sets East Side Tenements Ablaze. DOZEN FIRES SINCE SUNDAY Fire Marshal Thinks Pyromaniac Starts Them for the Fun of Seeing Firemen at Work.,Archives,Archives,0,-0.296,0.083,0.138,0.779,0.0,0.0,0.0,construction
nyt://article/8691cc63-2409-58f3-9e3d-304b5e0a4c76,1908-10-04,1908,"CHANLER APPEALS TO TENEMENT VOTERS; Tells East Siders His Ten Years Among Them Has Taught Him Their Needs. A GOOD WORD FOR BRYAN Speaks to a Large Crowd in Hamilton Fish Park and to 10,000 on the West Side -- A Big Parade.",Archives,Archives,0,0.4404,0.065,0.0,0.935,0.0,0.0,0.0,construction
nyt://article/e0b28460-c4f2-5584-b020-9170e6b78a93,1908-12-10,1908,TENEMENT WRECKED; NINE HURT BY BOMB; Two Probably Mortally Injured in Another Black Hand Outrage on the East Side. TENANTS ALL IN A PANIC Second Explosion in the Building and the Agent Says Sicilians Are at the Bottom of It.,Archives,Archives,0,-0.9136,0.06,0.299,0.64,0.0,0.0,0.0,conflict
nyt://article/fa94e5ee-8c8e-5aac-9ab1-b1417f8f0586,1909-04-25,1909,"DUTCH DIET KITCHEN FOR EAST SIDERS; Miss Van Leeuvwen, a Dutch Girl, Sets Out to Show New Yorkers What to Eat. HER BREAD MUCH IN DEMAND She Has Already Captured the Social Workers and Hopes to Get the Tenement Dwellers.",Archives,Archives,0,0.1027,0.065,0.102,0.833,0.0,0.0,0.0,construction
nyt://article/40666963-d25e-54eb-a90d-de32843752b5,1909-05-21,1909,"MEN CROWDED OUT AS TENEMENT HEADS; Women Make Better Social Workers, Dr. E.R.L. Gould Tells Woman's Municipal League. TENEMENTS HERE TO STAY Manhattan Worker Must Have His Home, Says Dr. Gould, and the Women Like the City Noise.",Archives,Archives,0,0.6597,0.13,0.0,0.87,0.0,0.0,0.0,construction
nyt://article/3f7ca211-f922-57fc-baaf-17163abc5c72,1909-11-24,1909,FIVE DEAD IN TENEMENT FIRE.; Two Mothers and Three Children the Victims in East New York.,Archives,Archives,0,-0.8402,0.0,0.409,0.591,0.0,0.0,0.0,construction
nyt://article/8458b545-86d6-566b-a3e2-3d6722d71693,1910-01-02,1910,FACTS ABOUT WESTCHESTER.; Exceeds All State Counties in Population Per Square Mile Except New York.,Archives,Archives,0,0.0,0.0,0.0,1.0,0.0,0.0,0.0,reform
nyt://article/8882f7bb-c094-5e57-ab15-3298ee649e45,1910-02-14,1910,BETTER TENEMENT LAW.; Commissioner Murphy Invites Information of Violations.,Archives,Archives,0,0.34,0.206,0.121,0.674,0.0,0.0,0.0,construction
nyt://article/daa7495e-d169-50f8-ad62-66fc73e5e468,1910-03-04,1910,Article 11 -- No Title; DROP BOMB DOWN CHIMNEY.,Archives,Archives,0,-0.7774,0.069,0.326,0.606,0.0,0.0,0.0,construction
nyt://article/9e0ed679-ecdb-5117-9ba0-5ef46f02412e,1910-04-09,1910,ONE-CENT CAR FARE FOR THE CITY'S POOR; Tenement Commissioner Murphy Has a Plan to Get Them to Bronx Park in the Summer.,Archives,Archives,0,-0.7351,0.0,0.14,0.86,0.0,0.0,0.0,construction
nyt://article/ed2bca4a-5b4a-5071-b08a-496f3240220f,1910-04-21,1910,"IN THE REAL ESTATE FIELD; The Strathmore Apartment on Riverside Drive Sold -- Buyer of Marshall Plot Offered a $200,000 Profit -- East Side Tenements for Investment.",Archives,Archives,0,0.4404,0.1,0.0,0.9,0.0,0.0,0.0,construction
nyt://article/595230d2-114e-5122-860d-2e2727fa0b68,1910-05-16,1910,FIRE CAPTAIN DYING AFTER GAS EXPLOSION; Ten Firemen Overcome in Cellar of a Blazing Tenement in East New York.,Archives,Archives,0,-0.34,0.0,0.118,0.882,0.0,0.0,0.0,construction
nyt://article/11868252-694b-56e1-a93e-5f1d36a870c5,1910-05-24,1910,"WOMAN DIES IN FIRE, BUT SAVES HER BABY; Carries It to a Window and Protects It Until She Is Suffocated. FIREMEN ARRIVE TOO LATE Many Herolo Rescues by Police and Firemen Mark a Quick Blaze In an East Side Tenement.",Archives,Archives,0,0.6369,0.132,0.038,0.83,0.0,0.0,0.0,construction
nyt://article/e2cd467c-3daf-531a-8e68-eb14640b6e65,1910-06-19,1910,"VANDERBILT MODEL TENEMENT HOUSES STIMULATE NEW EAST SIDE PROJECT; Building to Begin at Once on a Row of Open Stair Tenements in Seventy- seventh Street, Opposite John Jay Park -- All Light Rooms and Perfect Sanitary Conditions Provided -- Object to Show That Best Type Insures Most Satisfactory Investment Future.",Archives,Archives,0,0.9441,0.263,0.0,0.737,0.02,0.0,1.0,reform
nyt://article/31a5280c-3233-5a01-85d9-e3b12dd68b41,1910-06-24,1910,IN THE REAL ESTATE FIELD; Bronx Realty Leads the Market -- Another Row of Bronx Flats Sold -- Investors Buying East Side Tenements -- A Quarter Million Dollar Development at Bensonhurst.,Archives,Archives,0,0.0,0.0,0.0,1.0,0.0,0.0,0.0,construction
nyt://article/2360e961-796f-58cc-b492-cf86abd09c03,1910-07-28,1910,CHILDREN AT PLAY EXPLODE A BOMB; Can They Had Found in an East Side Tenement Blows Up in the Street. FIVE OF THEM INJURED Great Alarm and Excitement in the District -- Janitor of the Building Locked Up.,Archives,Archives,0,0.34,0.194,0.166,0.64,0.0,0.0,0.0,construction
nyt://article/f4140ea0-07d9-5501-afb3-55414240641f,1910-08-10,1910,GAYNOR'S FIGHT FOR CITY REFORM; Began Thirty-five Years Ago in Flatbush and Continued in the Mayoralty.,Archives,Archives,0,-0.6486,0.0,0.15,0.85,0.0,0.0,0.0,construction
nyt://article/2640b4c6-3674-522c-b5b9-83518e0d4353,1910-08-14,1910,"Welcome Oases in New York's Desert of Roofs; Theatre, Hospital, Cafe, Tenement, and Private Roof Gardens are Becoming Common.",Archives,Archives,0,0.4588,0.143,0.0,0.857,0.0,0.0,0.0,construction
nyt://article/6cf32a86-eaa6-55fd-953e-c8df0ba57de9,1910-08-26,1910,CITY OVERCROWDED; TENEMENTS POOR; Prof. S.D. Adshead of University of Liverpool Finds Natural Light Lacking in New Law Houses. DIFFICULTY DUE TO SPACE Insufficient Inspectors to Insure Cleanliness -- But Manhattan Has Finest Architecture In the World.,Archives,Archives,0,-0.4588,0.032,0.104,0.865,0.0,0.0,0.0,reform
nyt://article/538b00df-5aa9-5830-98e1-6cb61dceea10,1910-08-27,1910,IN THE REAL ESTATE FIELD; American Ice Company Takes Title to East Side Plot -- Sales in Harlem -- Tenements Figure in Invest- ment Buying -- Deals in Brooklyn and the Suburbs.,Archives,Archives,0,0.0,0.0,0.0,1.0,0.0,0.0,0.0,construction
nyt://article/85841191-801e-548d-bc00-c04eef988400,1910-10-07,1910,BOMB WRECKS TWO STORES.; Twenty Tenement Families imperiled by an Explosion on the East Side.,Archives,Archives,0,-0.7506,0.0,0.211,0.789,0.0,0.0,0.0,construction
nyt://article/4c02d970-3578-5d80-bdf4-b185f89312ac,1910-11-16,1910,"IN THE REAL ESTATE FIELD; Business Claims Another Fifth Avenue Corner -- Investors Buying East Side Tenement House Property -- Plans for $1,200,000 Bronx Borough Flats Filed.",Archives,Archives,0,0.0,0.0,0.0,1.0,0.0,0.0,0.0,construction
nyt://article/d8f3c7ad-8ed2-5963-94a4-8144400b2f2d,1910-11-22,1910,"IN THE REAL ESTATE FIELD; Investors Favor East Side Tenement House Property -- Another Fifth Avenue Dwelling Claimed by Business -- Barber Asphalt Co. to Erect $5,000,000 Plant in New Jersey.",Archives,Archives,0,0.4215,0.116,0.0,0.884,0.0,0.0,0.0,construction
nyt://article/97088aff-2f58-5bbf-beb5-7071c5aaff1c,1910-12-25,1910,QUAINT TYPES OF EARLY NEW YORK DAYS RAPIDLY PASSING AWAY IN OLD GREENWICH; Scores of Fireproof Lofts Costing Millions of Dollars All the Way from Duane to Christopher Street Show the Force of Industrial Invasion -- History Made There by Sir Peter Warren and Aaron Burr -- Macdougal Street's Fashionable Homes Now Tenements -- Whole Block of Houses About to be Demolished for Demands of Trade -- What Trinity Is Doing. Old Houses Fast Disappearing. Sir Peter Warren's Home. Richmond Hill and Aaron Burr. Fushion in Macdougal Street. Bier Industrial Buildings. Around Old St. John's Park.,Archives,Archives,0,-0.4404,0.0,0.03,0.97,0.0,0.0,0.0,crisis
nyt://article/fb58ccca-2ba7-55aa-8ac6-a79eab01eb1a,1911-01-17,1911,FIRE SCARE IN THEATRE.; Blaze Near the Liberty in East New York Cut Off the Lights.,Archives,Archives,0,-0.7184,0.16,0.324,0.516,0.0,0.0,0.0,construction
nyt://article/26b9ba9d-dfc8-5454-8cd7-67e633b5456e,1911-04-23,1911,THE TENEMENT HOUSE DEPARTMENT'S WORK; Reports Show Decrease in Building Activities in Manhattan and the Bronx.,Archives,Archives,0,0.0,0.0,0.0,1.0,0.0,0.0,0.0,construction
nyt://article/341da7b0-2c73-58b7-88ae-81771abb0448,1911-05-14,1911,"REASONS NOTED FOR CONGESTION BILLS; George B. Ford Explains Effect of Measures in Giving Better and Healthier Tenements. BUILDING TAXATION PLAN New System, Committee Believes, Would Encourage Factory Settlements Outside of Manhattan.",Archives,Archives,0,0.8225,0.229,0.0,0.771,0.0,0.0,0.0,reform
nyt://article/11cfcd41-fa87-58b6-a8ab-0d65981d0757,1911-05-24,1911,HARLEM TENEMENTS BURN.; Fire in Lumber Yard Spreads to Seven Buildings Near Manhattan Avenue.,Archives,Archives,0,-0.5859,0.0,0.179,0.821,0.0,0.0,0.0,construction
nyt://article/466ef156-9518-57cd-9af9-1edaead65ab9,1911-06-06,1911,HOUSING DELEGATES VISIT THE EAST SIDE; Those Attending the National Conference See Tenement Improvements.,Archives,Archives,0,0.5574,0.155,0.0,0.845,0.0,0.0,0.0,construction
nyt://article/0a1695fb-3d4d-5a6e-b3e5-da3b87e0c21e,1911-07-17,1911,OUR BAD TENEMENTS AMAZE FRENCHMAN; High Official Comes Here to See if There's Anything to Learn from Our Housing System. LABORERS' RENTS EXCESSIVE Dr. Pranard Thinks Condition of Poor in France in This Respect Is Better Than It Is Here.,Archives,Archives,0,0.4981,0.167,0.125,0.709,0.0,0.0,0.0,construction
nyt://article/4a9c43b5-40fd-5e6f-a9db-7d1ec3bf6a3d,1911-08-13,1911,EXPERT CALLS OUR TENEMENTS WORST IN THE WORLD; After Visiting All of the Big Cities in This Country Dr. Pranard of the French Department of Labor Says Even the Darkest Slums of Paris Have Not Their Equal -- Sees No Solution of Congestion in Manhattan.,Archives,Archives,0,-0.9146,0.0,0.237,0.763,0.0,0.02222,-1.0,construction
nyt://article/202ffde8-0cfb-5530-ace9-49964a12c9a0,1911-08-16,1911,Tenements of New York and Paris.,Archives,Archives,0,0.0,0.0,0.0,1.0,0.0,0.0,0.0,construction
nyt://article/2133a7c2-ea44-5303-8fc7-5e75b2936e22,1911-10-06,1911,THE REAL ESTATE FIELD; Resale of Asylum Property in The Bronx to Greek Corporation -- Good Demand for Tenement House Property -- East Side Bank Increases Its Holdings.,Archives,Archives,0,0.34,0.095,0.049,0.855,0.0,0.0,0.0,construction
nyt://article/ce658b77-df5c-559a-ac6a-44f99a4eb31d,1911-10-19,1911,EXPOSE CHILD LABOR EVILS IN NEW YORK; Charities Conference Told of Abuses in Tenements and Canning Factories.,Archives,Archives,0,-0.7351,0.16,0.315,0.525,0.0,0.0,0.0,construction
nyt://article/82067e21-2583-513a-a695-48f434d190eb,1911-12-23,1911,"MANHATTAN FIGHTS WILLIAMSBURG FIRE; 17 Companies, Rushed Across the Bridge, Check Blaze in a Forest of Tenements.",Archives,Archives,0,-0.9652,0.0,0.362,0.638,0.0,0.0,0.0,construction
nyt://article/df150457-29bd-593b-aee4-c1cc2707809a,1912-03-21,1912,NEW EAST SIDE WAR UPON CONSUMPTION; Whole Section of the Vanderbilt Tenements Leased as a Home Hospital.,Archives,Archives,0,-0.5994,0.0,0.151,0.849,0.0,0.0,0.0,construction
nyt://article/a114afab-7f28-5cb2-935b-7533124ba9a6,1912-07-19,1912,"GIRL'S SLAYER DIES AS FATHER ADVISED; Nathan Swartz Turns on Gas in East Side Tenement, with Police Close on His Trail.",Archives,Archives,0,-0.6597,0.036,0.147,0.817,0.0,0.0,0.0,construction
nyt://article/8ecaf1b3-2c33-56d4-b599-ba060790c222,1912-07-21,1912,"NEW YORK'S LATIN QUARTER A COMFORTABLE PLACE TO LIVE IN; There Are Model Tenements for ""Unattached Women"" and It Bids Fair to be Quite as Picturesque as the Famous ""Other Side of the Seine"".",Archives,Archives,0,0.8166,0.215,0.0,0.785,0.0,0.0,0.0,reform
nyt://article/8d2e7721-c4d0-538a-93dd-37c3188f0d47,1912-10-03,1912,"NEXT SUNDAY'S TIMES; ONE DEAD, TEN SAVED IN TENEMENT FIRE",Archives,Archives,0,-0.8402,0.169,0.41,0.422,0.0,0.0,0.0,construction
nyt://article/4c38752c-4806-5b1a-a507-70c5f63c1153,1912-10-04,1912,THREE DIE BY FIRE IN EAST SIDE HIVE; Police and Firemen Enter Burning Tenement from Next Roof and Save Many.,Archives,Archives,0,-0.4767,0.121,0.238,0.642,0.0,0.0,0.0,construction
nyt://article/f9dc316f-4db8-5047-8913-c0f07f4457e4,1912-10-27,1912,"NEW YORK'S FAMOUS MODEL TENEMENTS ARE FAILURES; They Have Not Accomplished the Purpose for Which They Were Built, Says Henry Atterbury Smith, Architect of the Vanderbilt Model Apartments and the Open Stair Tenement.",Archives,Archives,0,-0.6604,0.0,0.148,0.852,0.0,0.0,0.0,reform
nyt://article/14111b5b-1c74-5a18-84eb-348609a5d2dd,1913-01-19,1913,"MODEL TENEMENTS NOT A FAILURE, SAYS DR. E.R.L. GOULD; Replies to Henry Atterbury Smith's Recent Article in The New York Times by Holding That, Properly Built and Managed, They Are Both Financial and Sociological Successes.",Archives,Archives,0,0.7432,0.16,0.0,0.84,0.0,0.0,0.0,reform
nyt://article/87290133-cfa7-546b-8f74-225e2f23e5df,1913-01-22,1913,THE REAL ESTATE FIELD; Two Upper West Side Apartment Houses Purchased by New York Real Estate Security Co. -- W. and J. Sloane Secure Warehouse Plot in Chelsea District -- Investors Buying Tenements -- Bronx and Brooklyn Sales.,Archives,Archives,0,0.5859,0.118,0.0,0.882,0.0,0.0,0.0,construction
nyt://article/2ab778e9-bd2c-5a5c-99cf-41bd7b9d290d,1913-01-29,1913,BILL AIMED AT CITY VICE.; Authorizes Societies to Drive Evil Persons from Tenements.,Archives,Archives,0,-0.6597,0.0,0.173,0.827,0.0,0.0,0.0,pathology
nyt://article/9a6cefdf-89a5-5d80-8ed5-f4ff9d8a68ed,1913-07-02,1913,"AUTO WRECKS TENEMENT.; Mail Truck, Running Wild, Knocks Hole in East Side House.",Archives,Archives,0,0.0,0.0,0.0,1.0,0.0,0.0,0.0,construction
nyt://article/ef783f3b-788d-5791-9a79-3b60eb18a264,1913-07-24,1913,SHOT AFTER THREAT TO HARM A BABY; Intoxicated Baker Mobbed by Angry Women Before a Tenement on the East Side.,Archives,Archives,0,-0.9524,0.0,0.449,0.551,0.0,0.0,0.0,pathology
nyt://article/0511283e-d6a8-55e7-b86c-6efee0f52ca7,1913-10-19,1913,"HUNGARIAN GOVERNMENT STUDIES NEW YORK TENEMENTS; Dr. Bartholomew Nemenyi, Representing the Minister of Commerce, Declares Our Tenement Laws Far Ahead of Any in Europe -- He Will Make Report on Which Hungary Is to Legislate Along American Lines.",Archives,Archives,0,0.0,0.0,0.0,1.0,0.0,0.0,0.0,construction
nyt://article/033b7a6d-de30-5a61-b48d-fc07926a2495,1913-12-21,1913,"TOYS CAN'T BE MADE BY CHILDREN NOW; Florence Kelly Says the New Law Against Tenement Work Will Be a Gain for Health. BUYERS MUST GIVE AID Conditions In German Industry Should Not Be Encouraged, She Writes.",Archives,Archives,0,0.3591,0.096,0.074,0.83,0.0,0.0,0.0,reform
nyt://article/3656a865-8ee6-54db-b64e-bc800d3a9250,1914-02-09,1914,FIGHT WHITE PLAGUE IN EAST SIDE HOMES; Experiments in Vanderbilt Tenement Encourage Association for Improving the Poor.,Archives,Archives,0,0.7906,0.286,0.128,0.586,0.0,0.0,0.0,reform
nyt://article/15225572-f900-57ee-9e0e-d065c8e86e48,1914-02-15,1914,"CHILD CRIME IN NEW YORK IS DUE TO STREET PLAY; Investigator of Juvenile Gangs Finds That Lack of Playing Space, Which Drives Sons of the Tenements to the Pavements, Is the Basic Cause of Law Breaking.",Archives,Archives,0,-0.6808,0.095,0.2,0.705,0.0,0.02778,-1.0,pathology
nyt://article/855fcbf1-9107-542b-8572-985d33a30e9c,1914-04-24,1914,"THE REAL ESTATE FIELD; Shuberts Buy Bronx Theatre in $900,000 Deal -- $565,000 Mortgage on New York Sun Property -- Aid Society Sells Old Home -- Eleventh Avenue Corner for Model Tenement.",Archives,Archives,0,0.0,0.0,0.0,1.0,0.0,0.0,0.0,reform
nyt://article/58587cc5-d008-51f8-a409-0042f4fe70d9,1914-05-24,1914,"TENEMENT DWELLERS TO GIVE PAGEANT OF THE PEOPLES; Three Thousand Men, Women and Children of the Lower East Side, in Costumes of the Lands of Their Forefathers, Will Sing, Dance and Act at Hamilton Fish Park on June 6.",Archives,Archives,0,-0.3612,0.0,0.086,0.914,0.0,0.0,0.0,construction
nyt://article/15fef774-2b1d-5764-8c2a-a66f5e443c1e,1914-09-27,1914,"WATER WALL SAVES BIG EAST SIDE BLOCK; Six-Story Stable Full of Wagons Burns, Torchlike, Amid Packed Tenements. 26 ENGINES AND 3 FIREBOATS Five Alarms Bring Apparatus from 18th Street to 116th ;- Worst Blaze Since Equitable.",Archives,Archives,0,-0.6908,0.091,0.188,0.722,0.0,0.0,0.0,construction
nyt://article/414ca042-9854-5e07-9834-3ae13593a2f2,1914-11-07,1914,THE REAL ESTATE FIELD; Builders Buy Apartment House Site in Fort Washington Section ;- East Side Baking Plant Sold ;- Group of Old Greenwich Village Tenements Traded for Bronx Corner.,Archives,Archives,0,0.0,0.0,0.0,1.0,0.0,0.0,0.0,construction
nyt://article/aaed883d-e791-59d8-80e2-6001c5902c86,1914-11-22,1914,"7 DIE, MANY HURT IN EAST SIDE FIRE; Tenants Jump From Windows When Flames Sweep Through Two Tenements. PISTOL SHOTS GIVE ALARM Police Find Escape of Panic-Stricken Italians Cut Off by the Blaze. NEAR BELLEVUE HOSPITAL Superintendent Throws Open Hospital Building to Shelter the Homeless Tenants.",Archives,Archives,0,-0.9628,0.024,0.306,0.67,0.0,0.0,0.0,conflict
nyt://article/370c300f-d7ec-5ea7-9f8d-211d2c209d76,1914-12-08,1914,THE REAL ESTATE FIELD; A New Theatre and Twenty-Story Office Building Planned for Times Square ;- Washington Heights Apartment Traded for East Side Tenement Property ;- Bronx and Suburban Sales.,Archives,Archives,0,0.0,0.0,0.0,1.0,0.0,0.0,0.0,construction
nyt://article/b8ffa03f-4993-50da-9a19-0e68f2026ba3,1914-12-30,1914,"THE REAL ESTATE FIELD; Investor Buys New Apartment House in Upper Manhattan ;- Tenement Deal on New Chambers Street -$1,000,000 Transaction at Arverne -Westchester and Long Island Sales.",Archives,Archives,0,0.0,0.0,0.0,1.0,0.0,0.0,0.0,construction
nyt://article/fadd3b43-d089-58df-a138-1edd987c0ae9,1915-03-05,1915,"SEES DANGER TO CITY IN LOCKWOOD BILL; W.M. Ivins Opposes Measure Eliminating Tenement, Fire, and Health Inspectors. A STEP AGAINST HOME RULE Under It, He Says, Heads of Outlying Boroughs Could Control Conditions In Manhattan.",Archives,Archives,0,-0.7003,0.0,0.129,0.871,0.0,0.0,0.0,reform
nyt://article/8e31f950-a8e3-59a3-8e44-9a1f368199c5,1915-03-09,1915,THE REAL ESTATE FIELD; Twenty-third Street Loft in Deal for East Side Tenements -- Riverside Drive Purchase -- Gold Street Investment -- Astor Leasehold Renewed by Greenhut Company -- Buys Irvington Estate.,Archives,Archives,0,0.0,0.0,0.0,1.0,0.0,0.0,0.0,construction
nyt://article/00826700-dd34-590d-9c9d-f6550b5ee041,1915-03-14,1915,"LATEST DEALINGS IN THE REALTY FIELD; Another Upper East Side Private Dwelling, Assessed at $103,000, Sold to Investor. ALTER VANDERBILT MANSION East Side New-Law Tenement Traded for a West Side Flat -- Remington Place Sold.",Archives,Archives,0,0.0258,0.031,0.0,0.969,0.0,0.0,0.0,construction
nyt://article/1a04dc72-c244-574b-98d6-06e7f777afe8,1915-04-21,1915,"MAYOR MAY VETO THE LOCKWOOD BILL; Tells Upper Manhattan Property Owners the Measure Is Faulty. MARKS URGES HIM TO SIGN All Five Borough Heads Are in Favor of It, He Says -- Mitchel Criticises Legislature.",Archives,Archives,0,-0.6486,0.044,0.132,0.824,0.0,0.0,0.0,construction
nyt://article/b2626ead-bcf0-55e1-9100-24fba368cb8e,1915-08-19,1915,DR. GOULD KILLED BY A HORSE'S KICK; Ex-New York City Chamberlain Dies from Injury Received in the Rockies. MODEL TENEMENT LEADER Author of Books on Social and Economic Subjects and Member of Many Societies.,Archives,Archives,0,-0.8074,0.0,0.154,0.846,0.0,0.0,0.0,reform
nyt://article/329d0515-4909-5566-9525-b6211e80c199,1916-02-20,1916,"Small Investors Buying Manhattan and Bronx Tenement House Property.; SUBURBAN MARKET ACTIVE Big Plot at Manhattan Beach Purchased as Site for Apartment Hotel to Cost $250,000. ",Archives,Archives,0,0.4019,0.097,0.0,0.903,0.0,0.0,0.0,construction
nyt://article/654a2dc8-d735-5702-b69f-b00b1e4ab1ad,1916-03-26,1916,"LATEST DEALINGS IN THE REALTY FIELD; Operators Buy Audubon Avenue Apartment, Giving East Side Tenement in Part Payment. MONTCLAIR DWELLING SOLD $75,000 Store Lease in Times Square Section -- Bronx and Suburban Deals. ",Archives,Archives,0,0.3612,0.101,0.0,0.899,0.0,0.0,0.0,construction
nyt://article/e3fb52c7-ea30-5e91-b968-41a5333ff07c,1916-06-05,1916,"SEES PERIL TO CITY IN CHEMISTS' SHOPS; Commissioner Adamson Tells of Many Blazes Caused by Experimenters Here. AMATEURS IN TENEMENTS More Laboratoris in New York Now Than Ever Before, Due to Demands Created by War.",Archives,Archives,0,-0.9062,0.037,0.263,0.7,0.0,0.0,0.0,construction
nyt://article/0b5ead5e-af03-5c07-9809-d949028c6bda,1916-07-13,1916,NOTED SCIENTISTS ORGANIZE TO CURB INFANT PARALYSIS; Many Celebrated Physicians Join the Mayor's New Advisory Board. 17 DEATHS; 162 NEW CASES Heavy Losses to Landlords as Tenement Dwellers Flee Infected Houses. HUNDREDS MORE ARRESTED Magistrates in Manhattan Alone Impose Fines on 340 Persons in Sanitary Cases. ORGANIZE TO CURB INFANT PARALYSIS,Archives,Archives,0,-0.5709,0.109,0.169,0.721,0.01087,0.0,1.0,reform
nyt://article/a29e0cd1-e99f-55ac-b20e-d15c1e48b5e0,1916-11-05,1916,"$50,000,000 PLAN TO BUILD MODEL CITY IN QUEENS BOROUGH WILL PROVIDE FOR NEW YORK CITY'S GREAT NEEDLE INDUSTRIES; Plans Prepared by Degnon Terminal Company Call for Erection of 600-Foot Factory Buildings and Model Tenements of Unique Design to House 60,000 Workers -- Site Adjacent to Queensboro Bridge Plaza, the Fastest Growing Factory Centre in the State.",Archives,Archives,0,0.7717,0.127,0.0,0.873,0.0,0.0,0.0,reform
nyt://article/f57e6e50-3453-572a-95d3-0fcf0843df9e,1916-12-03,1916,HURT AS THEY JUMP IN TENEMENT FIRE; Six Ambulances Called to Aid Persons Trapped in East Houston Street. FIREMEN LOOK FOR BODIES Fear All Did Not Escape from Flames That Swept Crowded East Side Building.,Archives,Archives,0,-0.9172,0.0,0.285,0.715,0.0,0.0,0.0,construction
nyt://article/d5274c48-7c83-5224-a8e1-8b7546bd75a0,1917-01-14,1917,"LATEST DEALINGS IN THE REALTY FIELD; Builder Buys $200,000 Central Park West Corner for Apartment Improvement. BIG DYCKMAN TRACT SALE J. Clarence Davies Purchases Ten Lots on Jerome Avenue;-East Side Residence Deal. Increases Dyckman Holdings. Buys Seventy-ninth Street Residence. Harlem Dwellings Resold. Tenement Investments. Davies Buys Big Bronx Corner. Buyers at Bay Shore. Sale at Scarsdale. Staten Island. Billings to Sell Virginia Farm. Commercial Leases. Private House Rentals. Typewriter Company Moves. $32,000 East Harlem Loan. Realty Notes.",Archives,Archives,0,0.4588,0.038,0.0,0.962,0.0,0.0,0.0,construction
nyt://article/f0675a51-d331-5cb3-9053-17aa7a983e3f,1917-02-25,1917,"LATEST DEALINGS IN THE REALTY FIELD; Another Dwelling on East Fifty-seventh Street Leased for Business. $40,000 FOR ALTERATIONS Tuxedo Estate Purchased by New Yorker;-Commodore Gerry's Garage Appeal Denied. E.T. Gerry Appeal Denied. City Sells Loft Building. Bell Estate at Tuxedo Park Sold. Tenement Investments. Brooklyn. Long Island. Industrial Plant for Newark. Westchester. Commercial Leases",Archives,Archives,0,-0.6908,0.019,0.1,0.881,0.0,0.0,0.0,construction
nyt://article/369076a3-ecf5-54e2-8527-45f458cdad52,1917-05-13,1917,"SEND BOROUGH CALL FOR COOPERAGE FIRE; Blaze of Barrel Material in Brooklyn Is Seen for Miles. ESTIMATED LOSS $125,000 Engine Companies from Lower Manhattan Assist;-Families Ordered from Tenements.",Archives,Archives,0,-0.7096,0.0,0.192,0.808,0.0,0.0,0.0,construction
nyt://article/92888711-77fb-5189-8786-0b4d6993e92a,1917-08-12,1917,LATEST DEALINGS IN THE REALTY FIELD; East 79th Street Dwelling Near Fifth Avenue Purchased for New Residence. ACTIVE SUBURBAN MARKET Tenement Property Investments-- Mortgage Loans on Old Downtown Buildings. Tenement Deals. Big East Side Stable. Bronx Sales. Brooklyn. Sales at Queens. Long Island. New Jersey. Westchester County. Commercial Leases. Realty Notes.,Archives,Archives,0,0.6124,0.111,0.0,0.889,0.0,0.0,0.0,construction
nyt://article/9abab7a8-7a3e-5a96-8897-c1bd0513a19f,1918-01-27,1918,LATEST DEALINGS IN THE REALTY FIELD; Lower East Side Theatre and Tenement Property Acquired by Lessee. GREAT DEMAND FOR FLATS Columbia College Leasehold Passes Into New Ownership;-Institution Buys Harlem Dwellings. Sale of Columbia College Leasehold. New Jewish Institution Buys. Tenement Sal,Archives,Archives,0,0.34,0.09,0.081,0.83,0.0,0.0,0.0,construction
nyt://article/9111b3f2-8004-5793-89d3-538f7b39dbff,1918-02-12,1918,"ADMITS HOG ISLAND CHARGES ARE TRUE; Represenative Alexander Calls on Contractors to Make Restitution to Government.CHALLENCE TO VANDERLIPSays International CorporationDirectorate Should Return'Money unlawfully Obtained.' $50,000,000 BILL HELD UP Lenroot Leads Opposition to Appropriation for Fleet Corporation Housing Project. Challenges Contractors' Patriotism. Directorate of the International.",Archives,Archives,0,0.2144,0.086,0.061,0.853,0.0,0.0,0.0,construction
nyt://article/a1d629fc-2f1f-5fee-8b66-d92eb6f7423d,1918-03-31,1918,"LATEST DEALINGS IN THE REALTY FIELD; Physician Buys West Side Residence from ColonelPear--Bailey.DEMAND FOR TENEMENTS Sale of $160,000 Residence in EastFifty-third Street--BronxApartment Deals. Costly Dwelling Sold. Manhattan-Bronx Exchange. Tenement Deal. Sold Three Times in a Week. Restaurateurs Lease More Space. Staten Island. Long Island. $80,000 Mount Vernon Sale: Commercial Leases.",Archives,Archives,0,-0.0772,0.022,0.028,0.95,0.0,0.0,0.0,construction
nyt://article/425207d7-f1df-5dea-994e-ada006f72dae,1918-04-28,1918,"LATEST DEALINGS IN THE REALTY FIELD; Front Street Block Front Purchased by an Investorfor $250,000.BUYING IN THE BRONXTwelve Manhattan and Bronx Properties Figure in One of the Year's Largest Trades. Twelve Manhattan-Bronx Properties In Trade. $85,000 Apartment Deal. Tenement Deal. Bronx Sales. Brooklyn. Westchester County.",Archives,Archives,0,-0.4404,0.0,0.062,0.938,0.0,0.0,0.0,construction
nyt://article/5bbffa6b-d3dd-5abc-b6fa-b59f50e3cb30,1918-05-19,1918,LATEST DEALINGS IN THE REALTY FIELD; Operators Are Principals in a Deal for Greene Street Building. EAST SIXTH STREET SALE Woman Investor Buys Bronx Apartment House--Demand for Suburban Holdings. Bronx Investment Purchase. East Side Tenement Buyer. Bronx Sales. Long Island. Westehester Country. Buying at Sound Beach. Commercial Leases. Recent Buyers. ,Archives,Archives,0,0.0,0.0,0.0,1.0,0.0,0.0,0.0,construction
nyt://article/a44ba583-29b7-57a9-91c7-f166405795a5,1918-09-29,1918,"LATEST DEALINGS IN THE REALTY FIELD; East Bronx Apartment House Recently Sold at Auction Is Acquired by Investor. DOWNTOWN TENEMENT SALE Buyers for Three Bronx Dwellings-- Demand for Brooklyn Residences --The Suburban Market. Cherry Street Resale. James H. Cruikshank, operator, resold to Raymond Guarini the five-story tenement at 306 Cherry Street, between Jefferson and Clinton Streets, on plot 25 by 100, assessed by the city at $11,000. Charles P. Pinto negotiated the deal. Bronx Sales. Brooklyn. Queens Borough Sales. Westchester County. New Jersey. New York Farm Buyers. Commercial Leases. A Recent Buyer. ",Archives,Archives,0,-0.128,0.0,0.016,0.984,0.0,0.0,0.0,construction
nyt://article/89e20b22-0655-516a-9b50-a3af6b786b54,1918-11-10,1918,"LATEST DEALINGS IN THE REALTY FIELD; Realty Company Buys Two Big Apartment Houses on Washington Heights.HELD AT $500,000 Block and a Half In the East Bronx Sold to ManhattanSteel Man. Robert Grant Buys Block and a Half in the Bronx. Investor Buys $80,000 New Law Tenements. Tenement Deals Cleveland Syndicate Purchases Long Island Acrage. Brooklyn. Staten Island. New Jersey. ",Archives,Archives,0,-0.5106,0.039,0.09,0.871,0.0,0.0,0.0,construction
nyt://article/c4ec7cf8-4430-5d7f-81c5-aea3e695042d,1918-12-29,1918,"LATEST DEALINGS IN THE REALTY FIELD; Two Upper East Side Houses Purchased for Alteration Into one Private Dwelling. ASSESSED AT $90,000 Quick Resale of Four East Bronx Apartments Held at $160,000-- Long Island Estate Resold. $160,000 Resale of Four East Bronx Flats. Max N. Natanson Buys Five Tenements. Operators in Two Resales. Investor Buys Greene Street Loft. Private Dwelling Buyers. Reynolds Estate Sells Loft. Harlem Tenement Sale. The Bronx Market. Brooklyn. Palmer Estate Resold at a Substantial Profit. New Jersey. ",Archives,Archives,0,0.5994,0.083,0.0,0.917,0.0,0.0,0.0,construction
nyt://article/acd13e7c-ae4f-5645-8090-805b172d0860,1919-01-09,1919,BAKER MAKES PROTEST.; Objects to Plan to Suspend Work on Housing Projects.,Archives,Archives,0,-0.8176,0.0,0.2,0.8,0.0,0.0,0.0,conflict
nyt://article/87881253-b7ac-59ba-8b02-d096860d1ee4,1919-01-25,1919,REAL ESTATE FIELD; Apartments for Gramercy Park. Sale in the Grocery District Operator Buys and Sells in West Harlem. Tenement Property in Demand. The Bronx Market. Brooklyn. Queens Borough Sales. Two New Factories for Long Island City Commercial Leases. Mayor's Committee on Taxation Completes Relief Bills. Frederick Brown Buys Another Bronx Block Front. RESULTS AT AUCTION. THE BUILDING DEPARTMENT. Alterations. REAL ESTATE TRANSFERS. Manhattan. ,Archives,Archives,0,-0.2263,0.037,0.065,0.898,0.01562,0.0,1.0,reform
nyt://article/bba7c222-b8d0-5437-9252-b09de9edbe88,1919-02-16,1919,"LATEST DEALINGS IN THE REALTY FIELD; American Lithographic Co. Buys East Side BuildingBrevoort Hall Sold.PRIVATE HOUSES IN DEMANDFrederick Brown Purchases Row ofEast Bronx Apartment Houses Held at $450,000. Brevoort Hall Sold. Operator in Five Deals. Another Maiden Lane Sale. Private Dwellings. Tenement Buyers. Sale in Dyekman District. Brooklyn. Qneensborough Sales. Long Island. ",Archives,Archives,0,0.0,0.0,0.0,1.0,0.0,0.0,0.0,construction
nyt://article/45d93336-f159-5786-8af1-71917812eba3,1919-04-27,1919,CONSTRUCTION VS. SUPPLY AND DEMAND; Cause and Effect of Present Deadlock Between Building Industry Interests. CONDITIONS HAVE CHANGED For Years Flat to Rent Signs Predominated--A New PriceLevel Established. City Real Estate Values. Bronx Housing Project. Shock to Fifth Avenue. New Flag Factory Opens. Retarded School Building. Areas of Cities. Opens New Department.,Archives,Archives,0,-0.6705,0.072,0.157,0.77,0.0,0.0,0.0,construction
nyt://article/e1a20204-5dcc-5918-84f6-b592fb0f6ef0,1919-05-23,1919,"21,000 TENEMENTS EMPTY IN NEW YORK; Most of Them in Old-Fashioned Houses That Do Not Appeal to Present-Day Tastes. BUILDING MONEY NEEDED Investors Fear to Lend Lest Future Drop in Values Leave Insufficient Security. DEFECT IN THE DODGE BILL Interior Room Feature Caused its Rejection--Landlord's Attitude Justified. Word for the Landlord. Fault of the Dodge Bill.",Archives,Archives,0,-0.6597,0.091,0.177,0.733,0.0,0.0,0.0,construction
nyt://article/0a5acdca-be0e-5fe7-8672-84ad8d758fcd,1919-08-24,1919,"OLD LAW TENEMENTS BEING REMODELED; Housing Demand Creates Market for Structures ThatCould Not Be Rented.OVER 10,000 VACANCIESElectric Lights and Other ModernImprovements Being Installedin Many East Side Houses. ",Archives,Archives,0,0.1531,0.073,0.052,0.874,0.0,0.0,0.0,reform
nyt://article/82c71674-bebc-5300-8da9-e0a166d3c166,1919-09-08,1919,THE SCREEN,Archives,Review,565,0.9911,0.109,0.057,0.834,0.0,0.0,0.0,construction
nyt://article/b22baebc-51d7-53ae-85f4-38bb520f494f,1919-10-26,1919,"CUTTING DOWN THE $316,000,000 BUDGET; The Real Estate Board of New York Criticises Various City Departments. USELESS EXPENDITURES How the Consolidation of Departments Would Save the TaxpayerMillions Every Year. The Board of Estimate. The Mayor. Finance Department. Board of Inebriety. Parole Commission. Bridges, Docks, and City Ferries. Volunteer Life Savers. Board of Health, Charities, Hospitals. Joy Ridiar. City's Rent Bill. The Courts. Education. Borough Presidents. Law Department. Tax Department. Tenement House Department. Improper Activities.",Archives,Archives,0,0.6808,0.108,0.07,0.823,0.0,0.0,0.0,reform
nyt://article/e386cf75-3be3-5b6a-bb49-dedfb71b390d,1919-11-16,1919,"LATEST DEALINGS IN THE REALTY FIELD; The Charles F. Noyes Company Buys Business Home at 118 William Street. INVOLVES ABOUT $250,000 Active Trading in Apartment Houses --Two Sales in the Chelsea Section. Investor Buys East Side Loft. Vest Thirty-fourth Street Sale. Heights Apartment Deals. Chelsea Neighborhood Deals. Hotel Royalton Deal Still Pending. Madison Avenue Purchase. Dwelling Sales. Tenement Investments. The Bronx Market. Brooklyn. Staten Island. New Jersey. Greenwich Estate Sale. Business Leases. Realty Notes.",Archives,Archives,0,0.4215,0.05,0.0,0.95,0.0,0.0,0.0,construction
nyt://article/97600765-7132-52be-bb0b-6d517082d1b9,1919-11-30,1919,"LATEST DEALINGS IN THE REALTY FIELD; The Hanover, on Park Avenue, Traded for East Side Tenement Houses. WARNER PROPERTY RESALE Two Sales on Washington Street Aggregating $175,000--Active Buying in the Suburbs. Two Purchases on Washinston Street Aggregating $175,000. Warner Sugar Refining Property Resold. Loft Transactions. Apartment House Deals. Dwelling Sales. The Bronx Market. Brooklyn. Long Island. Westchestor County. New Jersey. Commercial Leases.",Archives,Archives,0,0.0258,0.018,0.0,0.982,0.0,0.0,0.0,construction
nyt://article/40fe6487-b53e-5cb7-acbe-f12021dc01ac,1920-01-20,1920,"LOFT PROPERTY DEMAND.; $450,000 Bleecker Street Loft Bought by Heidelberg, Wolff & Co. Assembles East Side Plot. Apartment House Trading. Private Dwellings in Demand. Investor Buys Heights Taxpayer. Tenement Deals. Bronx Transactions. Active Brooklyn Market. Queens Borough Sales. Buying in Westchester County. $250,000 Apartment Lease. Commercial Leases. Sage Auction Today. Realty Notes.",Archives,Archives,0,0.1779,0.049,0.055,0.896,0.0,0.0,0.0,construction
nyt://article/b9f8e32a-6832-536d-827a-b6df3f8162f0,1920-02-06,1920,"PLANS TO HOUSE 85,000 WORKERS; Save New York Committee Proposes to Erect Model Tenements on West Side.NEAR NEW CLOTHING CENTREWould Help Solve Renting Problem and Relieve Subways--Queens Site Considered. Says Project Is Assured. Logical Place for Building. PLANS TO HOUSE 85,000 WORKERS",Archives,Archives,0,0.8402,0.247,0.053,0.7,0.0,0.0,0.0,reform
nyt://article/d1854f35-0793-527a-9e5f-b9d459d41f7d,1920-04-25,1920,CITY HOUSING PROJECTS.; St. Louis Commission Seeks to Remedy Congestion.,Archives,Archives,0,0.0,0.0,0.0,1.0,0.0,0.0,0.0,construction
nyt://article/a1e49b3f-3e22-5f52-a354-89ceb567dce7,1920-05-22,1920,East Side Tenement Sale.,Archives,Archives,0,0.0,0.0,0.0,1.0,0.0,0.0,0.0,construction
nyt://article/2b9ee7bc-0455-56b5-ae5d-0477423ad115,1920-06-08,1920,NEW HOUSING PROJECT.; Eighteen Dwellings on Sutton Place Will Be Rebuilt.,Archives,Archives,0,0.0,0.0,0.0,1.0,0.0,0.0,0.0,construction
nyt://article/639d4dff-d937-5cdd-8306-edaceef76af4,1920-06-28,1920,"FEDERAL INSPECTORS VISE BUILDING COSTS; Attempt to Release Housing Projects Reveals Root of Material Dearth. WHY NEW JOBS ARE RARE Contracts with Manufacturers Must Be Filled First, Evan at Price Sacrifices.",Archives,Archives,0,-0.5106,0.0,0.099,0.901,0.0,0.0,0.0,construction
nyt://article/598a3310-b7e8-597f-bcda-db2c7e982d89,1920-06-30,1920,FEARS CO-OPERATIVE HOUSING PROJECTS; Alderman Quinn Offers Resolution Calling for City Scrutiny of All Deals.PLEA TO MOVE MATERIALS Senator Calder Asks CommerceCommission's Aid to Ease AcuteHousing Situation.,Archives,Archives,0,-0.0772,0.083,0.092,0.825,0.0,0.0,0.0,construction
nyt://article/6dc053b3-7ace-5a3c-9a01-b4ef8a9f50d7,1920-08-07,1920,Housing Project for Employes.,Archives,Archives,0,0.0,0.0,0.0,1.0,0.0,0.0,0.0,construction
nyt://article/1b6691d6-f66d-55bf-981f-f200d18fe5be,1920-08-11,1920,TENEMENT SALES.; Small East Side Properties in Demand by Investors.,Archives,Archives,0,-0.128,0.0,0.143,0.857,0.0,0.0,0.0,construction
nyt://article/b505c55a-33a6-546c-869a-7875c7b34e10,1920-08-24,1920,THE SCREEN,Archives,Review,371,0.9715,0.134,0.078,0.788,0.0,0.0,0.0,pathology
nyt://article/9e14b924-3847-54d8-8eec-990c3328acee,1920-08-26,1920,TENEMENT PURCHASES.; Four East Side Properties Figure in Transactions.,Archives,Archives,0,0.0,0.0,0.0,1.0,0.0,0.0,0.0,construction
nyt://article/75d0e3c5-f491-5ff1-9de6-d28119ad2c20,1920-08-29,1920,PRIZE PLANS FOR REMODELING BLOCK OF NEW YORK TENEMENTS; Competition Conducted by Joint Legislative Committee on Housing and State Reconstruction Commission to Make Old East Side Structures Fit to Live In--Awards Based on Improvement of Living Condition and Cost of Work Involved,Archives,Archives,0,0.7096,0.177,0.058,0.765,0.0,0.0,0.0,construction
nyt://article/c09b1098-8ff9-5c92-9c84-ccb9fb18ed21,1920-08-29,1920,TENEMENT BUYERS.; Considerable Interest Centres on East Side Holdings.,Archives,Archives,0,0.5095,0.292,0.0,0.708,0.0,0.0,0.0,construction
nyt://article/4b8824f4-efbb-59db-ab13-b08fe0bad2f8,1920-09-08,1920,MUTUAL LIFE SELLS SEVENTEEN PLOTS; New Realty Corporation Acquires Well-Located Mahhattan and Bronx Realty.TWO IMPROVED PARCELS Third Avenue Business Building and East Side Tenements Includedin Transaction.,Archives,Archives,0,0.3612,0.091,0.0,0.909,0.03846,0.0,1.0,reform
nyt://article/bd906686-ed6d-5546-861d-01ec46212ac1,1920-09-27,1920,"$3,000,000 BLAZE SWEEPS SIX ACRES OF ASPHALT PLANT; Flaming Tar Hurled Hundreds of Yards When Great Tanks Burst. BARBER WORKS DESTROYED New York and Four Other Towns Send Aid to Firefighters in Maurer, N.J.OTHER FACTORIES MENACEDSmoke Pall Extends for Miles-- Firemen Forced to Use Searchlights at Midday. Less May Be $3,000,000. Exodus from Tenement District.",Archives,Archives,0,-0.1531,0.089,0.099,0.812,0.0,0.0,0.0,construction
nyt://article/b50738db-449a-58c3-a961-7a94a6d365d2,1920-10-03,1920,New Suburban Housing Project.,Archives,Archives,0,0.0,0.0,0.0,1.0,0.0,0.0,0.0,construction
nyt://article/0b88a2ae-1590-5832-945f-be21ea1a3c52,1920-10-19,1920,TENEMENT INVESTMENTS.; Irving Place Flat Sold--East Side and Harlem Transactions.,Archives,Archives,0,0.0,0.0,0.0,1.0,0.0,0.0,0.0,construction
nyt://article/e3b81484-c98c-5dcb-8dbd-38607a2b84f6,1920-11-07,1920,"MORE APARTMENTS TO LET IN MANHATTAN THAN THERE WERE SEVERAL YEARS AGO; Official Figures of the Tenement House Department, Bureau of Buildings and the U.S. Census Shows, the Pro Rata Supply of Housing Accommodation to Each Individual 8 Per Cent. Greater in 1920 Than in 1910",Archives,Archives,0,0.3612,0.053,0.0,0.947,0.0,0.0,0.0,construction
nyt://article/8f516475-e5ef-5520-aae5-f5d8703b1be2,1920-12-08,1920,"LATEST DEALINGS IN REALTY FIELD; Investor Buys Property in West Thirty-fourth Street Adjoining Pennsylvania R.R. Co. Plot. TWO BIG SALES ADJOURNED Property of New York City Railways Company Will Not Be Disposed Of Until Feb. 2. Two Auction Sales Adjourned. Tenement Investments. Synagague Buys in Harlem. Bronx Borough Sales. Brooklyn Activity. $800,000 Post Office Building. Commercial Leases. Realty Notes.",Archives,Archives,0,0.0,0.0,0.0,1.0,0.0,0.0,0.0,construction
nyt://article/0db9187e-1a93-5967-af25-7621d8ee869b,1921-02-04,1921,LATEST DEALINGS IN THE REALTY FIELD; Commercial Structures in Downtown Business Section Purchased by Tenants.INVESTORS BUY TENEMENTS Demand for Walk-Up Houses Continues Strong in All Sections of Manhattan. Tonement Property Sales.,Archives,Archives,0,0.4215,0.098,0.044,0.858,0.0,0.0,0.0,conflict
nyt://article/81ae36ed-7544-5813-80a7-4c504565ecfe,1921-03-07,1921,"FEARING PRICE TRAP, HOME BUILDERS ACT; Architects Reporting Sharp Revival in All Kinds of Housing Projects.GARY CHECKS STALEMATEHis Price Policy Held to HaveMarked Last Line of Material Price Reaction.",Archives,Archives,0,-0.7184,0.0,0.182,0.818,0.0,0.0,0.0,construction
nyt://article/9b3dde23-0bf5-530e-81d0-115edac64a3d,1921-03-09,1921,"RENT LAWS REPEAL IS DEMANDED HERE; Investors Say Alternative Is the Building of Houses by the City or State. SEE RECALL BY TENANTS Albany Decision Will Deflect Millions From Housing Projects,Realty Associations Declare.",Archives,Archives,0,-0.2263,0.0,0.056,0.944,0.0,0.0,0.0,conflict
nyt://article/49663ed4-977c-5a67-8bec-945197051052,1921-03-17,1921,Brooklyn Housing Project.,Archives,Archives,0,0.0,0.0,0.0,1.0,0.0,0.0,0.0,construction
nyt://article/f5d0c21a-6c27-5176-b92e-eb8c703dcebc,1921-03-23,1921,Wantagh Housing Project.,Archives,Archives,0,0.0,0.0,0.0,1.0,0.0,0.0,0.0,construction
nyt://article/2ef0185e-a388-56cc-ac3a-6bbeccfd2c26,1921-05-05,1921,AUCTION RESULTS.; Small Investors Buy East Side Tenement Properties.,Archives,Archives,0,0.0,0.0,0.0,1.0,0.0,0.0,0.0,construction
nyt://article/7e24c31f-b62d-5e08-b701-9be2ba2dcc28,1921-05-23,1921,"MANHATTAN DROPS BEHIND ON HOUSING; Accommodations for 1,100 Families Built in 1920 Was Offset by Demolitions. FAR BELOW 1919 FIGURE City is Short 600 Tenements, Equal to 20,000 Apartments, But Leads Other Cities.",Archives,Archives,0,0.0,0.0,0.0,1.0,0.0,0.0,0.0,construction
nyt://article/f76ed492-abaa-5c51-b2fc-cd9569b8b2a1,1921-07-10,1921,"BUILDING IN MANHATTAN SHOWS 20 PER CENT. DECREASE DURING FIRST HALF OF THE YEAR; Housing Shows an Increase--Plans for Forty-two Tenements Field to Cost Over $9,660,000, Against Fifteen Erected During 1920--A Sixfold Increase in Private Dwellings Estimated at an Average of About $27,000",Archives,Archives,0,0.3182,0.052,0.0,0.948,0.0,0.0,0.0,construction
nyt://article/312cbbde-9e30-5ccb-b4dc-4b9392a39eba,1921-07-21,1921,"ACTIVE DEALING IN APARTMENT HOUSES; Good Demand for Properties in Harlem and Washington Heights. BUYS LARGE GARAGE PLOT Quick Resale of the Harold, on Manhattan Avenue--ManyTenement Deals. Deal on 145th Street. Manhattan Avenue Resale. Upper Heights Sales. Tenement Investments.",Archives,Archives,0,0.6249,0.13,0.035,0.835,0.0,0.0,0.0,construction
nyt://article/2fabf15e-1362-5de8-a735-5d4bc40e8304,1921-07-24,1921,"$1,000,000 HOUSING PROJECT; Queens Realty Corporation Buy Long Island City Block Front.",Archives,Archives,0,-0.4404,0.0,0.209,0.791,0.0,0.0,0.0,construction
nyt://article/ff46a6d2-5d78-5626-8495-6f70fba74304,1921-08-06,1921,"FINANCIERS PLEDGE HOUSING MILLIONS; Eleven Corporations Advance $2,900,000 for Mortgage Loans on Small Homes. MORE LIKELY TO FOLLOW Clarence H. Kelsey Hopes to Avert Municipal or State Housing Projects. BANKERS HELD CONFERENCE Insurance and Trust Companies Join in Movement to Help Homebuilders. Bankers Decide to Aid. To Promote Home Building.",Archives,Archives,0,0.8979,0.229,0.029,0.742,0.0,0.0,0.0,construction
nyt://article/5e261089-6730-58c3-b122-cb7041728947,1921-09-17,1921,"FUMES OVERCOME 60 AS EXPLOSION ROUTS 1,500 FROM HOMES; Ammonia Vapor Floods Tenements When Engine Burstsin East Side Ice Plant.WAR VETERANS TO RESCUEMembers of 77th Division SeizeGas Masks and DragScores to Safety.MANY DROP IN THE STREET Revived by Fresh Air When ElevenAmbulances Rush to Scene--Some Policemen Overcome.",Archives,Archives,0,0.0258,0.046,0.065,0.889,0.0,0.0,0.0,construction
nyt://article/12e6b810-2429-5ae7-86b9-4a7f9fbbf2d1,1921-11-05,1921,"OPERATOR BUYS BLOCK OF HOUSES; Frederick Broun, Formerly Active Trader, Makes $800,000Purchase on WashingtonHeights. THE FAIRHOLM IS SOLD Flats and Tenements on the UpperEast Side Bought by SmallInvestors.",Archives,Archives,0,-0.0516,0.085,0.092,0.823,0.0,0.0,0.0,construction
nyt://article/98a404ee-890b-57a0-82ab-fc12cca2f37b,1921-11-19,1921,East Side Tenement Sold.,Archives,Archives,0,0.0,0.0,0.0,1.0,0.0,0.0,0.0,construction
nyt://article/8138d729-174c-58ac-b75a-4891417ff7d1,1921-11-29,1921,East Side Tenements Resold.,Archives,Archives,0,0.0,0.0,0.0,1.0,0.0,0.0,0.0,construction
nyt://article/855cb3eb-a1fc-53e8-abf6-c30c52867a48,1921-12-08,1921,East Side Tenement Deal.,Archives,Archives,0,0.0,0.0,0.0,1.0,0.0,0.0,0.0,construction
nyt://article/e3390c03-820b-55ba-911b-6669d34a3297,1921-12-29,1921,East Side Tenement Sold.,Archives,Archives,0,0.0,0.0,0.0,1.0,0.0,0.0,0.0,construction
nyt://article/8362b19c-cb6f-59f3-af7d-2b06003a6bd1,1922-01-04,1922,"21 FIRES IN NIGHT DUE TO COLD WAVE; About Sixty Families Are Forced to Streets--Sixty Alarms in Manhattan Yesterday. LITTLE GIRL IS BURNED Her Clothes, Ignited by Candle, Fire Tenement--$25,000 Blaze In Garage.",Archives,Archives,0,-0.7579,0.0,0.2,0.8,0.0,0.0,0.0,construction
nyt://article/d363c9c4-1269-5b81-af7f-43c01d4ad2cf,1922-01-14,1922,"LATEST DEALINGS IN REALTY FIELD; Active Trading by Operators and Small Investors in Apartments and Tenements.$310,000 SALE ON HEIGHTS Operator Buys East 34th StreetFlats--$500,000 Loan on Lexington Avenue Apartment House. East Side Deals. $500,000 Apartment Loan.",Archives,Archives,0,0.4019,0.072,0.0,0.928,0.0,0.0,0.0,construction
nyt://article/6cad12e5-78ee-56fa-8842-ea6d121135a4,1922-01-25,1922,"COUNCIL ENDORSES UNTERMYER PLAN; Building Trades Committee Approves ""in Principle"" LowRent Housing Project.SHARP RETORT TO PEABODY Mr. Untermyer Questions InsurancePresident's Conception of an ""Intelligent Man.""",Archives,Archives,0,0.7964,0.269,0.0,0.731,0.0,0.0,0.0,construction
nyt://article/567374a0-e238-5021-8b06-463084a24cea,1922-01-28,1922,LATEST DEALINGS IN REALTY FIELD; Joseph G. Abramson Purchases Six East Side Tenements From Williams Estate. BUYS INTEREST OF HEIRS Henry D. Greenwald Takes Over Interest in Two Heights Apartments and Two Midtown Lofts.,Archives,Archives,0,0.7184,0.158,0.0,0.842,0.0,0.0,0.0,construction
nyt://article/e8303def-cc96-5e7c-9df4-ec6cd50d12ca,1922-01-29,1922,URGES TENEMENT HOUSE ERECTION; Realtor Says New Buildings Do Not Provide Worker With Moderate-Priced Rooms.THE EAST SIDE SITUATIONRestricted Immigration Has LeftCold-Water Flats Vacant--LawRetards Alterations.,Archives,Archives,0,0.0,0.0,0.0,1.0,0.0,0.0,0.0,construction
nyt://article/40981fa6-9f4d-53b1-8985-2dd337aaea7f,1922-02-04,1922,"LATEST DEALINGS IN REALTY FIELD; New Owners Acquire Variously Located Manhattan Tenement House Properties. RESALE ON SIXTH AVENUEOperators Dispose Of Eleven Buildings on Tenth Street CornerHeld at $145,000.",Archives,Archives,0,0.0,0.0,0.0,1.0,0.0,0.0,0.0,construction
nyt://article/15af3dd1-80ce-506b-b5d2-f2a22d573275,1922-02-14,1922,TENEMENT HOUSE DEALS.; Investor Buys Two East Side Houses in Resale.,Archives,Archives,0,0.0,0.0,0.0,1.0,0.0,0.0,0.0,construction
nyt://article/51d4950b-d59c-5c2f-88a9-e54d014eabe9,1922-03-10,1922,"FINDS COUNTRY BABY IN GREATEST PERIL; New York Tenement Infant Has Better Chance of Surviving, Says Dr. Baker.RURAL DEATH RATE HIGH, Conditions in This State Appalling,Physician Asserts, Asking Support for Maternity Bill.",Archives,Archives,0,0.7506,0.307,0.145,0.548,0.0,0.0,0.0,construction
nyt://article/44140c43-4f34-5ae0-8149-31d82dfa8958,1922-03-15,1922,East Side Tenement Sold.,Archives,Archives,0,0.0,0.0,0.0,1.0,0.0,0.0,0.0,construction
nyt://article/5ec5b2b0-1846-5bc3-80fb-e1036984cc7e,1922-03-21,1922,LATEST DEALINGS IN REALTY FIELD; Manhattan and Bronx Tenements and Private HousesFigure in Light Trading.BUY BRONX DWELLING SITESBuilder Will Erect Private Residences on Carpenter Avenue PlotHeld for Forty Years.,Archives,Archives,0,0.0258,0.038,0.0,0.962,0.0,0.0,0.0,construction
nyt://article/1b96b6d9-3535-5e72-814f-235e2b8c3036,1922-04-13,1922,Two Bombs Wreck East Side Tenement; Score of Sleeping Persons Hurt in Crash,Archives,Archives,0,-0.8402,0.0,0.474,0.526,0.0,0.0,0.0,construction
nyt://article/2817d12d-71b9-5de7-b8ec-331543e74dd6,1922-04-18,1922,"LATEST DEALINGS IN REALTY FIELD; West End Avenue Corner Building Traded by Frederick Brown for Country Estate.DEAL INVOLVES $400,000Actor Estate Sells More East SideTenements--ApartmentHouse Trading.",Archives,Archives,0,0.0,0.0,0.0,1.0,0.0,0.0,0.0,construction
nyt://article/059fef21-30f6-5f1d-9f70-bad1c7efd57c,1922-04-21,1922,"LATEST DEALINGS IN REALTY FIELD; Demand for Business and Apartment Properties in Bronxa Market Feature.BURN SIDE AV. TAX PAYER SOLDJoseph G. Abramson Buys ThreeEast Side Tenements Near SecondAvenue Held at $50,000.",Archives,Archives,0,-0.128,0.0,0.048,0.952,0.0,0.0,0.0,construction
nyt://article/b0bfa2e4-d5b1-5dd5-8887-d13340d254c2,1922-04-24,1922,"WARTIME TRAITS IN BUILDING OUTLOOK; Labor Shortage, Material Scarcity and Higher Construction Costs Expected.SPECULATORS SLOW UP Metropolitan Housing ProjectChecks Private Work as Commercial Building Gains.",Archives,Archives,0,0.1027,0.088,0.073,0.839,0.0,0.0,0.0,construction
nyt://article/7158cf65-dbe3-5c83-b676-6f4c0d57632f,1922-05-12,1922,TENEMENT HOUSE DEALS.; Several Multifamily Houses in Manhattan Change Ownership.,Archives,Archives,0,0.0,0.0,0.0,1.0,0.0,0.0,0.0,construction
nyt://article/e7bf4385-d101-5a88-ab30-e76075b43c09,1922-05-15,1922,LATEST DEALINGS IN REALTY FIELD; Active Trading in Manhattan and Bronx Tenement Properties by Operators and Investors.,Archives,Archives,0,0.4019,0.144,0.0,0.856,0.0,0.0,0.0,construction
nyt://article/5011c6ed-437f-5fa4-9125-441ec34a34b6,1922-06-18,1922,NEWARK HOUSING PROJECT.; Site Purchased for Fifteen ThreeFamily Houses.,Archives,Archives,0,0.0,0.0,0.0,1.0,0.0,0.0,0.0,construction
nyt://article/d8ed91ec-e80a-5fba-bc86-3529301d05e7,1922-06-22,1922,LATEST DEALINGS IN REALTY FIELD; Trading in Manhattan Tenement House Properties Features the Market.OLD ASTOR HOLDING RESOLDTenants Purchase Two Tenth Avenue Houses--Builders to Improve Dyckman Corner. Builders Buy Dyckman Corner. Commercial Leases. Packers Buy Block Front.,Archives,Archives,0,0.0,0.073,0.073,0.854,0.0,0.0,0.0,conflict
nyt://article/847ef4b3-81a8-5559-9cb6-de0e3a55fbea,1922-07-04,1922,"LATEST DEALINGS IN REALTY FIELD; Investor Buys the Gotham, West Forty-Ninth St. Apartment, Held at $180,000. MANHATTAN AV. CORNER DEAL Mauport Realty Company Resells Six-Story Tenement--Trading in Private Houses. Manhattan Avenue Corner Resold. Private House Sales.",Archives,Archives,0,0.0,0.0,0.0,1.0,0.0,0.0,0.0,construction
nyt://article/fb0aef20-9311-5312-928e-cc7901c53c50,1922-07-07,1922,"$5,000,000 IN LOANS.; Metropolitan Life Insurance Company Finances Housing Projects.",Archives,Archives,0,0.0,0.0,0.0,1.0,0.0,0.0,0.0,construction
nyt://article/7347e11a-fbd3-50b9-ba47-d7ccaa2a3770,1922-08-29,1922,LATEST DEALINGS IN REALTY FIELD; Purchase of Apartment House Properties Is Feature of Light Trading. TWO MANHATTAN AV. DEALS Investor Buys Building Adjoining 120th St.--Tenement and Private House Sales in Bronx.,Archives,Archives,0,0.0,0.0,0.0,1.0,0.0,0.0,0.0,construction
nyt://article/a5fc3793-e5c3-52f9-885a-c0144ac8c2cd,1922-08-31,1922,BLAZING TENEMENT STIRS MOVIE CROWD; Panic in an East Side Theatre Averted by Manager's Address to Audience.SEVERAL RESCUES MADE Man and Wife Leap From Red Hot Fire Escape--Woman'sLeg Broken.,Archives,Archives,0,-0.7783,0.063,0.277,0.659,0.0,0.0,0.0,construction
nyt://article/22a2ae68-053c-5e99-825d-da75c29dc6c6,1922-10-22,1922,"20 DEAD, TRAPPED IN TENEMENT BLAZE ON UPPER EAST SIDE; Rescue Parties Take Out Six Bodies and Search Ruins for Others. 24 FAMILIES IN PERIL Many Badly Burned Making Escape Into Lexington Av. and 110th Street. CHILDREN AMONG VICTIMS Three of Them Are Dead and Six Missing--All City Ambulances Summoned. Homes Thrown Open. Autoist Discovers Fire. 20 DEAD, TRAPPED IN TENEMENT BLAZE Drop Despite Warnings. More Apparatus Called.",Archives,Archives,0,-0.979,0.098,0.36,0.542,0.0,0.0,0.0,construction
nyt://article/a16fb2b3-82aa-555b-ade5-a44569af080a,1922-11-04,1922,"LATEST DEALINGS IN REALTY FIELD; Metropolitan Life Insurance Co. Buys Tract at Woodside, L. I., for Ten Tenements. PART OF HOUSING PROGRAM Trading Indicates Strong Demand for Apartment House Properties in Manhattan.",Archives,Archives,0,0.4215,0.095,0.043,0.862,0.0,0.0,0.0,construction
nyt://article/437a6747-b8d5-541c-be74-f85f9d01f5e0,1922-11-06,1922,"BUILDERS BUY CARS TO HAUL STEEL HERE; Fred T. Ley Company Spends $50,000 for Railroad Equipment to Move Material.HOUSING PROJECT STOPSFurther Embargoes Will Tie Up$300,000,000 Worth of Work--Investors Demand Relief.",Archives,Archives,0,0.4404,0.134,0.046,0.821,0.0,0.0,0.0,reform
nyt://article/27de9578-91f5-535b-9bf7-04738d201e96,1922-12-09,1922,"$1,000,000 NEWARK TRADE.; Purchase of Ambassador by Investor Involves Housing Project.",Archives,Archives,0,0.0,0.0,0.0,1.0,0.0,0.0,0.0,construction
nyt://article/48f3459f-18d7-556a-a7cd-3b96d4720a6e,1922-12-31,1922,CITY OF NEW YORK A POOR LANDLORD; Sets Bad Example for Landlords in Maintenance ofCity-Owned Tenements.DISREGARDS EXISTING LAWSTaxpayers' Association Calls Attention to Bad Condition of aBlock in Brooklyn.,Archives,Archives,0,-0.8779,0.0,0.288,0.712,0.0,0.0,0.0,construction
nyt://article/d59db8d8-a97f-5cc6-97f1-f85c5dd1bc92,1923-01-05,1923,"FAMILY STARVING, BABY DEAD IN BED; Father Dying of Tuberculosis Found by Police on Sixth Floor of East Side Tenement. _______ i",Archives,Archives,0,-0.9538,0.0,0.325,0.675,0.0,0.0,0.0,construction
nyt://article/0535d3cc-c6dc-52b2-bc93-44c78b90686a,1923-04-16,1923,"INVESTING BUILDERS DISLIKE HIGH COSTS; $4,231,000 Worth of Housing Projects Held Up in One Week Indefinitely.",Archives,Archives,0,-0.4404,0.069,0.173,0.758,0.0,0.0,0.0,construction
nyt://article/e8df45e9-b05c-53d2-a10c-c4809c18c586,1923-06-01,1923,"TENEMENTS IN DEMAND.; Investors Purchase ""Multi-Family Houses in Manhattan.",Archives,Archives,0,-0.128,0.0,0.158,0.842,0.0,0.0,0.0,construction
nyt://article/beebb776-48c6-51d3-a1b4-d77fdd101481,1923-07-15,1923,"BACK NEW ROCHELLE HOUSING PROJECT; Iselin Supports Corporation Which Eschews Profits in Erecting Dwellings. THINK PLAN MAY END CRISIS $12,000 Homes to Cost Only $7,500 -- To Build Twenty Houses In Stephenson Park.",Archives,Archives,0,0.1012,0.112,0.092,0.795,0.0,0.0,0.0,crisis
nyt://article/b0800a94-02bf-52e5-a2f7-d8056b22ca87,1923-07-29,1923,"LATEST DEALINGS IN REALTY FIELD; New Owner for Six-Story Apartment on Edgecombe Avenue Corner. WAS HELD AT $250,000 Investors Buy Apartments on the East Side -- Brewers Sell Tenement House.",Archives,Archives,0,0.0,0.0,0.0,1.0,0.0,0.0,0.0,construction
nyt://article/89a01281-e873-529d-ac6d-f19b532cc942,1923-08-12,1923,THIS EAST SIDE LANDLORD ENCOURAGES BIG FAMILIES; Max Dick's Tenement House in Rivington Street Holds the Record With 225 Children -- How the Immigrant Boy Rose to Be a Property Owner.,Archives,Archives,0,0.4404,0.081,0.0,0.919,0.0,0.0,0.0,construction
nyt://article/ec97c128-08e2-55b5-95fe-70a2a73420c4,1923-09-15,1923,TENEMENT HOUSE DEALS.; East Side Properties Bought by Investors.,Archives,Archives,0,0.0,0.0,0.0,1.0,0.0,0.0,0.0,construction
nyt://article/41c17524-51cd-5195-a602-09a9c911d893,1923-09-19,1923,TENEMENT HOUSE BUYERS.; Operators Resell East Side Property Housing Twenty Families.,Archives,Archives,0,0.0,0.0,0.0,1.0,0.0,0.0,0.0,construction
nyt://article/dc560e29-30c0-5955-b5f1-f57bf3420072,1923-11-10,1923,LATEST DEALINGS IN REALTY FIELD; Operators Purchase Four Six-Story Tenement Houses on the East Side.,Archives,Archives,0,-0.4404,0.0,0.127,0.873,0.0,0.0,0.0,construction
nyt://article/81d5460c-06f1-5296-9718-19a1fa3459a6,1923-11-11,1923,LATEST DEALINGS IN REALTY FIELD; Trading Indicates Demand for Tenement Houses in Manhattan.,Archives,Archives,0,-0.128,0.0,0.073,0.927,0.0,0.0,0.0,construction
nyt://article/684c10cf-bc4b-5dda-96a6-b5d25e2b12fd,1923-11-23,1923,TENEMENT HOUSE DEALS.; Operator Sells Two East Side Tenement Properties.,Archives,Archives,0,0.0,0.0,0.0,1.0,0.0,0.0,0.0,construction
nyt://article/ef14ce07-3df8-56ab-8379-2273a288c36d,1923-12-09,1923,GIRL WITH PAYROLL HELD OP ON STREET; Cashier Battles With Youth and Pursues Him in East Side Crowd. LOSES HIM IN TENEMENT Streams Fall to Bring Police to Her Aid in Bold Daylight Robbery.,Archives,Archives,0,-0.34,0.113,0.161,0.726,0.0,0.0,0.0,pathology
nyt://article/923b4ad1-0532-5fba-8837-04534e3cf464,1924-01-28,1924,THE SCREEN; Mae Murray as Two Sisters.,Archives,Review,1558,0.9958,0.164,0.072,0.763,0.0,0.0,0.0,construction
nyt://article/a63bdf0f-2818-55fb-a272-b51cf5762f02,1924-02-19,1924,"13 DIE IN TENEMENT FIRE ON EAST SIDE, LAID TO PYROMANIAC; Flames, Starting in Hallway, Sweep Five-story Building in Madison Street. 7 OF THE VICTIMS CHILDREN All Trapped by Flames or Suffocated in Beds -- Police Make Many Rescues. GIBBERING MAN DETAINED Ran From Building as the Fire Broke Out, Say Police -- Charred Baby Carriages in Entrance. 13 DIE IN TENEMENT FIRE ON EAST SIDE",Archives,Archives,0,-0.9716,0.025,0.29,0.685,0.0,0.0,0.0,construction
nyt://article/d8ddb2dc-c04d-52db-baae-5b8308f00bae,1924-06-06,1924,TENEMENTS IN DEMAND.; Multifamily Houses In Manhattan Change Ownership.,Archives,Archives,0,-0.128,0.0,0.158,0.842,0.0,0.0,0.0,construction
nyt://article/6dc65aa5-5499-5984-82d8-2e161bf9c9af,1924-07-29,1924,THE SCREEN,Archives,Review,1402,0.9991,0.183,0.03,0.787,0.0,0.0,0.0,construction
nyt://article/8915f7d4-2317-5255-8f5d-b26e0404f56e,1924-07-29,1924,LATEST DEALINGS IN REALTY FIELD; Tenement House Deals a Feature of Scattered Trading in Manhattan.,Archives,Archives,0,0.0,0.0,0.0,1.0,0.0,0.0,0.0,construction
nyt://article/dd861dbc-5287-548a-8d11-8c8cc53a10ae,1924-08-03,1924,IT'S ALL PLAY AND NO WORK AT THE FEDERATION SCHOOLS; Fourteen Centres in New York Trying to Solve Problem of What to Do With the Tenement Child in Vacation Time,Archives,Archives,0,0.1779,0.142,0.105,0.753,0.0,0.0,0.0,construction
nyt://article/99252b4a-b420-568f-af5b-38829156e725,1924-08-28,1924,LATEST DEALINGS IN REALTY FIELD; Bronx and Manhattan Investors Continue to Purchase Tenement Houses.,Archives,Archives,0,0.4588,0.143,0.0,0.857,0.0,0.0,0.0,construction
nyt://article/cc40ab56-2638-5c9c-be79-61adea53662a,1924-09-03,1924,LATEST DEALINGS IN REALTY FIELD; Tenements and Private Dwellings Figure In the Trading in Manhattan. SALE ON LENOX AVENUE Builders File Plans for Three New Apartment House Operations.,Archives,Archives,0,0.0,0.0,0.0,1.0,0.0,0.0,0.0,construction
nyt://article/535765d1-943b-536d-b885-3a14f2e781d1,1924-09-05,1924,LATEST DEALINGS IN REALITY FIELD; Tenement House Trading in Manhattan Led by Operators.,Archives,Archives,0,0.0,0.0,0.0,1.0,0.0,0.0,0.0,construction
nyt://article/34f6a609-caeb-553d-864c-84fab116a1c8,1924-09-21,1924,"GANGSTER SLAIN, GIRL FRIEND HELD; Body of East Side Criminal Is Discovered in Hallway of a Tenement House.",Archives,Archives,0,-0.0772,0.179,0.187,0.634,0.0,0.0,0.0,pathology
nyt://article/632917d8-5796-5bb1-b635-d788cb78cbd1,1924-10-18,1924,LATEST DEALINGS IN REALITY FIELD; New Owner for Two Tenement Houses Occupying a Block Front on East Side.,Archives,Archives,0,-0.4404,0.0,0.097,0.903,0.0,0.0,0.0,construction
nyt://article/645554c9-90f4-5493-a0ef-7c9f3c331bbf,1924-10-23,1924,LATEST DEALINGS IN REALTY FIELD; The City and Suburban Homes Company Buys Model Tenements oil the East Side. SOLD BY THE PRESBYTERIAN Trading Indicates a Demand for Private Residences in Manhattan.,Archives,Archives,0,-0.128,0.0,0.04,0.96,0.0,0.0,0.0,reform
nyt://article/f400f4b9-a61a-58aa-8b10-e2895e2c7a21,1924-10-30,1924,"LATEST DEALINGS IN REALTY FIELD; The Northdale Apartment on Washington Heights Sold to an Operator. WAS HELD AT $275,000 Tenement Properties in Demand -- Residences in Manhattan Bought for Occupancy.",Archives,Archives,0,-0.128,0.0,0.048,0.952,0.0,0.0,0.0,construction
nyt://article/bb34bddf-43d3-53df-a19a-860c670a9e38,1924-11-23,1924,LATEST DEALINGS IN REALTY FIELD; Tenement House Sales in Manhattan Lead Light Trading.,Archives,Archives,0,0.0,0.0,0.0,1.0,0.0,0.0,0.0,construction
nyt://article/5e26bd35-3dd2-5f97-947c-f2d52c470b38,1924-12-21,1924,150 FAMILIES DRIVEN INTO COLD BY FIRE; Smoke From East Side Factory Fills Tenements and Occupants Forced to Flee.,Archives,Archives,0,-0.6597,0.0,0.162,0.838,0.0,0.0,0.0,construction
nyt://article/91201e48-9bdf-52b7-850f-f1cf4a66c3c1,1925-01-01,1925,LATEST DEALINGS IN REALTY FIELD; Former Bourke Cockran Holding on Third Avenue Sold to a Moving-Picture Syndicate. BUYERS PLAN ALTERATIONS Tenement House Properties In Manhattan Acquired for Investment -- Tenth Avenue Deal.,Archives,Archives,0,0.0,0.0,0.0,1.0,0.0,0.0,0.0,construction
nyt://article/b3e1970a-d82f-5ec8-adc3-02132228bd4f,1925-01-06,1925,RESULTS AT AUCTION.; Tenements In Manhattan Sold In Liquidation.,Archives,Archives,0,0.0,0.0,0.0,1.0,0.0,0.0,0.0,construction
nyt://article/94150f02-441b-53c2-ba45-2009343ff442,1925-01-25,1925,"LATEST DEALINGS IN REALTY FIELD; Operator Buys Large Plot in West 42d St. From Consolidated Gas Company. WAS HELD AT $200,000 Several Tenement Properties in Manhattan Sold -- The Bronx Market.",Archives,Archives,0,0.802,0.163,0.0,0.837,0.0,0.0,0.0,construction
nyt://article/6f1f7185-e586-506a-8360-2d955c70b9e9,1925-02-11,1925,BUY SUBURBAN TRACTS FOR HOUSING PROJECTS; Flushing Landmark in Big Improvement -- To Develop Springfield and Staten Island Sites.,Archives,Archives,0,0.5106,0.202,0.0,0.798,0.0,0.0,0.0,construction
nyt://article/08d147aa-6df8-5a15-9c95-b75aed39c567,1925-03-22,1925,"FIREMEN RESCUE 20 IN EAST SIDE BLAZE; Woman Who Feared Rats Was Awakened by a Gnawing Sound Caused by Crackling Flames. CAUSE NOT DETERMINED Tenants Report Hearing Explosion, Smelling Powder or Oil Fumes, and the Firing of 5 Shots.",Archives,Archives,0,-0.5324,0.065,0.171,0.764,0.0,0.0,0.0,conflict
nyt://article/aa2b5d2b-caed-5557-88fe-e33580a5c075,1925-03-23,1925,"5 DIE, 4 SCORCHED IN TENEMENT FIRE SET BY PYROMANIAC; Two Mothers Perish With Their Children in an East Side Blaze. THRILLING RESCUES MADE Patrolman Monohan Risks His Life Climbing Fire Escape Wrapped in Flames. FIVE SUSPECTS RELEASED Three More Suspicious Fires in the Neighborhood Start Police Search -- Tenants in Fear.",Archives,Archives,0,-0.902,0.097,0.262,0.641,0.0,0.0,0.0,conflict
nyt://article/e6bd1c45-67c7-567d-9d34-cf83132e9dc3,1925-03-29,1925,NEW BRONX PLANS FILED FOR HOUSING PROJECTS; Builders to Erect a Tenement and Many Small Private Houses.,Archives,Archives,0,0.0,0.0,0.0,1.0,0.0,0.0,0.0,construction
nyt://article/350b66ab-3567-5dbf-bbd1-4e1c12bca6a2,1925-04-22,1925,"UNIONS PLAN START ON HOUSING PROJECT; Needle Trades to Break Ground June 1 for $2,000,000 Cooperative Building. TO OCCUPY BLOCK IN BRONX Will Combine Best Features of Standard Oil and Metropolitan Life Developments.",Archives,Archives,0,0.3182,0.086,0.059,0.855,0.0,0.0,0.0,construction
nyt://article/f4b2bf4f-716a-5186-a07d-11c6c77f5a85,1925-04-26,1925,"$2,500,000 for West Side Hotel and Housing Projects",Archives,Archives,0,0.0,0.0,0.0,1.0,0.0,0.0,0.0,construction
nyt://article/1d8f73ac-c04f-5c8e-a6cd-df4b20e3b06b,1925-06-22,1925,SHIP BOARD TO SELL LAST HOUSING PROJECT; Will Dispose of Portsmouth Buildings -- Tenants Expected to Buy Most.,Archives,Archives,0,0.0,0.0,0.0,1.0,0.0,0.0,0.0,conflict
nyt://article/38a6c0a0-9d98-578a-b1d2-aa5592f29ac7,1925-07-22,1925,ALL POLICE BELOW 14TH ST. JOIN HUNT FOR A MISSING BOY; Comb East Side Tenements Aided by Forty Detectives for Robert Perles.,Archives,Archives,0,-0.296,0.08,0.159,0.761,0.0,0.0,0.0,construction
nyt://article/dfb5a8f7-d31a-535c-a8dd-cb19a72da293,1925-12-17,1925,SECOND AV. FLATS FIND READY BUYERS; Trading There Features the Demand for Tenements on the East Side.,Archives,Archives,0,0.25,0.132,0.079,0.789,0.0,0.0,0.0,construction
nyt://article/f73fa280-3f96-5fbf-96c3-165959f151a7,1925-12-18,1925,EAST SIDE TENEMENTS FIND READY BUYERS; Several Second Avenue Multi-Family Houses Figure in Manhattan Trading.,Archives,Archives,0,0.3612,0.152,0.0,0.848,0.0,0.0,0.0,construction
nyt://article/f978e9ce-7fa2-59f0-b20d-bd9c27fc90e8,1926-01-13,1926,"DEFENDS OPERATION OF TENEMENT LAW.; Commissioner Martin Insists It Is Being Well Enforced in the Bronx. ASKS AID OF MAGISTRATES Only Four Old Violations Pending, He Says -- Lacks Full Data on Manhattan and Brooklyn.",Archives,Archives,0,-0.6369,0.036,0.108,0.856,0.0,0.0,0.0,construction
nyt://article/91c5dc2b-05c6-5fc1-b4e5-ae939d1d9466,1926-01-17,1926,"FINDS LITTLE EXCESS OF NEW HOMES HERE; Commissioner Martin Reports Vacancies Have Decreased Except in Manhattan. SEES NO OVERBUILDING Despite Fears, Other Boroughs Have Absorbed Nearly All of ""New Law Tenements."" PROBLEM OF MANHATTAN Workers Refuse to Live in Old Buildings Once Taken by the Immigrants, Survey Says.",Archives,Archives,0,-0.5815,0.04,0.122,0.839,0.0,0.0,0.0,construction
nyt://article/7ecb5d96-7453-5b9a-b997-ef8f1914190e,1926-01-27,1926,WENK IN TWO DEALS.; Sells Bronx Flat and Buys Manhattan Tenement.,Archives,Archives,0,0.0,0.0,0.0,1.0,0.0,0.0,0.0,construction
nyt://article/3a44556b-c8cd-53e5-9d0e-b0415215673a,1926-02-12,1926,"SAGER BUYS FLATS VALUED AT $650,000; Two Six-Story Apartments on Fort Washington Avenue Sold to Operator. TAKE IN A BLOCK FRONT More Tenement Properties in Manhattan Figure in the Trading.",Archives,Archives,0,0.0,0.086,0.086,0.828,0.0,0.0,0.0,construction
nyt://article/f7e8c477-179c-5397-863c-0a996cad467c,1926-02-16,1926,TENEMENT HOUSES SOLD IN YORKVILLE; Seward W. Ehrich Adds to His Investment Holdings on the East Side. OPERATORS ACTIVE THERE Harry Miller Buys Three Flats -- More Deals in the Second Avenue Section.,Archives,Archives,0,0.4019,0.078,0.0,0.922,0.0,0.0,0.0,construction
nyt://article/78c38b92-d0f5-5556-9646-cd0b10cc8499,1926-02-28,1926,"OFFER FINANCIAL AID FOR MODEL HOUSING TO WIPE OUT SLUMS; Wealthy New Yorkers Ready to invest in New Tenements Under State Auspices. SEE PROFIT IN SOCIAL BOON Fair Return to Investor and Healthy Homes for the Poor at $12.50 a Room. FAVOR CONDEMNING SITES Smith's Program Approved, but Use of Private Funds Suggested -- Experiments a Success. OFFER FINANCIAL AID FOR MODEL HOUSING",Archives,Archives,0,0.8873,0.197,0.048,0.755,0.0,0.0,0.0,reform
nyt://article/cb468e61-6143-53ac-9100-de30e771dec7,1926-03-11,1926,MILLS SEES RUIN IN SMITH'S POLICIES; Congressman Deems State's Credit Imperilled by the Proposed Program.,Archives,Archives,0,-0.296,0.095,0.139,0.766,0.0,0.0,0.0,construction
nyt://article/491e0a46-6b2b-5ba5-a46c-5010af5aa0ae,1926-03-20,1926,EAST SIDE HOUSES SOLD TO OPERATORS; Isidor H. Kempner & Sons Add to Their Holdings in Three New Deals. SALES ALONG SECOND AV. Corner and Inside Tenements Find New Owners -- Deal Near Bing & Bing Project.,Archives,Archives,0,0.0,0.0,0.0,1.0,0.0,0.0,0.0,construction
nyt://article/2c273dfc-bb2b-5f8c-930a-d01131f546cb,1926-03-21,1926,SCHULTE CO. DEALS A MARKET FEATURE; The Irrose Realty Corporation Adds Six Flats to Its East Side Holdings. YORKVILLE FLATS IN SALES Middleboro Realty Company and Vincent Speciale Buy Tenements Private Houses Sold.,Archives,Archives,0,0.0,0.0,0.0,1.0,0.0,0.0,0.0,construction
nyt://article/77088958-6ac1-531c-972c-8a490ea23556,1926-03-28,1926,"UPPER MANHATTAN MARKET IS ACTIVE; Arrow Head Court, on Pinehurst Avenue Corner, Is Purchased for Investment. OPERATIONS IN YORKVILLE Vacant Plot on Lower West End Avenue Sold -- Good Demand for Tenements.",Archives,Archives,0,0.4404,0.15,0.099,0.751,0.0,0.0,0.0,construction
nyt://article/adda36fb-955d-5a57-9fad-a1663d6cfe43,1926-04-08,1926,OPERATORS ACQUIRE WEST SIDE HOUSES; Isaac Lowenfeld Buys a Five-Story Flat on West 151st Street. ARON CORPORATION SELLER Building on 163d Street Sold to Raymond Rubin -- East Side Tenement Deals.,Archives,Archives,0,0.0,0.0,0.0,1.0,0.0,0.0,0.0,construction
nyt://article/7b22512f-b384-5de5-b4f9-ebc6a8b2fa80,1926-04-15,1926,"WANTS GREAT FUNDS TO FINANCE HOUSING; A.M. Bing Would Have Big Endowments Invested in Building Projects. $3,500,000,000 IS AVAILABLE Tells City Housing Corporation Foundations Thus Used Would Serve Double Purpose.",Archives,Archives,0,0.6249,0.087,0.0,0.913,0.0,0.0,0.0,reform
nyt://article/bf42708b-4b18-5156-a167-0fef6e0c7d74,1926-05-08,1926,PRINCETON CAMP FOR BOYS.; Students Leave for New York to Study Tenement Conditions.,Archives,Archives,0,-0.0516,0.0,0.062,0.938,0.0,0.0,0.0,construction
nyt://article/55acf199-254e-53ca-840a-7c20be23a59b,1926-05-09,1926,"TENEMENT SALES A MARKET FEATURE; Trading Indicates a Continued Demand for Flats on the East Side. MORE SALES IN YORKVILLE Harry Hurwitz, Operator, Buys and Resells Apartments -- West Side Deals.",Archives,Archives,0,-0.128,0.0,0.048,0.952,0.0,0.0,0.0,construction
nyt://article/c2fbc08e-4a17-5e83-bbe7-eddc984031bc,1926-05-12,1926,"WORKERS LAUNCH A HOUSING PROJECT; 1,000-Room Apartment Houses to Be Built by Clothing Union Near Van Cortlandt Park.",Archives,Archives,0,0.0,0.0,0.0,1.0,0.0,0.0,0.0,construction
nyt://article/8257f1ba-1530-5ec0-a018-5267b3712b25,1926-06-13,1926,"LONG ISLAND PLOTS SOLD TO BUILDERS; Islip, Bayside, Flushing and Jamaica Properties in Housing Projects.",Archives,Archives,0,0.0,0.0,0.0,1.0,0.0,0.0,0.0,construction
nyt://article/dd705e14-4fac-5c95-aa43-327411d9a164,1926-06-13,1926,"SEEKS FUNDS TO SEND NEEDY TO THE COUNTRY; New York Association for Poor Needs' $85,351 to Run Camps for 7,000 From Tenements.",Archives,Archives,0,-0.4019,0.096,0.188,0.717,0.0,0.0,0.0,construction
nyt://article/d11d2ce8-abcb-5056-a2fb-7917434facc2,1926-06-21,1926,Dog's Barks Give Fire Alarm; 21 Are Saved; Family Pet Disappears After Timely Warning,Archives,Archives,0,-0.7783,0.151,0.389,0.459,0.0,0.0,0.0,construction
nyt://article/4c85817f-91a8-5ef2-9b14-45017bd12adb,1926-06-24,1926,PRAISES LABOR AID IN HOUSING PROJECT; Rockefeller's Architect Says Unions Have Shown Sincere Cooperation by Work. DETAILS OF MOTT. AV. PLANS Gardens to Take Up 54 Per Cent. of Ground -- 15 and 16 Foot Lengths for Some of the Rooms.,Archives,Archives,0,0.7269,0.095,0.0,0.905,0.0,0.0,0.0,construction
nyt://article/3a477ec7-16a2-5173-8e3d-049475e81f08,1926-06-26,1926,"HECKSCHER SAILS ON HOUSING MISSION; Named by Mayor as Special Emissary to Study Home Building in Europe. WOULD RAZE SLUMS HERE Plans Model Tenements on the East Side -- May Invest $1,000,000 on His Return. HECKSCHER SAILS ON HOUSING MISSION",Archives,Archives,0,0.7096,0.158,0.053,0.789,0.0,0.01754,-1.0,reform
nyt://article/478962bc-9d7a-5ec5-a5a6-2e4d5803aa47,1926-07-12,1926,"SLAIN IN CRAP GAME ON LOWER EAST SIDE; "" Judge"" Lupowitz Shot in Back Yard of Tenement at 190 Orchard Street. HAD LONG POLICE RECORD Detectives Believe the Murder Resulted From Victim's Bullying Manner.",Archives,Archives,0,-0.9432,0.0,0.296,0.704,0.0,0.0,0.0,construction
nyt://article/dc164b02-650b-5a3b-be42-a2fd96bf1766,1926-07-25,1926,"BUILDERS TAKE OVER THE HUDSON TOWERS; Harlan Construction Corporation to Complete 72d Street Hotel and Hospital. SPEND AT LEAST $1,725,000 Tenement Houses and Dwellings In Manhattan In Change of Ownership.",Archives,Archives,0,0.0,0.0,0.0,1.0,0.0,0.0,0.0,construction
nyt://article/d9c8f054-de49-5426-9d43-5a16eb762d43,1926-08-01,1926,OPERATOR RESELLS PARK AV. CORNER; Foot & Martin Buy Ninety-fifth Street Site From Samuel A. Herzog. BROADWAY PLOT IN TRADE Tenement Houses and Dwellings Figure in New Manhattan Deals.,Archives,Archives,0,0.0,0.0,0.0,1.0,0.0,0.0,0.0,construction
nyt://article/8577fefe-7e90-532b-b0ed-e3a5e0463148,1926-09-05,1926,Tenement District Movies One of New York's Sights,Archives,Archives,0,0.5106,0.18,0.0,0.82,0.0,0.0,0.0,construction
nyt://article/5f8f1db2-53a5-55b0-a2d3-117c3e8156b2,1926-11-07,1926,DO SLUM DWELLERS PREFER THE SLUMS?,Archives,Archives,0,-0.875,0.0,0.55,0.45,0.0,0.07692,-1.0,construction
nyt://article/651bf544-10ea-5691-b162-c9c369641864,1926-11-24,1926,193D ST. CORNER SOLD TO INVESTORS; Nemeryson Realty Corporation Buys Apartments on St. Nicholas Avenue. COLUMBUS AV. PURCHASE George Zauderer & Sons Acquire Tenements Near 83d St. -- Other Manhattan Deals.,Archives,Archives,0,0.0,0.0,0.0,1.0,0.0,0.0,0.0,construction
nyt://article/5b56ad3f-2d85-5d01-9b65-2f9a12cfa4e0,1926-12-03,1926,"WALKER LAUNCHES MODEL HOUSING PLAN; Names August Heckscher as Head of Group to Make Over an Entire City Block. TO RENT AT $5 A ROOM Mayor's Guests in East Side Hotel, Once Poor Boys, Now Control Billion in Realty. WALKER LAUNCHES MODEL HOUSING PLAN",Archives,Archives,0,-0.7184,0.0,0.086,0.914,0.0,0.0,0.0,reform
nyt://article/0c05a990-8973-59f0-a885-322e5bb1b0e6,1926-12-09,1926,THE SCREEN; A Cinderella of the East Side.,Archives,Review,420,0.9886,0.142,0.061,0.796,0.0,0.00263,-1.0,construction
nyt://article/39b39993-ea7c-5ec7-ab5c-05b2092c531d,1926-12-12,1926,"LONDON SHOWS US HOW TO WIPE OUT THE SLUM; Experience of the British Metropolis Holds Lessons for New York, Which Seeks a Way to Abolish its Mean Streets and Drab Tenements",Archives,Archives,0,-0.7906,0.0,0.127,0.873,0.0,0.0,0.0,construction
nyt://article/e24094b1-c303-5749-8ffa-26035273baeb,1926-12-13,1926,"WEALTHY CHILDREN AID EAST SIDE POOR; Young Helpers' League Brings Christmas Gifts to Be Distributed in Tenements. THEY SAVED FOR A YEAR Each Also Contributes a ""Mite Box"" at Meeting in Home of Mrs. John S. Rogers.",Archives,Archives,0,0.3182,0.145,0.094,0.761,0.0,0.0,0.0,construction
nyt://article/05a83c08-8cba-5ea7-bc3b-68ea850e13f7,1926-12-21,1926,Elmhurst (L.I.) Housing Projects.,Archives,Archives,0,0.0,0.0,0.0,1.0,0.0,0.0,0.0,construction
nyt://article/2a455dbb-c9c9-5e66-a002-317683659a4b,1927-01-02,1927,"EAST SIDE FACES A NEW PROBLEM; As Tenements Give Way to Business and Population Falls Off, the Young Again Alarm Their Elders ",Archives,Archives,0,-0.6249,0.0,0.203,0.797,0.0,0.0,0.0,construction
nyt://article/4543a569-e2df-5600-8ddd-87c7b5d14de0,1927-01-06,1927,Two Manhattan Housing Projects.,Archives,Archives,0,0.0,0.0,0.0,1.0,0.0,0.0,0.0,construction
nyt://article/83ef22ce-d69d-5e8b-ac79-732fc9d3f6f7,1927-01-13,1927,DOWNTOWN DEALS A MARKET FEATURE; Walflo Realty Corporation Sells Six-Story Apartment on Barrow Street. 9TH ST. RESIDENCE IS SOLD William Sittenham Buys Colonial House Near Washington Square -- Other Manhattan Sales.,Archives,Archives,0,0.0,0.0,0.0,1.0,0.0,0.0,0.0,construction
nyt://article/9e42f86d-5601-5475-8709-d40c8a487d10,1927-01-13,1927,"NEW BRONX BUILDINGS.; Carpenter Avenue Housing Project Will Cost $276,000.",Archives,Archives,0,0.0,0.0,0.0,1.0,0.0,0.0,0.0,construction
nyt://article/659b4894-85ab-5cf0-82ad-ab7b7d135dab,1927-01-16,1927,"HOUSING PROJECTS LEAD CONSTRUCTION; Commercial Undertakings Run a Poor Second in Greater New York. FEWER CONTRACTS ARE LET Harmony Prevails Between the Unions and Employers, Says The Record and Guide. ",Archives,Archives,0,0.2732,0.147,0.088,0.765,0.0,0.0,0.0,construction
nyt://article/0c8ab369-7e10-5a2c-8f92-a176431179ec,1927-01-21,1927,New Metropolitan Loans Finance Housing Projects,Archives,Archives,0,0.0,0.0,0.0,1.0,0.0,0.0,0.0,construction
nyt://article/f0d78738-9377-5ac0-89bc-319d09b8dc2a,1927-01-23,1927,PROFIT FOR OPERATOR IN TENEMENT RESALE; Charles Galewski Disposes of West Fifty-second Street Houses -- Other Deals in Manhattan.,Archives,Archives,0,0.4404,0.108,0.0,0.892,0.0,0.0,0.0,construction
nyt://article/a587d4ef-458d-53ba-9420-9e53876081ed,1927-02-06,1927,SALES IN MANHATTAN.; Tenement House Properties in Change of Ownership.,Archives,Archives,0,0.0,0.0,0.0,1.0,0.0,0.0,0.0,construction
nyt://article/d6371e0e-8f71-596f-a0c8-ec3b8ac2080d,1927-02-11,1927,"FINDS ENDOWMENTS REACH $3,500,000,000; Alexander M. Bing Urges Their Investment in Model Housing Projects.",Archives,Archives,0,0.1531,0.133,0.0,0.867,0.0,0.0,0.0,reform
nyt://article/c2b201d9-f68b-5c55-834f-a996757a3a31,1927-02-13,1927,"LEGISLATORS TOUR APARTMENT AREAS; Visit Park Avenue and East Side in a First-Hand Study of Housing. A PLEA FOR HOTELS Realty Men Ask Amendment of Law to Permit Cooking in Apartment Suites. TENEMENT PROJECT URGED D.R. James, Housing Board Chairman, Seeks $25,000,000 to Raze Old Structures.",Archives,Archives,0,-0.3818,0.0,0.04,0.96,0.0,0.0,0.0,construction
nyt://article/4459399d-a56e-5557-80ed-26e49fef68e7,1927-03-06,1927,Radios and Electric Aids In Housing Project,Archives,Archives,0,0.0,0.0,0.0,1.0,0.0,0.0,0.0,construction
nyt://article/4c741760-200b-548b-8015-9cba8ed0478c,1927-03-27,1927,HOUSING PROJECTS FOR BROOKLYN SITES; Six-Story Elevator Flat and Large Apartment Hotel to Be Erected.,Archives,Archives,0,0.0,0.0,0.0,1.0,0.0,0.0,0.0,construction
nyt://article/f672e8c0-0087-51b5-b64f-927de6c5684c,1927-03-27,1927,"APPEALS FOR ACTION TO END SLUM AREAS; Housing Law Not Perfect, Says L.H. Pink, but It Is Start in Fight on Disease and Crime. GIVES TENEMENT DATA Declares Lower East Side, Red Hook and Other Brooklyn Districts Are Breeders of Criminals.",Archives,Archives,0,-0.9861,0.0,0.336,0.664,0.0,0.02778,-1.0,pathology
nyt://article/3a007c79-040c-5b5c-bafb-1d000a3e61ad,1927-04-12,1927,"ROCKEFELLER, SUED, DENIES 'CONSPIRACY'; Broker's Demand for $25,789 Is Believed to Be Linked With Model Housing Project. CLARIFICATION IS ASKED T. J. Hartnett Alleges That He Was Side-Tracked After Negotiating Purchase of Property.",Archives,Archives,0,-0.9169,0.0,0.162,0.838,0.0,0.0,0.0,reform
nyt://article/fd4c43eb-8b4b-538a-9f03-2f0098e9ab0c,1927-05-01,1927,"TENEMENT HOUSES SOLD IN MANHATTAN; Kaypern Realty Corporation Sells Two Five-Story Flats on Amsterdam Avenue. DEAL ON TENTH AVENUE S. May, Electrician, Buys Flat Near Thirty-fourth Street -- Bronx Site Bought for Apartments. ",Archives,Archives,0,0.0,0.0,0.0,1.0,0.0,0.0,0.0,construction
nyt://article/6fd3474a-6b9b-57ed-89f2-45493cd760b6,1927-05-23,1927,Good Fun.,Archives,Review,635,0.9929,0.126,0.06,0.815,0.0,0.0,0.0,construction
nyt://article/b0fa600e-18c2-5477-8eb1-aecd93374f16,1927-05-29,1927,"WATSON BUILDING SOLD TO INVESTOR; Dr. Percival M. Barker Buys Twelve-Story Loft at 16-18 West Forty-sixth Street. IT WAS HELD AT $750,000 East Side Tenement Houses Change Ownership -- Mrs. Martha Taylor Adds to Holding.",Archives,Archives,0,0.0,0.0,0.0,1.0,0.0,0.0,0.0,construction
nyt://article/1705eead-efed-5bbb-adf5-e02e3497c41d,1927-06-10,1927,"WANTS CITY HOMES TWO ROOMS DEEP FOR LIGHT AND AIR; Housing Expert Tells State Board Windows Should Admit Ultra-Violet Rays. ASSAILS CONDITIONS HERE New Yorkers Live Like Cave-Dwellers; Buildings Too High, He Declares. PARKS HURT, SAYS CURRAN Big Structures Near By Make Them Look Like Bear Pits, He Asserts at Hearing.",Archives,Archives,0,0.34,0.096,0.048,0.857,0.0,0.0,0.0,reform
nyt://article/9ac8392c-c8d1-5289-a120-8d01a230bdb7,1927-06-12,1927,"WAR ON SLUMS IS WAGED WITH NEW WEAPONS; Passage of Law Exempting Limited Dividend Corporation From Taxation Permits State, City and Public to Cooperate in Providing for New York the Most Modern Apartments at Low Rentals",Archives,Archives,0,-0.8752,0.054,0.236,0.71,0.02041,0.02041,0.0,reform
nyt://article/4cdb2ee8-c484-5442-bea0-01de211211a1,1927-07-04,1927,CIVIC CENTRE ON EAST SIDE.; Development Planned on Tenement Sites Near Seward Park School.,Archives,Archives,0,0.0,0.0,0.0,1.0,0.0,0.0,0.0,construction
nyt://article/310aa2d5-f9d7-5b93-8490-04b4a2208764,1927-07-17,1927,SHERIDAN SQ. CHANGES.; Zoning Decision Is Expected to Start Housing Projects.,Archives,Archives,0,-0.3818,0.048,0.089,0.863,0.0,0.0,0.0,construction
nyt://article/5fd5499b-1856-58b0-a573-e7b697f8516a,1927-07-19,1927,AID PLEDGED TO CITY IN NEW HOUSING PLAN; Bankers and Realtors Offer to Rebuild Five Square Blocks of East Side Tenements.,Archives,Archives,0,-0.6908,0.0,0.109,0.891,0.0,0.0,0.0,construction
nyt://article/0c3a6255-99b5-58b8-84a0-c6b5a2e09707,1927-07-20,1927,"WANT LOT COVERAGE FOR DWELLINGS CUT; Legislative Investigators Agree on Maximum of 65 Per Cent. in Congested Districts. DECISION REACHED ON TOUR Lawson Purdy Says More Air and Light Will Increase Demand for Tenements. THREE DISTRICTS VISITED Building Improvement Is Seen In Lower East Side, West Side and the Bronx.",Archives,Archives,0,0.5719,0.156,0.086,0.758,0.0,0.0,0.0,construction
nyt://article/45a75a74-ba3e-5367-a190-e2a20493acd6,1927-07-22,1927,HYLAN SAYS FIRE PERIL IN QUEENS IS MAGNIFIED; Scents Propaganda by Insurance Companies - Finds Hazard Worse in Manhattan.,Archives,Archives,0,-0.9403,0.0,0.302,0.698,0.0,0.0,0.0,conflict
nyt://article/314e7719-4d2f-50c2-b3ae-bd665ddd5ca1,1927-07-27,1927,ATTACKS HOUSING PROJECT.; Realtor Says Land Owners Would Have to Pay for Low Rentals.,Archives,Archives,0,-0.6597,0.0,0.368,0.632,0.0,0.0,0.0,construction
nyt://article/bdb65aca-c254-5d36-bf9b-a44e6668a3b5,1927-08-02,1927,"$5,000,000 BANK LOAN MAJOR OFFERING TODAY; The Central of German State and Provincial Banks Issue to Aid Housing Projects.",Archives,Archives,0,0.0,0.0,0.0,1.0,0.0,0.0,0.0,construction
nyt://article/f8dd68be-6acb-5d69-abb2-8e5d26039e0d,1927-08-23,1927,WALKER JOKES WITH BEEFEATER GUIDE IN TOWER OF LONDON; Thinks He Could Find Use for Headsman's Block in New York. RECEIVES STATE WELCOME Rides With Mrs. Walker From Station to Hotel in Lord Mayor's Gilded Coach. TENEMENTS IMPRESS HIM As Guest of Lord Mayor He Sees Greyhounds Race -- Leaves for Berlin Today. WALKER IN COACH OF LONDON'S MAYOR,Archives,Archives,0,0.6124,0.11,0.04,0.85,0.0,0.0,0.0,construction
nyt://article/124015f4-e811-56b9-b5da-628df577880b,1927-08-25,1927,"PLANS FILED IN BRONX FOR HOUSING PROJECTS; Three Frame Dwellings to Cost $24,000 Will Be Erected on Hollywood Avenue.",Archives,Archives,0,0.0,0.0,0.0,1.0,0.0,0.0,0.0,construction
nyt://article/4239e6c8-b05c-53c5-a250-a4ec7dc091fa,1927-08-26,1927,LEASES ON THIRD AVENUE.; Two Store and Tenement Buildings on Upper East Side Are Rented.,Archives,Archives,0,0.0,0.0,0.0,1.0,0.0,0.0,0.0,construction
nyt://article/ea7242ed-4ddd-54e3-ad8d-28e82c19b829,1927-08-28,1927,"BERLIN IS PUZZLED, BUT WON BY WALKER; Is Amazed at Seemingly Irrepressible Youth of Mayor of New York. SENSES HIS HIDDEN POWER Respects Him for Studying Hospitals and Tenements and Admires Him for Defying Communists.",Archives,Archives,0,0.9451,0.332,0.029,0.64,0.0,0.0,0.0,construction
nyt://article/fb806b80-721c-5b0e-b14b-2fc4b49294f6,1927-08-30,1927,BUYERS WILL ALTER BEEKMAN ST. LOFT; Zimmer Manufacturing Company Buys Downtown Building for Own Occupancy. 181ST ST. CORNER IS SOLD Investor Acquires Taxpayer on Audubon Av. Corner -- Manhattan Tenement Deals.,Archives,Archives,0,0.0,0.0,0.0,1.0,0.0,0.0,0.0,construction
nyt://article/11dee08d-6e9f-505e-ae42-c11852f7b2e5,1927-09-06,1927,EAST SIDE BUILDING SOLD TO OPERATOR; Lewinson Family Sells 212 East 51st St. After Ownership of Fifty Years. THE BUYER IS RESELLING IT Another Tenement Property Near Carl Schurz Park Changes Hands -- Retail Stores Leased.,Archives,Archives,0,0.0,0.0,0.0,1.0,0.0,0.0,0.0,construction
nyt://article/a06082ec-96bd-5df2-8e9d-fa7f9c671992,1927-09-09,1927,Housing Projects Financed.,Archives,Archives,0,0.0,0.0,0.0,1.0,0.0,0.0,0.0,construction
nyt://article/1130c980-ae58-5bec-b968-4e30163ca904,1927-09-17,1927,"BERLIN AND PRUSSIA SEEK BIG LOANS HERE; Total of $200,000,000 Desired for City Housing and State Industries. FORMER WANTS $30,000,000 Latter Would Start With the Same Amount -- Hopes to Get Money at Lower Rate Than Before.",Archives,Archives,0,0.4522,0.103,0.044,0.854,0.0,0.0,0.0,construction
nyt://article/5fb60bc6-9c24-5583-8b3a-422ff6ebea1c,1927-10-02,1927,"Bronx Block Front Is Sold In $700,000 Housing Project",Archives,Archives,0,-0.7003,0.0,0.293,0.707,0.0,0.0,0.0,construction
nyt://article/1fe0c133-86d9-5ea9-98b6-e5a49a62be1e,1927-10-14,1927,RESALE ON EAST SIDE.; Tenements on Fifty-fifth Street in Change of Ownership.,Archives,Archives,0,0.0,0.0,0.0,1.0,0.0,0.0,0.0,construction
nyt://article/0bf9f608-2cfa-55f6-93c4-d95cc07ed4a4,1927-10-22,1927,"ALVIN KRECH HOME IS SOLD TO BANKER; Le Roy W. Baldwin Buys a Modern Residence on East 70th St., Near 5th Avenue. PAYS $225,000, ALL CASH Yorkville Tenement House Deal -George F. Baker Jr. Adds to East Side Holding.",Archives,Archives,0,0.4588,0.062,0.0,0.938,0.02174,0.0,1.0,reform
nyt://article/ca46708e-a355-51b8-be4a-19ff940f1c2e,1927-10-29,1927,"BAUMES TELLS PLAN TO REFORM CONVICTS; Prison Training Courses Being Evolved, He Informs Federation of Women's Clubs. HE IS KEPT ON DEFENSIVE Several Delegates Condemn Severity of Laws -- Move to Endorse the Walker Housing Project Fails.",Archives,Archives,0,-0.875,0.055,0.201,0.744,0.0,0.0,0.0,construction
nyt://article/a5fca471-1d7d-556f-b272-7b75bf8bb4b2,1927-11-01,1927,WALKER MAKES PLEA FOR HOUSING PROJECT; Mayor Says He Hopes to Start on Program Before End of His Administration.,Archives,Archives,0,0.4215,0.109,0.0,0.891,0.0,0.0,0.0,construction
nyt://article/7eadc967-d339-59ff-8aa8-704ce2603896,1927-11-07,1927,"SMITH IN FINAL PLEA URGES ALL TO VOTE ON 9 AMENDMENTS; Confident, He Predicts Victory for Eight and Defeat of the Term Extender. CALLS NO. 6 MISCHIEVOUS Governorship, He Says, Should Not Be Placed in Background by National Issues. FOR CITY CHARTER CHANGE Governor Asserts Measure Is Vital to Housing Projects by Providing Leased Land. FINAL SMITH APPEAL FOR 9 AMENDMENTS",Archives,Archives,0,0.34,0.078,0.043,0.879,0.0,0.0,0.0,construction
nyt://article/1a994c2d-22b1-550a-920d-8056accf2e86,1927-11-11,1927,"WALKER TO SPEED REMOVAL OF SLUMS; Following Approval of Plan at Polls, He Hopes to Have a Unit Under Way in Year. EAST SIDE COMES FIRST Twelve Blocks of Model Tenements Already Pledged -- Suggestions Asked of Borough Heads.",Archives,Archives,0,0.128,0.117,0.107,0.775,0.0,0.0,0.0,reform
nyt://article/9e4bfeb5-7968-522d-a327-9a4855b8d0d6,1927-11-19,1927,"FIELD HOUSING PROJECT.; Garden Apartments With 3,000 Rooms to Be Built in Chicago.",Archives,Archives,0,0.0,0.0,0.0,1.0,0.0,0.0,0.0,construction
nyt://article/1caba297-1882-5b21-9d36-745aa1651da8,1927-12-12,1927,WILL CONSULT STUDENTS.; Oberlin Seeks Their Advice on Resident Halls.,Archives,Archives,0,0.0,0.0,0.0,1.0,0.0,0.0,0.0,construction
nyt://article/63c6f103-957f-56fa-9901-25cad9748942,1927-12-29,1927,"EAST SIDERS HALL NEW MODEL HOMES; Tenement Dwellers Inspect the Lavanburg Foundation House After Its Dedication. MAYOR PRAISES PROJECT Would Eliminate All Dark Homes ""and Give Self-Respect a Chance to Grow.""",Archives,Archives,0,0.6249,0.133,0.032,0.835,0.0,0.0,0.0,construction
nyt://article/fd867ff3-9bed-5f6d-837f-95acb06aa714,1928-01-01,1928,"WANTS MORE ACTION ON HOUSING PROJECT; August Heckscher Criticizes the Dilatory Policy of State and City Authorities. FINDS LACK OF PUBLIC SPIRIT Little of Permanent Value Aside From Ventilation of Subject Accomplished, He Says.",Archives,Archives,0,0.2585,0.167,0.116,0.717,0.0,0.0,0.0,construction
nyt://article/ab7e988e-6aed-5603-84b6-e970731a172d,1928-01-05,1928,"84TH ST. HOUSE SOLD TO WOMAN INVESTOR; Marguerite A. Schaefer Buys an East Side Apartment for $130,000. TENEMENTS SOLD ON AV. A Ehrich & Mencher Sell Building at the Southeast Corner of 91st Street.",Archives,Archives,0,0.0,0.0,0.0,1.0,0.0,0.0,0.0,construction
nyt://article/97107d7a-22f9-5a8d-9715-e2e29629d679,1928-01-07,1928,"3D AVENUE CORNER BOUGHT BY INVESTOR; Corporation Sells Six Tenements on the Northwest Corner of Sixteenth Street.WOMAN IN 2D AV. DEALMrs, W.C. Kennedy Makes HerFirst investment in Manhattan--Yorkville Holdings Sold.",Archives,Archives,0,0.0,0.0,0.0,1.0,0.0,0.0,0.0,construction
nyt://article/2b34c676-02a3-56d6-9475-f8fdb4bfd314,1928-01-10,1928,EAST SIDE TENEMENT IS ADDED TO HOLDINGS; Buyer Assembles Plot on Seventysecond Street--Flats Sold onLexington Avenue.,Archives,Archives,0,0.0,0.0,0.0,1.0,0.0,0.0,0.0,construction
nyt://article/abe626d1-17a8-573c-8b20-0dab63a249f4,1928-01-11,1928,"TENEMENT SALES FEATURE MARKET; Operators and Small Investors Active in All Sections of Manhattan. SALE BY HEWLETT ESTATE Upper East Side Property Figures in Fourth Sale, Showing an Advance of $5,000,000.",Archives,Archives,0,0.4019,0.074,0.0,0.926,0.0,0.0,0.0,construction
nyt://article/7038a929-84cc-58e7-98b1-98c7875107ff,1928-01-12,1928,"TENEMENT HOUSES IN YORKVILLE SOLD; Housing Deals, With Resales Pending, Are a Feature of East Side Activity.",Archives,Archives,0,0.0,0.0,0.0,1.0,0.0,0.0,0.0,construction
nyt://article/dd2daa37-7408-511c-9bbd-b52e40970f5b,1928-01-12,1928,"SALE ON EAST SIDE.; Lively Bidding for Old Tenement Sold for $70,600. ",Archives,Archives,0,0.4404,0.209,0.0,0.791,0.0,0.0,0.0,construction
nyt://article/f04a77c7-7473-5093-9470-8639a7d5e908,1928-01-13,1928,"ASSEMBLES BIG PLOT ON THE EAST SIDE; Syndicate Headed by Joseph Gilbert Buys Properties on East Seventy-ninth Street. $10,000,000 IN THE PROJECT Old Tenements to Be Replaced by Fourteen-Story Apartment of Park Avenue Type. Work Starts on Avenue A. The Properties Involved. Other Sites Sold.",Archives,Archives,0,0.0,0.0,0.0,1.0,0.0,0.0,0.0,construction
nyt://article/bf3c9061-ace6-526a-a529-28545d587675,1928-01-19,1928,INVESTOR ACQUIRES EAST 69TH ST. FLAT; Under-Sheriff John V. Coggey Sells Tenement House to William J. Curley. YORKVILLE RESALE PENDING Operator Assembles Plot on SeventySeventh Street for Building Project --Other East Side Deals.,Archives,Archives,0,-0.296,0.0,0.055,0.945,0.0,0.0,0.0,construction
nyt://article/351822fc-fe4c-5241-9462-f7eaeaba76cc,1928-01-21,1928,"EAST SIDE BLOCK SOLD TO BUILDER; Vivian Green Plans FourteenStory Cooperative ApartmentHouse Facing East River.PROJECT TO COST $1,500,000, George H. Noll Sells Five-Story Tenement House at 242 East 83d St.--West Side Properties Sold.",Archives,Archives,0,-0.4404,0.0,0.073,0.927,0.0,0.0,0.0,construction
nyt://article/4f7b7d57-9d88-5c0d-9de0-ae7132b9f26c,1928-01-24,1928,TENEMENT TRADING A MARKET FEATURE; Small Investors Buy IncomeProducing Properties inManhattan.SEVERAL BIG DEALS PENDINGOperator Takes Profit in Quick Resale on East Forty-seventhStreet.,Archives,Archives,0,0.4404,0.104,0.0,0.896,0.0,0.0,0.0,construction
nyt://article/38a29c0f-803a-5804-82b5-10beaded58be,1928-01-29,1928,"83,000 VACANT TENEMENTS IN GREATER NEW YORK",Archives,Archives,0,0.3612,0.152,0.0,0.848,0.0,0.0,0.0,construction
nyt://article/5e154eb6-16a8-533f-9eff-c2e01d49f238,1928-02-02,1928,"BUILDERS ENLARGE LEXINGTON AV. SITE; Dualin, Holding Corporation Adds 1,205 and 1,211 First Av. to Plot at 65th St. WILL ERIECT 15-STORY FLAT Brokers Announce More Deals Involving Tenement Houses on the East Side.",Archives,Archives,0,0.0,0.0,0.0,1.0,0.0,0.0,0.0,construction
nyt://article/38b7f38b-4c75-5bcc-af3f-39b4a251aaad,1928-02-03,1928,Hackensack Housing Project.,Archives,Archives,0,0.0,0.0,0.0,1.0,0.0,0.0,0.0,construction
nyt://article/34a8e0f8-f489-5230-a248-1194e149bdad,1928-02-08,1928,BROADWAY CORNER SOLD TO BROWNING; Operator Buys a Sixteen-Story Office Building at West Fourth Street. INVESTMENT IN HARLEM Herman Lange Gets Two-Story Structure on 125th Street--East Side Tenements Sold.,Archives,Archives,0,0.0,0.0,0.0,1.0,0.0,0.0,0.0,construction
nyt://article/733c0a88-660c-5874-9fd1-ab2f5cd47cb1,1928-02-09,1928,TENEMENT HOUSES SOLD TO INVESTORS; Housing Properties on East Side and Washington Heights Bought for Income. MAGER HEIRS SELL FLATS East 46th Street Tenements Sold After 45 Years--Brothers Add to Yorkville Holdings.,Archives,Archives,0,0.0,0.0,0.0,1.0,0.0,0.0,0.0,construction
nyt://article/e62d48b8-05c6-58a5-8976-2633c3726fb6,1928-02-09,1928,"PRAISES CITY'S PLAN FOR HOUSING RELIEF; Reconstruction of Slums Social Debt for Past Neglect, Says Regional Plan Head. SEES SUBURBAN EXPANSION Model Towns Are Called Necessary Supplement to New York Tenement House Project.",Archives,Archives,0,-0.4767,0.109,0.167,0.724,0.0,0.02273,-1.0,reform
nyt://article/496cb748-28ba-520a-925c-ab3535b477ec,1928-02-12,1928,BETTER HOUSES THE AIM OF NEW DWELLINGS BILL; Proposed Revision of the Tenement House Law Is Laid Before the Legislature--Its Purpose Is to Raise The Standards in New York Scope of New Law. Tenement House Methods. The Gap for Sunlight. Savings for the Landlord.,Archives,Archives,0,0.4404,0.058,0.0,0.942,0.0,0.0,0.0,construction
nyt://article/73f60269-72f5-5d04-965e-480a08d0ebe6,1928-02-12,1928,QUEENS TRIANGLES SOLD TO A BUILDER; Purchaser Will Erect Business Structure on One Plot at Jackson Heights. NASSAU HOUSING PROJECTS Sites for Home Groups Are Bought at Baldwin and Massapequa-- Westchester Deals.,Archives,Archives,0,0.0,0.0,0.0,1.0,0.0,0.0,0.0,construction
nyt://article/35d6e30d-be34-51c0-916b-c142c1b7f9a9,1928-02-16,1928,TENEMENT HOUSES IN YORRYILLE SOLD; East Side Deals Furnish the Bulk of Trading in Man hattan Properties. SALE ON EAST 82D STREET Corporation Disposes of Flat Adjoining East End Avenue Corner--West Side Transactions.,Archives,Archives,0,0.0,0.0,0.0,1.0,0.0,0.0,0.0,construction
nyt://article/6825a546-4d3b-5717-8897-63a0170be5e6,1928-02-17,1928,OPERATORS ACQUIRE PINEHURST AV. BLOCK; Three Builders Purchase Two Elevator Flats on Washington Heights.DEALS ON ST. NICHOLAS AV. Investor Takes Apartment Adjoining 185th Street Corner--East Side Tenements Sold.,Archives,Archives,0,-0.4404,0.0,0.079,0.921,0.0,0.0,0.0,construction
nyt://article/00a4cb62-a830-545f-9567-994bb70817d3,1928-02-18,1928,"CENTRAL PARK WEST SITE SOLD FOR FLAT; Isaac Kraft Acquires Corner at 95th Street for a Sixteen Story Apartment. DEAL INVOLVES $3,500,000 Operators and Investors Are Active in the Purchase and Sale of East Side Tenements.",Archives,Archives,0,0.4019,0.058,0.0,0.942,0.0,0.0,0.0,construction
nyt://article/48aa3483-0412-5ba1-9acd-1064ae56d11e,1928-02-20,1928,FLEE OVER ROOFS AT EAST SIDE FIRE; Fifteen Families Driven Out as Tenement Is Destroyed at 102d Street. SEVERAL TENANTS TRAPPED Children Carried Down Ice-Coated Ladders--Fireman in Rescue Slips and Breaks Leg.,Archives,Archives,0,-0.6908,0.082,0.223,0.695,0.0,0.0,0.0,conflict
nyt://article/31039e65-f743-59e3-8658-fd4547bb338e,1928-02-21,1928,"TELLS OF BENEFITS OF DWELLINGS BILL; Riegelman Declares ""Selfish Interests"" Aim to Block Needed Reforms. NORMAN THOMAS SKEPTICAL What is Needed, He Says, Is Slum Clearance--Brooklyn Chamber to Protest Measure Today.",Archives,Archives,0,-0.8481,0.085,0.254,0.662,0.0,0.02326,-1.0,conflict
nyt://article/8db1efc6-60f6-5b04-899d-a00a7c10eda5,1928-02-22,1928,EAST SIDE FLATS SOLD.; Allen M. Carson Buys Tenements on East 25th Street.,Archives,Archives,0,0.0,0.0,0.0,1.0,0.0,0.0,0.0,construction
nyt://article/1556c86e-78df-5d8e-976f-a4d02b8c300d,1928-02-25,1928,"86TH ST. SITE SOLD FOR A 16-STORY FLAT; Schultz & Schwartz, Builders, Buy Four Structures on the West Side. EAST SIDE FLATS IN DEALS Brokers Announce Sales Involving Tenement Houses--Union Indemnity Buys 5 Cedar Street.",Archives,Archives,0,0.0,0.0,0.0,1.0,0.0,0.0,0.0,construction
nyt://article/8bed9a49-9951-5576-a92b-36034deb2090,1928-02-29,1928,"WEST 91ST ST. FLAT IN $2,100,000 DEAL; D.J. Rubenstein Sells 15-Story Apartment on Amsterdam Avenue Corner. M.V. COHEN IS THE BUYER Bachrachs Buy House on Park Av. --Other Tenement Sales in Manhattan Are Announced.",Archives,Archives,0,0.0,0.0,0.0,1.0,0.0,0.0,0.0,construction
nyt://article/90ffd7ec-fb0c-5a54-bd01-a6ef828116e6,1928-03-02,1928,"EAST SIDE SITE SOLD TO FURNITURE FIRM; Henry Fuldner & Sons, Inc., Buy a 100-Foot Plot in the Grand Central Zone. PLAN 16-STORY BUILDING Savage Realty Co. Sells 147 East Forty-fifth Street--East Side Tenement Houses Sold.",Archives,Archives,0,0.0,0.067,0.067,0.867,0.0,0.0,0.0,construction
nyt://article/ee870761-1298-5f9d-a74d-ee7f52425a3e,1928-03-03,1928,"NEW PARK AV. FLAT TO COST $6,000,000; Syndicate Announces Plans for Cooperative on Part of Presbyterian Hospital Site.TO BE 17 STORIES HIGHEast Side Tenement Houses Are Sold--Builder Buys West Fiftysixth Street Plot.",Archives,Archives,0,0.0,0.0,0.0,1.0,0.0,0.0,0.0,construction
nyt://article/2f5f5efc-1041-50bc-bf8c-ef94e67dec54,1928-03-04,1928,MANHATTAN PARCELS AT AUCTION THIS WEEK; Joseph P. Day Will Sell Loft of Fifth Avenue and Upper West Side Tenements. ,Archives,Archives,0,0.0,0.0,0.0,1.0,0.0,0.0,0.0,construction
nyt://article/364d7650-3b57-5a3f-bbd2-683f51884f0d,1928-03-04,1928,EAST SIDE HOUSING LEADS IN MARKET; Yorkville Tenements Are Bought by H. Holtorf and the FranRob Corporation.RESALE ON SIXTY-THIRD ST.West Side Flat and Dwelling Are Traded--Builders Buy Two Corner Sites in the Bronx.,Archives,Archives,0,0.0258,0.029,0.0,0.971,0.0,0.0,0.0,construction
nyt://article/11d4cc2d-4bd7-5157-9278-04dea2814b1a,1928-03-16,1928,MANHATTAN SITES IN OPERATORS' DEALS; Six-Story Apartment House at Broadway and 136th Street is Reported Sold. SALE ON EAST 26TH STREET Charles Rubinger Disposes of Tenement--Investor Buys FultonStreet Loft Building.,Archives,Archives,0,0.0,0.0,0.0,1.0,0.0,0.0,0.0,construction
nyt://article/946cf490-cab1-5156-8ac9-16d3816bd288,1928-03-20,1928,ESTATES SELL TENEMENTS.; Flats on Upper East Side Are Purchased by Investors.,Archives,Archives,0,0.0,0.0,0.0,1.0,0.0,0.0,0.0,construction
nyt://article/9493e0ad-5610-5a42-8637-d777ec0ded37,1928-03-25,1928,CHANGING VALUES IN YORKVILLE AREA; Appraisals of East Side Tenements Are No Longer Based onActual Rental Returns.,Archives,Archives,0,0.4939,0.176,0.072,0.752,0.0,0.0,0.0,construction
nyt://article/eaf12790-d7e1-57f0-bff9-bd15955b3439,1928-03-26,1928,EAST SIDE RESIDENCE IS SOLD TO PUBLISHER; John H. Wright Buys the Keiser Home in 77th Street--Other Dwelling and Tenement Deals.,Archives,Archives,0,0.0258,0.042,0.0,0.958,0.0,0.0,0.0,construction
nyt://article/149141e7-01af-54d7-bf8a-21577d32adc2,1928-03-27,1928,"TENEMENT FIVE LOSES.; Bows to Water, Gas and Electricity Team in League Fray, 44-27.",Archives,Archives,0,-0.3182,0.0,0.126,0.874,0.0,0.0,0.0,construction
nyt://article/78b8ff0a-450d-591c-b0b7-c0ec3e3790db,1928-03-27,1928,ACTIVITIES CONTINUE ON THE EAST SIDE; Quick Resale Reported of Old Parcel in the Carl Schurz Park Section. INVESTORS BUY TENEMENTS Church of St. Boniface Disposes of Old Holding to Beekman Hill Realty Corporation.,Archives,Archives,0,0.0,0.0,0.0,1.0,0.0,0.0,0.0,construction
nyt://article/d59c4d35-441f-5180-b755-e224f0ce0a3c,1928-03-29,1928,EAST SIDE HOUSES SOLD TO TISHMANS; Builders Increase Plottage at the Corner of Madison Avenue and 75th Street.TO ERECT 12-STORY FLAT Studio Apartments to Go Up on West 105th Street--East SideTenements Sold.,Archives,Archives,0,0.3182,0.056,0.0,0.944,0.0,0.0,0.0,construction
nyt://article/662d26ed-95f0-5eb5-98e3-af12b1e4e26b,1928-03-31,1928,"$2,000,000 IN PLANS FILED IN THE BRONX; Builders Seek Permits for Flats, Dwellings, Garages and a Parochial School. $700,000 HOUSING PROJECT Two, Six-Story Tenements to Go Up on Holland and Cruger Avenues --St. Ann's to Build.",Archives,Archives,0,0.0,0.0,0.0,1.0,0.0,0.0,0.0,construction
nyt://article/95569109-7c83-519c-bd1e-ad37e675c768,1928-04-27,1928,MAYERS PURCHASE DOWNTOWN OFFICES; Operators Buy Fourteen-Story Building at Nassau Street From Moses Ginsberg. PRIVATE DWELLING SALES Residences Near Fifth Avenue Are Bought for Occupancy--East Side Tenement Deals.,Archives,Archives,0,0.0258,0.033,0.0,0.967,0.0,0.0,0.0,construction
nyt://article/9c3995d0-1c1b-5aa8-9653-f55e366fe9d5,1928-05-04,1928,EAST 106TH ST. FLATS SOLD BY OPERATORS; Ped Realty Co. Acquires Three Tenement Houses--Other East Side Houses Are Sold.,Archives,Archives,0,0.0,0.0,0.0,1.0,0.0,0.0,0.0,construction
nyt://article/d6bc76b1-5453-5f5f-9f1c-da066c7dd88c,1928-05-05,1928,TENEMENT HOUSES ON NINTH AV. SOLD; Old Buildings on Two Corners at 48th Street Figure in Operators' Deals. TRADING ON THE EAST SIDE Frank Dorn Disposes of Second Avenue Flat on Former Schermerhorn Holding.,Archives,Archives,0,0.0,0.0,0.0,1.0,0.0,0.0,0.0,construction
nyt://article/000687f4-b57f-5f37-88e4-003bb4ade12d,1928-05-08,1928,East Side Tenement Deal.,Archives,Archives,0,0.0,0.0,0.0,1.0,0.0,0.0,0.0,construction
nyt://article/6b28304b-79b7-538b-8f3d-b4d8e98b3d2a,1928-05-08,1928,"SAYS 30,000 HOUSES ARE SAFETY MENACE; Harold Riegelman Declares Many Small Dwellings Are Illegally Converted Into Tenements URGES A STRICTER LAW League of women Voters of Manhattan Concludes Its AnnualSession With a Dinner.",Archives,Archives,0,-0.1027,0.068,0.078,0.854,0.0,0.0,0.0,construction
nyt://article/e9a91b00-1254-5562-be34-08b99a542fb6,1928-05-12,1928,TISHMANS BUY SITE NEAR SUTTON PLACE; Builders Add to Holdings by Purchase of 317-325 East 57th Street. TO ERECT 15-STORY FLAT Banker Purchases Four-Story House at 17 Beekman Place--East Side Tenement House Trading.,Archives,Archives,0,0.0,0.0,0.0,1.0,0.0,0.0,0.0,construction
nyt://article/d50aa9b4-aae4-5d3a-8934-8ba257c96b34,1928-05-22,1928,"ROCKEFELLER TO BACK NEW HOUSING PROJECT; Willing to Underwrite $150,000 of Capital of Brooklyn Garden Apartments.",Archives,Archives,0,0.0,0.0,0.0,1.0,0.0,0.0,0.0,construction
nyt://article/79f96e68-61c3-533d-8b79-1ba3cc204e09,1928-05-25,1928,"WALKER HALTS ROW ON HOUSING PROJECT; Pacifies East Side Owners at Board Hearing on Land for Model Tenements. WILL MEET WITH BERRY Decent Downtown Homes Vital, the Mayor Replies to Demand to Move Plan to Suburbs.",Archives,Archives,0,0.7351,0.139,0.027,0.833,0.02,0.0,1.0,reform
nyt://article/36aefae0-9776-5791-bf20-cfdb0ad6808c,1928-05-30,1928,MAYOR WINS POINT IN HOUSING PROJECT; Owners Agree to Submit Asking Prices for Land in ForsythChrystie Street Area.DATA TO BE KEPT SECRET To Be Used as Basis for PurchaseDeal--Walker Warns AgainstExorbitant Demands.,Archives,Archives,0,0.7003,0.139,0.031,0.83,0.0,0.0,0.0,construction
nyt://article/513b08f6-1e45-5908-a1c5-556219925b52,1928-06-07,1928,"VOLUME OF TRADING SHOWS AN INCREASE; Many Small Deals Scattered Over Manhattan, the Bronx, Brooklyn and Queens. TENEMENTS ARE IN DEMAND Sale at Malba is Expected to Revive Home Building in That part of Queens.",Archives,Archives,0,0.4939,0.123,0.039,0.838,0.0,0.0,0.0,construction
nyt://article/d0df2b92-8731-595b-a816-241a9872639a,1928-06-17,1928,BROOKLYN BUILDERS ARE ERECTING FLATS; Survey Shows Trend to Finer and Larger Housing Projects.,Archives,Archives,0,0.0,0.0,0.0,1.0,0.0,0.0,0.0,construction
nyt://article/b5a5f555-39ab-5630-bb38-ece2d3d099dd,1928-07-04,1928,"REVIEW OF THE DAY IN REALTY MARKET; Trading Light in Both City and Suburbs, Due to Holiday Exodus. LEASING BUSINESS IS GOOD New Construction Has Not Affected Rental Values of Commercial or Housing Projects. ",Archives,Archives,0,0.584,0.179,0.057,0.763,0.0,0.0,0.0,construction
nyt://article/2b181cdc-41bc-5c61-ba11-125642fdaca5,1928-07-11,1928,"REVIEW OF THE DAY IN REALTY MARKET; Operators Acquire East Side Leaseholds, Anticipating Retail Trade Shift. SCHULTE CO. BUYS CORNER Purchases the Hotel Windsor on 58th Street and Sixth Avenue --Tenement House Sales. ",Archives,Archives,0,0.0,0.0,0.0,1.0,0.0,0.0,0.0,construction
nyt://article/7fdb304f-c65b-57d9-9997-9b1be128bb61,1928-07-12,1928,"REVIEW OF THE DAY IN REALTY MARKET; Builder Buys Corner in Sutton Place Section for SixteenStory House.BRONX MARKET IS ACTIVETrading There Is Featured by a $2,500,000 Housing Project-- Operators Busy in Brooklyn. Transactions in East Side. In Bronx and the Suburbs. ",Archives,Archives,0,0.0,0.0,0.0,1.0,0.0,0.0,0.0,construction
nyt://article/7d4a2717-c159-5736-ba2b-892a5678096b,1928-07-13,1928,SITE OWNERS YIELD TO HOUSING PROJECT; City Gets Assurance That a Third of Property Holders Will Set Reasonable Prices. HEARING FIXED FOR AUG. 14 Wealthy Man Is Said to Desire to Erect One to Three Blocks of Low-Rent Tenements.,Archives,Archives,0,0.7964,0.141,0.027,0.832,0.0,0.0,0.0,construction
nyt://article/afd7c3a7-d66f-548d-81bc-bcdea5f0a58c,1928-07-20,1928,"REVIEW OF THE DAY IN REALTY MARKET; $3,000,000 Housing Project to Replace Huyler Factory on Irving Place. BEACH ST. CORNER IS SOLD Corporation Disposes of Site at Washington St.--Bronx and Suburban Market.",Archives,Archives,0,0.0,0.0,0.0,1.0,0.0,0.0,0.0,construction
nyt://article/e16d3918-76b1-5b54-9f57-400407685b13,1928-07-25,1928,Start More Workers' Homes.,Archives,Archives,0,0.0,0.0,0.0,1.0,0.0,0.0,0.0,construction
nyt://article/e7a53133-8d57-5c6a-8e70-ab2014ca0e99,1928-08-04,1928,REVIEW OF THE DAY IN REALTY MARKET; Brokers Report Deals Involving Tenement Houses in Manhattan. BROOKLYN HOUSES SOLD One-Family Dwellings in Demand There--Bronx and Suburban Markets Are Active.,Archives,Archives,0,0.296,0.089,0.05,0.861,0.0,0.0,0.0,construction
nyt://article/f2710692-06fb-539d-af7c-a0bfddf00aa6,1928-08-04,1928,"$2,300,000 Loan to Finance Third Av. Housing Project",Archives,Archives,0,0.0,0.0,0.0,1.0,0.0,0.0,0.0,construction
nyt://article/df7f41f0-900d-534c-8ff1-f181c0a1ff8f,1928-08-20,1928,THE ASTORIA COLONY.; Some Historical Details of the Proposed Development. EAST SIDE HOUSING. River Front Site Is Suggested for Model Tenements. MAP MEASUREMENTS. The Matter of the Millionth Part of an Inch Leads to Criticism. City Outings for Rural Children.,Archives,Archives,0,-0.4215,0.023,0.062,0.915,0.0,0.0,0.0,reform
nyt://article/bb5381fa-a831-524d-a409-886847109378,1928-08-31,1928,SECOND AV. CORNER FIGURES IN RESALE; Operator Disposes of Plot Assembled Last Week in Active East Side Centre.TAKES SUBSTANTIAL PROFITBuyer for Washington HeightsApartment House--TenementsSold to Small Investors.,Archives,Archives,0,0.5423,0.13,0.0,0.87,0.0,0.0,0.0,construction
nyt://article/71d9e91a-6838-53ba-97c8-bda875b82e2c,1928-09-02,1928,VIENNA CONSTRUCTING MODEL TENEMENTS; Rooms Rent for $2 per Month but H.M. Jacoby Favors Heckscher Plan for New York.,Archives,Archives,0,0.7351,0.205,0.0,0.795,0.0,0.0,0.0,reform
nyt://article/939cb590-4d2c-5b3c-99b8-51e71faec694,1928-09-04,1928,"GAIN OF 8 PER CENT. IN BUILDING AWARDS; Metropolitan Area Contracts This Year Exceed Total for 1927 Period. DESPITE DROP LAST MONTH August Aggregate Is $107,523,900 --Educational and Housing Projects Increase.",Archives,Archives,0,0.8595,0.231,0.0,0.769,0.0,0.0,0.0,construction
nyt://article/1c03108c-9dd9-5a08-b31c-8215a718b302,1928-09-09,1928,EAST SIDE TENEMENTS IN FORECLOSURE SALE; Day Will Auction Parcel on Crosby Street--Other Offerings of City Realty. ,Archives,Archives,0,-0.128,0.0,0.086,0.914,0.0,0.0,0.0,construction
nyt://article/4b5b11de-6b50-58d8-b889-23f2ea3c7108,1928-09-17,1928,East Side Tenement Sales.,Archives,Archives,0,0.0,0.0,0.0,1.0,0.0,0.0,0.0,construction
nyt://article/4f9da1b0-0ee2-592e-b69f-0c49b8760308,1928-09-21,1928,REVIEW OF THE DAY IN REALTY MARKET; Tenement Deals on East Side of Manhattan a Feature of Stronger Trading. SECOND AVENUE ACTIVITY Flats in Midtown Section Sold-- Transfers in Greenwich Village and Tunnel Zone.,Archives,Archives,0,0.3818,0.073,0.0,0.927,0.0,0.0,0.0,construction
nyt://article/a944398a-2cbb-5cec-88ba-96e84d4617a6,1928-09-22,1928,REVIEW OF THE DAY IN REALTY MARKET; Demand for Vacant Property in the Bronx Continues as Feature of Trading.MANHATTAN FLATS SOLD Almal Realty Corporation Assembles Tenement Group on East Thirtyseventh Street.,Archives,Archives,0,-0.128,0.0,0.048,0.952,0.0,0.0,0.0,construction
nyt://article/1beb4bc3-6268-54dc-97b5-7f21152ab7fd,1928-09-27,1928,"REVIEW OF THE DAY IN REALTY MARKET; Few Transactions Closed, but Some Deals Are Reported to Be Pending. YORKVILLE FLATS ARE SOLD Garfiel Estate Disposes of Four Tenements on Third Avenue-- Other Manhattan Sales. ",Archives,Archives,0,0.0,0.0,0.0,1.0,0.0,0.0,0.0,construction
nyt://article/dc7d8f2a-befb-5041-80a1-0606e7429a49,1928-10-05,1928,BRONX HOUSING PROJECT.; Haring & Blumenthal Corporation to Erect 50 More Dwellings.,Archives,Archives,0,0.0,0.0,0.0,1.0,0.0,0.0,0.0,construction
nyt://article/c6f8ae00-4b72-5374-a5cc-6869135f4f93,1928-10-06,1928,"REVIEW OF THE DAY IN REALTY MARKET; Sales Show No Improvement Over Sluggish Trading in Metropolitan Area. 50% GAIN IN BUILDING Superintendent Brady Reports on Filing of Plans--$110,000 Tenement Deal on East Side.",Archives,Archives,0,-0.1974,0.088,0.134,0.778,0.0,0.0,0.0,construction
nyt://article/be2f045b-e55a-5375-915a-cff59a49b574,1928-10-12,1928,REVIEW OF THE DAY IN REALTY MARKET; Tenement House Sales in the Yorkville Section Feature Manhattan Trading. THREE DEALS IN 89TH ST. Investors Active in Housing Purchases--There--Operator Buys 47th Street Garage.,Archives,Archives,0,0.4019,0.083,0.0,0.917,0.0,0.0,0.0,construction
nyt://article/d10e902e-dbc4-5317-a9d0-508db964472c,1928-10-13,1928,"REVIEW OF THE DAY IN REALTY MARKET; Purchasers Are Active on the Upper West Side and Washington Heights.TWO BLOCK-FRONT DEALSJ.D. Miller Jr. Acquires $3,500,000 Corner on Broadway--EstatesSell In the Bronx. Richard Bondy Sells Parcel. East Side Tenement Deals.",Archives,Archives,0,0.4019,0.06,0.0,0.94,0.0,0.0,0.0,construction
nyt://article/f450a687-f1a9-5369-874e-8f3cc2739d5e,1928-10-22,1928,MANHATTAN FLATS SOLD.; Operators and Investors Buy East Side Tenements.,Archives,Archives,0,0.0,0.0,0.0,1.0,0.0,0.0,0.0,construction
nyt://article/76fee197-b13d-5f02-81fe-34e21babdb12,1928-10-25,1928,BIG EAST RIVER SITE SOLD TO SYNDICATE; Rhoades-Kennedy Interests Buy Block Front From Gottfried Baking Company. TENEMENTS ARE IN DEMAND Announcements Indicate Good Market for East Side MultiFamily Buildings.,Archives,Archives,0,-0.34,0.102,0.151,0.747,0.0,0.0,0.0,construction
nyt://article/e6b0255f-13ae-5f88-bda7-101377361535,1928-10-26,1928,BOARD ORDERS DELAY ON HOUSING PROJECT; Final Action an Walker's Plan Put Off a Week--Score of Site Owners Reduce Offers.,Archives,Archives,0,-0.5574,0.0,0.095,0.905,0.0,0.0,0.0,reform
nyt://article/5c7f8044-5572-5f0b-ba31-d9c6a3fe45d6,1928-10-27,1928,"REVIEW OF THE DAY IN REALTY MARKET; Trading Is Light, With a Few Transactions in Tenement House Properties. BRONX ACTIVITY IS SLOWER Operator Adds to His Holdings on the East Side--Heights Building Site Is Bought.",Archives,Archives,0,0.0,0.0,0.0,1.0,0.0,0.0,0.0,construction
nyt://article/44a7df8f-b3e5-50dc-b8b1-5e9f3a4cd322,1928-10-31,1928,"NEW APARTMENTS TO COST $4,800,000; Syndicates Buy Manhattan Sites for Two Big Housing Projects. 20-STORY FLAT FOR PARK AV. Seventy fourth St. Corner Is Sold by Bing & Bing--West Eightysixth St. Operation. Some Floors Reserved. $1,300,000 West Side Project.",Archives,Archives,0,0.0,0.0,0.0,1.0,0.0,0.0,0.0,construction
nyt://article/a529056a-202e-5cbc-87cd-3f118af43adb,1928-11-01,1928,74TH STREET HOUSE SOLD TO OPERATORS; Mayers Purchase Nine-Story Apartment Building Near Park Avenue. EAST SIDE BOOM CONTINUES Deals Indicate Demand for Building Sites and Tenements in Yorkville Area.,Archives,Archives,0,-0.128,0.0,0.048,0.952,0.0,0.0,0.0,construction
nyt://article/81b952ce-ceed-59b9-99f3-b60595819855,1928-11-02,1928,Walker Drops Chrystie St. Housing Project; Scores Site-Owners for 'Exorbitant' Prices,Archives,Archives,0,-0.296,0.0,0.058,0.942,0.0,0.0,0.0,construction
nyt://article/47d43f45-ce6d-5810-93b5-9279083c66ba,1928-11-03,1928,ONE HOUSING PROJECT BLOCKED.,Archives,Archives,0,-0.3612,0.151,0.291,0.559,0.0,0.0,0.0,construction
nyt://article/604c4cb3-3354-5cdd-acd3-7f08af04700a,1928-11-04,1928,Latest Realty Dealings; REVIEW OF WEEK IN REALTY MARKET Buying of Sites for Apartment Houses Features Trading in Manhattan. WEEK'S TOTAL SHOWS GAIN Scattered Tenement Deals Are Reported--Building Syndicate Acquires Large Bronx Plot. ,Archives,Archives,0,0.5688,0.103,0.0,0.897,0.0,0.0,0.0,construction
nyt://article/34b50742-7450-59c8-893b-100b485af7f8,1928-11-10,1928,WEST SIDE CORNER SOLD TO OPERATORS; Solomon & Kahn Assemble Large Plot on Riverside Drive at Seventy-seventh Street. MAY ERECT 15-STORY FLAT Announcements Indicate Continued Demand for Tenement Houses on the East Side.,Archives,Archives,0,-0.128,0.0,0.042,0.958,0.0,0.0,0.0,construction
nyt://article/842ee6e3-cb3c-54d7-b288-8b04226bf3b0,1928-11-11,1928,"Thousands of Tenants Seek Homes In Modern East Side Tenements; Survey Indicates That Housing Projects Now Under Way Will Meet Only 20 Per Cent, of the Demand--Many Old Tenemeats Unfit for Habitation. ",Archives,Archives,0,0.4588,0.088,0.0,0.912,0.03125,0.0,1.0,reform
nyt://article/1eefe1ec-25b2-54f9-aee5-a7f48b88b512,1928-11-16,1928,"REVIEW OF THE DAY IN REALTY MARKET; Operators Purchase Tenement Houses On and Near First and Second Avenues. $500,00 DEAL IN BRONX Madison Avenue Corner Financed by $1,000,000 Mortgage--Other Manhattan Parcels Sold.",Archives,Archives,0,0.0,0.0,0.0,1.0,0.0,0.0,0.0,construction
nyt://article/08dd2f91-3105-5621-aac8-1ec51654ae72,1928-11-20,1928,REALTY FINANCING.; Building Loans Made for Large Housing Projects in Manhattan. BUILDING PLANS FILED. TRANSFERS RECORDED.,Archives,Archives,0,0.0,0.0,0.0,1.0,0.0,0.0,0.0,construction
nyt://article/c1bbaa1e-f8be-577f-a943-a0a301e676d0,1928-11-21,1928,"REVIEW OF THE DAY IN REALTY MARKET; Large Plot on Old Sixth Avenue ""Car-Barn Block"" in Reported Deal.EAST SIDE FLATS SOLDTenement Properties Continue in Demand--Mortgages Placed onWidely Scattered Properties.",Archives,Archives,0,-0.4404,0.0,0.094,0.906,0.0,0.0,0.0,construction
nyt://article/9cdbc5ab-b979-55bc-95ae-89b6a4adc2bc,1928-11-25,1928,"MANY APARTMENTS ADDED THIS YEAR; Total of 62,163 New Suites Provided, Reports Tenement House Commissioner. MANHATTAN WORK HEAVY Many Old-Law Tenements Have Given Way to High-Class Houses on East Side.",Archives,Archives,0,0.0,0.0,0.0,1.0,0.0,0.0,0.0,construction
nyt://article/cebd1d13-bf74-5d2d-90ef-7248637c31ec,1928-11-28,1928,"BUILDING SYNDICATE BUYS THE SAN REMO; Group Assembles Central Park West Block for $7,000,000 Housing Project. TO START WORK NEXT JUNE Ten-story Hotel Was Built by Michael Brennan 37 Years Ago --Amsterdam Avenue Deals.",Archives,Archives,0,-0.4404,0.0,0.066,0.934,0.0,0.0,0.0,construction
nyt://article/889d6416-0585-53a1-88a2-f13424ec4a47,1928-12-06,1928,"NEW TENEMENT BILL GETS WIDE BACKING; Property Owners and Real Estate Associations Endorse Proposed Law in Principle.FEW OBJECTIONS HEARD New York and Brooklyn RealtyBoards Approve Measure--Tower Plan Is Debated. No Protests Heard. Seeks ""Towers"" Permit. Wants More Light and Air.",Archives,Archives,0,0.6207,0.136,0.0,0.864,0.0,0.0,0.0,reform
nyt://article/e17f1353-135c-5959-a14f-debfa3364406,1928-12-07,1928,REVIEW OF THE DAY IN REALTY MARKET; Sales of Properties in the Upper Madison Av. Section Feature Trading. FREEDMAN BUYS 3 FLATS Acquires Tenements on Madison Av. at 106th St.--Other Manhattan Parcels Are Sold.,Archives,Archives,0,0.2732,0.051,0.0,0.949,0.0,0.0,0.0,construction
nyt://article/bd7c5fc5-fb9a-59c1-8d70-3416b4e014be,1928-12-08,1928,"LOFT ON BROADWAY SOLD TO MERCHANT; Adolph Hollander, Sells Building at Bleecker St. to Bennet Gordon. SOME WEST SIDE DEALS Housing Properties in Change of Ownership--East Side Tenements in Good Demand.",Archives,Archives,0,0.34,0.074,0.038,0.888,0.0,0.0,0.0,construction
nyt://article/26488fe2-ab1b-5ddc-a2fd-307c5b7ba5b2,1928-12-12,1928,BUILDERS ASSEMBLE SITES ON EAST SIDE; Acquire Properties in Carl Schurz Park and Yorkville Sections.SOME SECOND AV. DEALSNew Owners for Tenement HousesThere--Other Sales of EastSide Housing Properties.,Archives,Archives,0,0.0,0.0,0.0,1.0,0.0,0.0,0.0,construction
nyt://article/f8ecf061-e4d4-5820-a029-9e68e0d448b4,1928-12-15,1928,"6TH AVENUE CORNER IN 2,000,000 DEAL; George C. Beach Buys the Professional Building, at Fifty-- seventh Street.EAST SIDE MARKET ACTIVETall Flat Reported for Sutton Place Corner--Yorkville Tenementsin Change of Ownership.",Archives,Archives,0,0.0,0.0,0.0,1.0,0.0,0.0,0.0,construction
nyt://article/e7c47718-eb80-5647-90f5-814cb98b6881,1928-12-22,1928,"EAST 58TH ST. FLAT SOLD TO INVESTOR; Nicholas Zurla Buys Apartment House Adjoining Sutton Place Corner. OPERATORS IN MANY DEALS They Purchase and Sell Tenement House Properties on the East Side --""Village"" Flats Sold.",Archives,Archives,0,0.0,0.0,0.0,1.0,0.0,0.0,0.0,construction
nyt://article/152ff0b5-1080-5200-9f31-7d23616c1a35,1928-12-25,1928,REVIEW OF THE DAY IN REALTY MARKET; Two More East Side Deals Are Closed in the Carl Schurz Park Section. OPERATOR BUYS TENEMENT Mrs. Mary Hohlock Assembles 100 Foot Plot on East Eighty fifth Street.,Archives,Archives,0,0.0,0.0,0.0,1.0,0.0,0.0,0.0,construction
nyt://article/a6564e2f-f95c-5a56-b34d-7204895d2118,1928-12-28,1928,REVIEW OF THE DAY IN REALTY MARKET; More Housing Properties on Upper East Side Figure in New Transactions. DEAL IN EAST 79TH STREET Carasso Realty Co. Assembles a 75-Foot Frontage--Bing Buys Tenement House.,Archives,Archives,0,0.0,0.0,0.0,1.0,0.0,0.0,0.0,construction
nyt://article/2ee902db-0085-5941-8daf-772f0a2606af,1929-01-05,1929,"BUILDING IN NATION GAINED 10% IN YEAR; Largest Increase in 1928 Was in Contracts for Commercial and Housing Projects. HEAVY RISE IN MANHATTAN $65,000,000 More Than in 1927, With 196 More Edifices Constructed. ",Archives,Archives,0,0.5994,0.136,0.0,0.864,0.0,0.0,0.0,construction
nyt://article/59f07b9a-a8d0-56d4-9bcf-14a91823f712,1929-01-06,1929,"DE LUXE APARTMENTS REPLACE EAST SIDE TENEMENTS; Big Realty Increases. Prominent Operators. $7,000,000 Watergate Project. Bridge Plaza Improvements. 1928 Construction List.",Archives,Archives,0,0.5574,0.111,0.0,0.889,0.0,0.0,0.0,construction
nyt://article/db41acf8-1fb1-5c60-bfd8-f9ba86ffa112,1929-01-12,1929,MORE HOUSES SOLD IN YORKVILLE AREA; Transactions Show Continued Demand for Tenements on the Upper East Side. DEAL ON MADISON AVENUE Benjamin Mordecal Acquires 11Story Apartment at 68th Street--Other Sales in Manhattan.,Archives,Archives,0,-0.128,0.0,0.046,0.954,0.0,0.0,0.0,construction
nyt://article/1f6eafbb-0b8e-5e16-9395-e4e24df604f8,1929-01-16,1929,POLICE CONTINUE RAIDS ON CITY'S SPEAKEASIES; Arrests Made Throughout Manhattan and the Bronx--ThreeStills Found in a Tenement.,Archives,Archives,0,-0.4404,0.0,0.097,0.903,0.0,0.0,0.0,pathology
nyt://article/5aaa3ee8-4ce8-5372-84cb-ec7803a931ee,1929-01-18,1929,WEST SIDE CORNER SOLD TO OPERATORS; Page Estates Purchase Three Houses at 97th St. and Central Park West. SEVERAL EAST SIDE DEALS Transactions Involving Tenement Houses There Form Bulk of Trading in Manhattan.,Archives,Archives,0,0.0,0.0,0.0,1.0,0.0,0.0,0.0,construction
nyt://article/6cb1c43a-ff73-560b-9319-f71cf3b4ad7c,1929-01-23,1929,OPERATORS ACTIVE IN REALTY MARKET; Figure in Deals Involving Housing Properties on the Upper East Side. ONE FIRM IN FOUR SALES Rosenstock & Bachrach Buy and Sell Tenements-Natanson Acquires East 86th St. Plot.,Archives,Archives,0,0.4019,0.078,0.0,0.922,0.0,0.0,0.0,construction
nyt://article/3e97252a-1fa3-593d-ad4c-f13e25e7a2a3,1929-01-25,1929,Large Abingdon Square Site Reported Sold to Builders,Archives,Archives,0,0.0,0.0,0.0,1.0,0.0,0.0,0.0,construction
nyt://article/77c23248-3701-5c72-adb3-a310c820b1d2,1929-02-07,1929,"Plans Filed for New Housing To Cost $1,800,000 in Bronx",Archives,Archives,0,0.0,0.0,0.0,1.0,0.0,0.0,0.0,construction
nyt://article/7e853a37-554b-50cb-b681-15865d6d1ff9,1929-02-07,1929,OTHER MANHATTAN SALES.; Deals in Dwellings and Tenements Reported Yesterday.,Archives,Archives,0,0.0,0.0,0.0,1.0,0.0,0.0,0.0,construction
nyt://article/18d40e2a-32b6-522b-b2ed-1dbf755dcee3,1929-02-08,1929,MORE FLATS SOLD IN YORKVILLE AREA; Operators Continue Purchase and Sale of East Side Tenement Houses. ORNSTEIN IN NEW DEAL Invests In East Eighty-second Street Parcel--Upper East Side Holdings Sold.,Archives,Archives,0,0.0,0.0,0.0,1.0,0.0,0.0,0.0,construction
nyt://article/e76db74c-72e3-5a6b-98d7-4175d5de403b,1929-02-09,1929,"MANDELBAUMS BUY MADISON AV. HOUSE; Operators, With S. J. Flash, Purchase Five-Story Building on Lenox Hill. MANY EAST SIDE DEALS Investors Continue to Buy Tenements in Yorkville and 106thStreet Sections.",Archives,Archives,0,0.0,0.0,0.0,1.0,0.0,0.0,0.0,construction
nyt://article/5fd1c178-9b98-5519-b9c5-f2656a49b1f8,1929-02-11,1929,"City Secretly Acquiring Model Flat Sites To End East Side Rookeries, Walker Reveals",Archives,Archives,0,-0.296,0.0,0.081,0.919,0.0,0.0,0.0,reform
nyt://article/a557d8a1-9462-5a6b-a2e7-628f8713abed,1929-02-14,1929,OTHER MANHATTAN SALES.; Deals in Dwellings and Tenements Reported Yesterday.,Archives,Archives,0,0.0,0.0,0.0,1.0,0.0,0.0,0.0,construction
nyt://article/8e8ba7de-f320-5c01-b7f2-84b68e6f05a7,1929-02-15,1929,AMOS PINCHOT BUYS MADISON AV. HOUSE; Acquires Five-Story Tenement Near the Northeast Corner of 106th Street. MANY EAST SIDE DEALS Operators and Investors Still Active In the Purchase of Income Properties.,Archives,Archives,0,0.4019,0.074,0.0,0.926,0.0,0.0,0.0,construction
nyt://article/e44458bc-3567-5924-ab33-1ffee48e74a1,1929-02-15,1929,OTHER MANHATTAN SALES.; Deals in Dwellings and Tenements Reported Yesterday.,Archives,Archives,0,0.0,0.0,0.0,1.0,0.0,0.0,0.0,construction
nyt://article/6ed968f3-37bb-579b-8bec-436804983c44,1929-02-16,1929,"TENEMENTS SOLD IN YORK AV. SECTION; Housing Properties There Are Taken Over by Investors and Operators. W.S. REID SELLS A HOUSE Operator Disposes of Five-Story Structure at 1,387 York Av.-- Other Deals on the East Side.",Archives,Archives,0,0.0,0.0,0.0,1.0,0.0,0.0,0.0,construction
nyt://article/a94ed755-7bb8-5c65-8e1c-6aafa6500adc,1929-02-16,1929,OTHER MANHATTAN SALES.; Deals in Dwellings and Tenements Reported Yesterday. ,Archives,Archives,0,0.0,0.0,0.0,1.0,0.0,0.0,0.0,construction
nyt://article/a48dc26c-b143-5f12-8308-d2adbd6fc60b,1929-02-18,1929,EAST SIDE HOUSING.; Mayor Walker Says City Will Build Two Blocks of Tenements.,Archives,Archives,0,-0.4215,0.0,0.106,0.894,0.0,0.0,0.0,reform
nyt://article/fd3f1825-20d6-54f5-aaba-6960a302b554,1929-02-20,1929,LARGE PLOT SOLD IN YORKVILLE AREA; Five Tenements on East 79th Street Are Sold by Richard Dudensing Jr. BUYERS TO IMPROVE SITE Kanter Realty Corporation Buys Madison Av. Corner--Other Deals on the East Side.,Archives,Archives,0,0.4404,0.077,0.0,0.923,0.0,0.0,0.0,construction
nyt://article/610678df-d285-5497-84ad-7bb7acbe2d16,1929-02-21,1929,FLAT REBUILT IN MOVE FOR BETTER HOUSING; Owners of Lower East Side House Hope to Extend Work of Making Homes Attractive.,Archives,Archives,0,0.802,0.244,0.052,0.704,0.0,0.0,0.0,reform
nyt://article/2f0d0c1a-152f-5215-8cc2-01916ba0c3e6,1929-02-23,1929,APARTMENT HOUSES ON PARK AV. SOLD; Deal Involving Two Five-Story Structures at 89th St. Is a Feature of Day's Trading. MORE YORKVILLE ACTIVITY Business Men's Syndicate Buys Tenement House--Other Sales Announced in Manhattan. ,Archives,Archives,0,0.0,0.0,0.0,1.0,0.0,0.0,0.0,construction
nyt://article/7eeff8ad-2490-5381-8bc7-60aa4fa8e6a1,1929-03-01,1929,TENEMENT HOLDINGS SOLD IN MANHATTAN; Sales in Widely Scattered Sections of the Borough Feature the Market. SEVERAL YORKVILLE DEALS Properties Near 1st Av. Bought by Operators--Dwelling Transactions Reported. ,Archives,Archives,0,0.0,0.0,0.0,1.0,0.0,0.0,0.0,construction
nyt://article/f1be7b1e-e9da-5b31-a632-114af95203b4,1929-03-02,1929,YORKVILLE HOUSE SOLD TO OPERATOR; Tenement Building on East 87th St. Is Added to Holdings of S.J. Flash. OTHER EAST SIDE DEALS Brokers Announce Transactions Involving Various Housing Properties.,Archives,Archives,0,0.0,0.0,0.0,1.0,0.0,0.0,0.0,construction
nyt://article/dee2c3b3-3de4-5fb0-9581-7d800d8dac34,1929-03-06,1929,Building Bureau Gets Plans For Two East Side Projects,Archives,Archives,0,0.3612,0.135,0.0,0.865,0.05882,0.0,1.0,reform
nyt://article/e0e3b027-12b3-544f-aa95-98443ce19510,1929-03-07,1929,"2D AV. FLATS SOLD IN YORK VILLE AREA; Contracts Are Announced for the Sale of Tenement Houses on the East Side. DEAL ON NINTH STREET Weisner Holding Corp. ,Buys Seven Story Building at Second Avenue -Other Sales Reported.",Archives,Archives,0,0.0,0.0,0.0,1.0,0.0,0.0,0.0,construction
nyt://article/fab3e382-8e30-519b-8ea6-f1f3f6b3ffeb,1929-03-09,1929,"LIGGETT BUILDING IN REPORTED DEAL; Operators Reported Buying Madison Avenue Leasehold Valued at $5,000,000. MORE SALES IN YORKVILLE Tenement Houses on the East Side in New Changes of Ownership-- Other Sales Announced.",Archives,Archives,0,0.4404,0.069,0.0,0.931,0.0,0.0,0.0,construction
nyt://article/730aa0d6-7e7b-55f0-8ed6-4fe24a2f896c,1929-03-10,1929,PLAN APARTMENTS ON EAST 34TH ST.; Property Owners Are Happy as Removal of Elevated Spur Is Assured. CRUISE FORESEES A BOOM Rapid Demolition of Old Tenements for New Housing Projects Near River Expected. Hackett Sees Sharp Growth. Cruise Foresees Development.,Archives,Archives,0,0.8957,0.169,0.0,0.831,0.0,0.0,0.0,construction
nyt://article/e2ff6a7c-3308-5334-b9f3-c019e96186f9,1929-03-10,1929,REVIEW OF WEEK IN REALTY MARKET; Announcements of Skyscraper Projects in Manhattan Feature Activity.--NEW HOUSING IN THE LEAD Latest Transactions Involve Tenement House Properties on the East Side.,Archives,Archives,0,0.0,0.0,0.0,1.0,0.0,0.0,0.0,construction
nyt://article/a1701d3e-99ab-5fb5-b08e-7b8f37e0796c,1929-03-14,1929,"BEGIN WORK IN APRIL ON MOSCOW HOUSING; American Builders Will Leave for Russia Late This Month, Their Lawyer Announces. BIG APPROPRIATIONS MADE Contract Calls for $25,000,000 Minimum--Gail Brown Will Direct Huge Project.",Archives,Archives,0,0.2732,0.052,0.027,0.921,0.0,0.0,0.0,construction
nyt://article/1ec319d8-c0f7-5a3d-ad39-595f55018556,1929-03-17,1929,NEW HOME CENTRES EVER INCREASING; More Segregated Areas of Expensive Type in ManhattanThan Ever Before.NO MONOPOLY FOR TRADEBorough Becoming Dwelling Placefor Wealthy Residents--Needfor Model Tenements.,Archives,Archives,0,0.3818,0.122,0.0,0.878,0.0,0.0,0.0,reform
nyt://article/1b317d2a-01c5-5c38-9a4b-91038f21b3f1,1929-03-18,1929,SECOND AV. HOUSES SOLD TO INVESTORS; New Transactions Involving Properties on the East Side Are Announced. DEALS ON THE WEST SIDE Bernard Kempner Disposes of Tenement House on Columbus Avenue--Other Manhattan Sales.,Archives,Archives,0,0.0,0.0,0.0,1.0,0.0,0.0,0.0,construction
nyt://article/d20ecaf5-d091-5e68-90c1-4b2ffabf88e8,1929-03-23,1929,"MANHATTAN PLANS FILED.; Builders Plan Housing Projects to Cost $4,000,000. ",Archives,Archives,0,0.0,0.0,0.0,1.0,0.0,0.0,0.0,construction
nyt://article/ba3d26d9-262c-56ed-ab38-ebf45a0d2e13,1929-03-28,1929,SITE ON EAST SIDE SOLD TO SYNDICATE; Block Front on the East River at 105th St. Is Bought for Housing Project. LEXINGTON AV. CORNER DEAL Benjamin Benenson Assembles Plottage at 54th St.--Sale onSecond Avenue.,Archives,Archives,0,-0.7003,0.0,0.116,0.884,0.0,0.0,0.0,construction
nyt://article/abdad32c-d667-54ea-800b-a684a7fc0c36,1929-03-30,1929,REVIEW OF THE DAY IN REALTY MARKET; Brokers Report Scattering Transactions Involving Manhattan Properties. SOME DEALS IN YORKVILLE Tenement Houses There Are Sold Business Space Leased--Loans Are Placed. ,Archives,Archives,0,0.0,0.0,0.0,1.0,0.0,0.0,0.0,construction
nyt://article/65c7476b-66e0-5864-afa6-ee588daef033,1929-03-31,1929,NEW HOUSING AIDS LOWER EAST SIDE; Several Extensive Apartment Projects Are Nearing Completion. OTHERS TO START SOON Progress Noted in Move to Replace Old Tenements With Modern Buildings--Demand Is Heavy. ,Archives,Archives,0,0.5574,0.166,0.063,0.771,0.03333,0.0,1.0,reform
nyt://article/9e0ab78a-aedf-5af1-a6f4-20aeffd522ce,1929-04-03,1929,"FIRST MODEL HOMES TO RISE ON EAST SIDE; Lieut. Gov. Lehman and Aaron Rabinowitz Buy Property for $2,850,000 Development. $500,000 FOR TWO BLOCKS New Tenements Are Planned to Provide for 400 Families at Not Over $12.50 a Room. DIVIDENDS TO BE LIMITED Buildings With Garden Courts and Swimming Pool to Be Ready In 1930 on Site of Hoe & Co. Plant. ""Limited Dividend"" Plan. Ready May 1, 1930.",Archives,Archives,0,0.0772,0.052,0.059,0.889,0.0,0.0,0.0,construction
nyt://article/a3ca87b6-eb53-5bcc-87b2-4ac4eed3d826,1929-04-04,1929,HAIL MODEL HOUSING PLAN.; Roosevelt and Smith Welcome East Side Building Project.,Archives,Archives,0,0.5106,0.107,0.0,0.893,0.0,0.0,0.0,reform
nyt://article/cb42ab45-6fd5-53fc-bc24-e3805e052e39,1929-04-09,1929,"REVIEW OF THE DAY IN REALTY MARKET; Week Opens Actively, With Several East Side Sales Reported Closed. 34TH ST. PLOT ASSEMBLED Anthony Campagna Buys Apartment to Protect Light of HisPark Avnue Corner Plot. Buys to Protect Light. East Side Tenement Sold.",Archives,Archives,0,0.7579,0.149,0.0,0.851,0.0,0.0,0.0,construction
nyt://article/fc42f20b-7631-5f0f-ac39-2ebd3553c994,1929-04-12,1929,SYNDICATE EXTENDS EAST 34TH ST. SITE; Enlarges Plot for Improvement With a Sixteen-Story Apartment Hotel.DEAL ON WEST 34TH ST.Haddon Hall Corp. Reorganizes for Tall Housing Project--Sale inBeckman Hill Section.,Archives,Archives,0,0.5423,0.123,0.0,0.877,0.0,0.0,0.0,construction
nyt://article/db049c5d-706c-5d20-8b22-8e49fd0f4cda,1929-04-14,1929,"Manhattan Apartment Plans Field Break Building Bureau Record; Housing Projects of About 200 Units, With Estimated Cost of Over $200,000,000, Recorded Since First of 1929-- Sixty-one New Hotels Planned. ",Archives,Archives,0,0.0,0.0,0.0,1.0,0.0,0.0,0.0,construction
nyt://article/60df0912-c6b8-5d6d-98eb-a5974dd1289a,1929-04-17,1929,OPERATORS ACTIVE ON THE EAST SIDE; Transactions Are Announced Involving Numerous Tenement House Properties. SALE BY RUNYON S. BALDWIN Operator Disposes of Two Flats on East 53d St. Near Second Av. --Other New Deals.,Archives,Archives,0,0.4019,0.072,0.0,0.928,0.0,0.0,0.0,construction
nyt://article/927f2f39-8052-5b5a-9dc2-7389804b51f8,1929-04-18,1929,"YIELD TO CITY TERMS ON HOUSING PROJECT; Chrystie-Forsyth St. Property Owners Cut Prices Asked for Model Home Sites. COMMITTEE TO SEE MAYOR Will Ask Tomorrow That Plan Be Revived and Put on Board's Calendar for Next Week. NEEDED SUPPORT PLEDGED Uniform Charge of 25% Above Assessed, Valuation Is Fixed Upon at Special Meeting. Pledge Support of 100 Owners. Plan Dropped After Year's Efforts.",Archives,Archives,0,0.8126,0.127,0.025,0.847,0.0,0.0,0.0,construction
nyt://article/5405a31c-b60a-5fbc-b23d-1ae49ee44686,1929-04-19,1929,MAYOR TO REOPEN HOUSING PROJECT; Says He Is Ready to Reconsider Chrystie-Forsyth Plan if the City's Terms Are Met. TO SEE COMMITTEE TODAY Clash Occurs Before Estimate Board When Col. M. Simmons Attacks Revival of Model Homes. Clash Over Revival of Project. Promises Reasonable Terms. I.M. Levy Commends Project.,Archives,Archives,0,0.5719,0.113,0.043,0.844,0.0,0.0,0.0,construction
nyt://article/0589a7a3-eb57-5633-8b88-cc7fdfc01b74,1929-04-20,1929,MAYOR TO SEEK AID ON HOUSING PROJECT; Hopes to Enlist Rockefeller Support for East Side Model Homes Plan. GIVES TWO WEEKS' MARGIN Walker Allows Chrystie-Forsyth St. Delegation Time to Round Up Necessary Realty Holding. Thirty-five Owners in Delegation. Cappel Confident of Success.,Archives,Archives,0,0.9081,0.196,0.0,0.804,0.0,0.0,0.0,reform
nyt://article/f9b7d97b-f02b-5e65-bc98-48c80f0f4719,1929-04-20,1929,"DROPS HOUSING PLAN ON THE EAST SIDE; Western Syndicate Sees Prices Too High for Tenement Renovation. SPECULATION A BIG FACTOR Activity Centred in Six Blocks Near River, Between Catherine and Market Streets. Other Projects Dropped. Sees Speculative Loss.",Archives,Archives,0,-0.4215,0.033,0.099,0.869,0.0,0.0,0.0,construction
nyt://article/2b863546-56ff-55f1-a4ae-86dee022ff3b,1929-04-21,1929,SAVINGS BANKS SELL MADISON ST. HOUSES; North River and Citizens' Dispose of Tenement Buildings--Other Manhattan Deals.,Archives,Archives,0,0.0,0.0,0.0,1.0,0.0,0.0,0.0,construction
nyt://article/3a9a2dfb-a855-5714-a203-854d979514d5,1929-04-21,1929,NEW MODEL TENEMENTS TO RISE IN MANHATTAN; A TENEMENT HOUSE FOR THE LOWER EAST SIDE For Families of Low Income. The Tenant-Owner Plans. Financial Aid for Investors. A Well-Groomed Building. Another Group Venture.,Archives,Archives,0,-0.6705,0.0,0.115,0.885,0.0,0.0,0.0,reform
nyt://article/ec008394-b838-5444-ba10-4219e2a0258a,1929-04-21,1929,"TALL APARTMENTS TO BOOST NEWARK; Mayor Congleton Calls Model Housing Plan an Aid to City Beauty. BACKS PORT EXPANSION Multi-Family Houses Solution of Future Population Demands, He Is Convinced.",Archives,Archives,0,0.9186,0.3,0.025,0.675,0.0,0.0,0.0,reform
nyt://article/79d6b54f-be29-5383-b518-0b74d43eb932,1929-04-22,1929,"STILL BACKS WALKER ON TENEMENT PROJECT; East Side Chamber Has Not Changed Its Attitude, Says Schlacht.",Archives,Archives,0,-0.0258,0.042,0.046,0.913,0.0,0.0,0.0,construction
nyt://article/ddce0b39-0f91-595f-bf1c-b844ef55c4b9,1929-04-23,1929,"CORNER ON PARK AV. IS SOLD TO WINTER; Corporation Purchases Four Buildings at 82d Street, Held at $2,500,000. SECOND AV. CORNER IS SOLD Jeremiah Donovan Buys. Large Plot at 68th Street, With Plans for $4,000,000 Housing Project.",Archives,Archives,0,0.0,0.0,0.0,1.0,0.0,0.0,0.0,construction
nyt://article/76a2d71e-ab33-5d9e-a783-366c6b8cbf59,1929-04-27,1929,WALKER OPTIMISTIC ON HOUSING PROJECT; Predicts Success After Getting Report by Chrystie-Forsyth St. Property Owners. CITY OPTIONS SIGNED BY 46 Fair Prices Pledged by 48 Others --More Than Half of Needed Support Now Assured.,Archives,Archives,0,0.9451,0.291,0.0,0.709,0.0,0.0,0.0,construction
nyt://article/1d29f708-5775-59bf-8bc1-d4cc05ba36f4,1929-05-01,1929,"42D ST. SITES SOLD TO FRENCH COMPANY; Developers Enlarge Their Holdings in the Tudor CitySection.EAST SIDE HOUSING DEALS Operators and Investors Close, Many New Transactions Involving. Tenement Properties.",Archives,Archives,0,0.0,0.0,0.0,1.0,0.0,0.0,0.0,construction
nyt://article/81a5310b-320b-5b26-af63-4b7b72be5ba8,1929-05-02,1929,EAST SIDE SUBWAY STARTED BY MAYOR; He Breaks Ground for Crosstown System at Second Av.and East Houston St.MILLER HAILS PROJECT Sees Area Rejuvenated by Line and City's Plan to Raze OldTenements.,Archives,Archives,0,0.0,0.0,0.0,1.0,0.0,0.0,0.0,construction
nyt://article/c3f5528a-5290-5562-958d-dac02eb717c9,1929-05-02,1929,HORE HOUSES SOLD IN YORKVILLE AREA; Operators and Investors in Tenement Property Sales on the Upper East Side. WILSON BUYS TWO FLATS Acquires Four-Story Buildings in York Av.--Emanuel Ornstein Adds to His Holdings. ,Archives,Archives,0,0.0,0.0,0.0,1.0,0.0,0.0,0.0,construction
nyt://article/47d29195-833b-5d9f-8591-14d89cf1e861,1929-05-03,1929,OTHER MANHATTAN SALES.; Deals in Business and Tenement Properties Yesterdays.,Archives,Archives,0,0.0,0.0,0.0,1.0,0.0,0.0,0.0,construction
nyt://article/fad1ef2c-05fd-51b7-b245-2d9e4accfbd6,1929-05-07,1929,REVIEW OF THE DAY IN REALTY MARKET; West Side Plot Assembled as a Site for a Tall Apartment House. TO REPLACE OLD HOUSES Tenements in Yorkville Section Are Purchased by Operators Assembling Building Sites. Sale on Ninth Avenue. East Side Sales.,Archives,Archives,0,0.0,0.0,0.0,1.0,0.0,0.0,0.0,construction
nyt://article/b851e011-a52a-5099-af2c-199c67851829,1929-05-10,1929,"RAILROAD Y.M.C.A. BUYS 47TH ST. SITE; New York Central Branch Plans 16-Stoty Building to Replace Tenements. COST WILL BE $2,000,000 Move is Necessary Because Present Structure Occupies Part of New Waldorf Site.",Archives,Archives,0,0.0,0.0,0.0,1.0,0.0,0.0,0.0,construction
nyt://article/9c9c8fe3-c681-530f-9e02-0460872e0b93,1929-05-16,1929,PRESSES FOR ACTION ON HOUSING PROJECT; Letter of I.M. Levy to Mayor Asks Board to Speed ChrystieForsyth Street Plan.ANALYZES OPTION STATUSTabulates Property Pledged to Cityat Fair Price By Parcels and by Valuations.,Archives,Archives,0,0.3182,0.047,0.0,0.953,0.0,0.0,0.0,construction
nyt://article/0faca36f-0943-5900-86a0-854bf5a90545,1929-05-22,1929,"TISHMANS RESELL PARK AV. CORNER; Site at 79th St. Is Bought by Syndicate for 18-Story Apartments. WAS HELD AT $2,200,000 Ruford Building Corporation Buys East 79th St. Plot for Housing Project--Other Sales.",Archives,Archives,0,0.0,0.0,0.0,1.0,0.0,0.0,0.0,construction
nyt://article/08ba34ea-72ee-517e-8566-1bcca60ceb54,1929-05-24,1929,MORE HOUSES SOLD IN YORKVILLE AREA; Transactions in Tenement House Properties Announced by Brokers. DEAL IN EAST 77TH STREET Investor Buys Two Buildings West of First Avenue--Other East Side Trading.,Archives,Archives,0,0.0,0.0,0.0,1.0,0.0,0.0,0.0,construction
nyt://article/bdbd8015-134e-5f69-ab39-ddc9c2640297,1929-06-02,1929,"THE NEW YORK OF 1965: A COLOSSAL CITY; From the Researches of the Committee on Regional Plan It Is Possible to Envision an Urban Area Vast and Smokeless, in Which Traffic Flows Easily and Garden Apartments Replace Tenements",Archives,Archives,0,0.34,0.051,0.0,0.949,0.0,0.0,0.0,construction
nyt://article/2d2dfa32-4a2c-5385-a149-b9d9d5a40206,1929-06-08,1929,TENEMENT HOUSES SOLD IN YORKVILLE; Brokers Announce Transactions Involving Various Properties on the East Side. DEAL IN EAST 82D STREET Realty Return Corporation Disposes of Three Houses--Concert Singer Sells Her Home.,Archives,Archives,0,0.0,0.0,0.0,1.0,0.0,0.0,0.0,construction
nyt://article/2dd7d054-8d37-5684-8a77-37555a46463e,1929-06-14,1929,YORKVILLE HOUSES SOLD TO OPERATORS; Fanstar Realty Corporation Buys Four Tenements Near York Avenue. DEAL IN EAST 70TH STREET Realty Company Disposes of a SixStory Flat--Other Salesin Manhattan.,Archives,Archives,0,0.0,0.0,0.0,1.0,0.0,0.0,0.0,construction
nyt://article/30973134-9fe7-5604-a16e-992293fe3832,1929-06-17,1929,"PHILIPS HOME SOLD ON RIVERSIDE DRIVE; Five-Story Dwelling Built 30 Years Ago Was Held at $100,000. DEAL IN WEST 51ST STREET Investor Buys Two Tenement Houses Near 8th Avenue--Other Manhattan Transactions.",Archives,Archives,0,0.0258,0.035,0.0,0.965,0.0,0.0,0.0,construction
nyt://article/1b10900a-801c-5dbb-b405-e12dea265edc,1929-06-19,1929,REVIEW OF THE DAY IN REALTY MARKET; Widely Scattered Sections of Manhattan Represented in New Transactions. CHELSEA DEAL IS REPORTED Tall Flat May Replace Old Jenny Lind House--Tenements in Yorkville Are Sold.,Archives,Archives,0,0.0,0.0,0.0,1.0,0.0,0.0,0.0,construction
nyt://article/f157cb6a-d686-50b9-b6c7-a657b9d7962e,1929-07-03,1929,"REALTY SPECULATOR SOUGHT FOR THEFT; Westerners Who Formed Group to Buy Land Here on 'Tip' of City Project Is Missing. $66,000 OF FUNDS GONE Cashed Checks of Syndicate Which Bought Tenements Anticipating an East Side Parkway. Said He Had Western Capital. Asked Large Bank-Notes.",Archives,Archives,0,-0.296,0.0,0.039,0.961,0.0,0.0,0.0,construction
nyt://article/8abb40d5-c383-5acf-83d1-51d9a8b90509,1929-07-12,1929,CITY MOVES TODAY IN HOUSING PROJECT; Condemnation Notices Will Be Posted in Chrystie-Forsyth Street Tenement Area. FIRST LEGAL STEP JULY 24 Officials Will Seek to Acquire the Property Then--Two-Thirds of Options Already Held.,Archives,Archives,0,-0.4215,0.057,0.072,0.871,0.0,0.0,0.0,construction
nyt://article/1a94879c-2b2d-5c79-9b33-8dcec298c66c,1929-07-14,1929,OLD ESTATES OWN MANY TENEMENTS; 600 Lower East Side Parcels Have Been Held for Several Generations. RE-ZONING NEED IS SEEN Descendants of Pioneer Families Keep Title to Large Part of Early Holdings Through Trustees.,Archives,Archives,0,-0.4767,0.027,0.092,0.881,0.0,0.0,0.0,construction
nyt://article/58ad1523-f122-5170-bb51-c200139617a1,1929-07-18,1929,WEST SIDE HOUSES SOLD TO OPERATORS; Bachrach & Rosenstock Buy Four Flats on Columbus Av. From Howard Estate. RESALE ON WEST 113TH ST. Mrs. John Sanchez Acquires Tenement Building--Other HousingProperties in Manhattan Sold.,Archives,Archives,0,0.0,0.0,0.0,1.0,0.0,0.0,0.0,construction
nyt://article/da4363a1-9451-552a-bb33-354f6ee5ce37,1929-07-21,1929,Article 1 -- No Title; CONTRACTS PREPARED IN HOUSING PROJECT Owners of the Chrystie-Forsyth Steets Properly to Sign Papers Tomorrow.,Archives,Archives,0,-0.6249,0.053,0.167,0.78,0.0,0.0,0.0,construction
nyt://article/d5ea5c0c-0d64-5517-a2f0-c601331a5684,1929-07-28,1929,MANY BRONX PARCELS IN MURPHY'S SALE LIST; Manhattan Tenement and Long Beach Lots at Auction This Week.,Archives,Archives,0,0.0,0.0,0.0,1.0,0.0,0.0,0.0,construction
nyt://article/f7d7bbbc-e8ed-55b9-9be6-030274ed8523,1929-08-04,1929,HOUSING PROJECTS GAIN ON 5TH AVENUE; Six New Structures to Be Com- pleted on Lower Stretch This Season. GOOD RENTING REPORTED Henry Mandel Companies Announce Active Demand for Suites in Modern Buildings.,Archives,Archives,0,0.875,0.282,0.112,0.606,0.025,0.0,1.0,reform
nyt://article/f92dbe27-0ad5-5dd3-8878-86c5d1f48d24,1929-08-15,1929,"REVIEW OF THE DAY IN REALTY MARKET; Increased Volume of Sales in Manhattan, With Large Deals Pending. EAST SIDE SHOWS ACTIVITY Schulte Real Estate Company Figures in Three Deals--Operators Buying Tenements. Leases on Lexington Avenue. Parcel Sold by Estate.",Archives,Archives,0,0.2732,0.037,0.0,0.963,0.0,0.0,0.0,construction
nyt://article/fa390a61-ddac-5f9e-8d6d-355f9f0dbd3a,1929-09-01,1929,REVIEW OF WEEK IN REALTY MARKET; Announcement of Second Avenue Subway Seen as Impetus to Housing Projects. LEASES FEATURE TRADING Brokers' Reports Show an Increase in Deals for Commercial and Other Space.,Archives,Archives,0,0.3182,0.069,0.0,0.931,0.0,0.0,0.0,construction
nyt://article/3f82683a-e914-5fc8-a81b-edaf7d80f523,1929-09-04,1929,BROWN BUYS CORNER NEAR CENTRAL PARK; Operator Acquires Four Houses at 92d Street and Central Park West. DEAL ON SECOND AVENUE East Side Opening Company Resells Tenement--Col. FriedsamTransfers 5th Av. Corner.,Archives,Archives,0,0.0,0.0,0.0,1.0,0.0,0.0,0.0,construction
nyt://article/da27a811-61fe-515f-a8e4-df28c97982b0,1929-09-08,1929,"LAGUARDIA ASSERTS CITY LEASE IS 'GRAB'; Denounces Alleged Libby Hotel Deal as Example of ""Tammany Favoritism.""ASSAILS HOUSING PROJECTChrystie-Forsythe Street Plan WillRequire Rentals of $12 to $20a Room, Hhe Declares.",Archives,Archives,0,-0.6249,0.031,0.106,0.862,0.0,0.0,0.0,construction
nyt://article/538332ed-04a6-5b62-bd10-ad5ae4bd2929,1929-09-13,1929,2D AVENUE FLATS IN YORKVILLE SOLD; Lederman & Moss Acquire Two Tenement Houses Near Eighty-sixth Street. OTHER MANHATTAN SALES Housing and Business Properties in Widely Scattered Sections of the Borough Sold. ,Archives,Archives,0,0.0,0.0,0.0,1.0,0.0,0.0,0.0,construction
nyt://article/97c6a417-ef95-530f-9628-e775edb2cea6,1929-09-21,1929,DEFERS BUILDING DECISION.; Justice Sherman Reserves Ruling on 221 East 22d St. Structuce. Plans for Manhattan Flat Filed.,Archives,Archives,0,0.5267,0.096,0.0,0.904,0.0,0.0,0.0,construction
nyt://article/9f738ebc-fe1b-536f-85ef-434c035d365b,1929-09-23,1929,YORKVILLE HOUSES SOLD.; East Side Tenements Bought by Operator and Investor.,Archives,Archives,0,0.0,0.0,0.0,1.0,0.0,0.0,0.0,construction
nyt://article/b651ba22-a93c-51ce-a541-94ac2c0fb22f,1929-10-04,1929,THE SCREEN; A Screen Musical Comedy.,Archives,Review,798,0.9988,0.157,0.031,0.812,0.0,0.0,0.0,conflict
nyt://article/89d35352-67dc-578f-8335-5c35aace51f2,1929-10-10,1929,BROOKLYN TRADING.; Residences Bought for Occupancy Through Multiple Listing. Buys Second Cooperative Suite. Operator Sells East Side Flats. Sells Bridgehampton Estate. Park Avenue Tenement Auctioned. TRANSFERS RECORDED. MANHATTAN PLAN FILED. ,Archives,Archives,0,0.0,0.0,0.0,1.0,0.0,0.0,0.0,construction
nyt://article/8cfe2e85-dff2-5d99-a1cf-35a731e26e39,1929-10-25,1929,EAST SIDE HOUSES SOLD TO OPERATORS; Cahn & Cahn Buy Four Flats to Extend Plot at 2d Avenue and 71st Street. 3 HOUSES IN 34TH ST. SOLD Harry L. Well Adds to His Holdings Near Second Avenue--Deal on Murray Hill.,Archives,Archives,0,0.4215,0.076,0.0,0.924,0.0,0.0,0.0,construction
nyt://article/3157f9bf-f1cf-56f8-adb8-2a54de959a60,1929-10-27,1929,HAS CONFIDENCE IN EAST SIDE HOUSING; I. Montefiore Levy Sees Lower East Side as Attractive Home Section. RENOVATE NEGLECTED AREA Great Model Tenement Centre is Arise Around Chrystie and Forsyth Streets.,Archives,Archives,0,0.7269,0.248,0.125,0.627,0.0,0.03226,-1.0,reform
nyt://article/e60a59c5-0bc6-54ea-8394-1219257f5081,1929-11-05,1929,OTHER MANHATTAN SALES.; Transactions in Tenements Feature Activity.,Archives,Archives,0,0.0,0.0,0.0,1.0,0.0,0.0,0.0,construction
nyt://article/67049b8b-46f8-5c27-bcd5-e91a91a5e560,1929-11-06,1929,"ELECTION BONFIRES KEEP FIREMEN BUSY; Manhattan Has 180 Alarms and Brooklyn 103 in 4 Hours at Night. EMPTY TENEMENT BURNS Huge Crowd Drawn to 23d Street Blaze, Where Ammonia-Tank Explosion Is Threatened.",Archives,Archives,0,-0.5574,0.057,0.172,0.771,0.0,0.0,0.0,construction
nyt://article/373c1974-eb55-5a52-95f0-602500358a97,1929-11-17,1929,"1,500 APPLICATIONS FOR MODEL SUITES; New State Housing Project Is Financed by Long Loan by Bowery Bank. CLEARING THE SITE RAPIDLY Hoe Plant and Big Clock, Lower East Side Landmarks, Fall Prey to Hands of Wreckers.",Archives,Archives,0,0.2023,0.053,0.039,0.907,0.0,0.0,0.0,construction
nyt://article/3c059072-edbb-5dba-91c7-7c317f0707ec,1929-11-17,1929,MANHATTAN HOUSES IN AUCTION NOV. 26; Several Tenements Included a J.P. Day's Sale--Bronx Plots Offered.,Archives,Archives,0,0.0,0.0,0.0,1.0,0.0,0.0,0.0,construction
nyt://article/c9a579da-65a3-5b9c-8c15-45b07948b1e2,1929-11-17,1929,"REVIEW OF WEEK IN REALTY MARKET; Activity Well Distributed, With Several Large Building Projects Announced. GOOD EAST SIDE DEMAND New York Central Increasing West Side Holdings--Tenements in Yorkville Sold.",Archives,Archives,0,0.5423,0.154,0.046,0.8,0.0,0.0,0.0,construction
nyt://article/f9b6003f-dd09-575c-914a-982f36103ad8,1929-12-11,1929,"15,000 VIOLATIONS IN QUEENS HOUSING; Deegan Gets Report Outlining Problem Faced by New Bureau to Be Opened Jan. 1. GRAVE FIRE HAZARDS SEEN Hundreds of Families Have Enlarged Homes Without Having Escapes, He Says. ORDERS A WIDE CLEAN-UP Finnerty, Manhattan Chief, to RunNew Bureau far a While--OtherInspectors to Be Shifted.",Archives,Archives,0,-0.9309,0.0,0.206,0.794,0.0,0.0,0.0,reform
nyt://article/a7769681-455f-5593-96a9-efbe2fcd4bfa,1929-12-15,1929,MANHATTAN PARCELS IN PARTITION SALE; East Side Tenements Are in Murphy's Auction Offerings Next Thursday.,Archives,Archives,0,0.0,0.0,0.0,1.0,0.0,0.0,0.0,construction
nyt://article/9da09056-d30c-5c5a-a146-93a52cd417cc,1929-12-24,1929,"ROBBERS SLAY TWO IN DAY OF HOLD-UPS; Shoe Clerk, 60, Shot Down as He Refuses to Surrender Ring Dead Wife Gave Him. THUG KILLS A MILKMAN Shot Just Misses Mother and Girl in Tenement--Armed Men Invade Shops in Manhattan. Milk Driver Slain. Three Rob Shoe Store. ROBBERS SLAY TWO IN DAY OF HOLD-UPS Shot in Tenement Hallway. $2,500 Stolen in Queens. Robbery in Branch Postoffice.",Archives,Archives,0,-0.9735,0.0,0.229,0.771,0.0,0.0,0.0,pathology
nyt://article/21a22411-e33c-5a0b-a042-3e78bd27f4a7,1930-01-06,1930,"PLANS COMPLETED FOR MODEL HOUSING; Factories Half Demolished for Lehman-Rabinowitz Project on Lower East Side. COST WILL BE $2,500,000 250 Families Will Get Suites Comparable to Those in AreasWhere Rent Is Higher.",Archives,Archives,0,-0.5267,0.0,0.073,0.927,0.0,0.0,0.0,reform
nyt://article/14c0798c-f740-5585-9bde-294297427652,1930-01-07,1930,UNION TO MANAGE LEHMAN TENEMENTS; Amalgamated Garment Body to Sell Model Apartments on Cooperative Plan. $500 A ROOM TO BE COST Ten-Year Credit to Be Extended to Purchasers in Lower East Side Housing Plan.,Archives,Archives,0,-0.2023,0.052,0.088,0.86,0.0,0.0,0.0,construction
nyt://article/6822367c-5504-5c68-b880-e89671d24e34,1930-01-11,1930,VACANCY SURVEY DROPPED.; But Tenement House Commissioner Deegan Will Gather East Side Data.,Archives,Archives,0,0.0,0.0,0.0,1.0,0.0,0.0,0.0,construction
nyt://article/e04c87b7-c958-52f7-8afa-afade2b421c9,1930-01-11,1930,"NEW YORK FIRM WINS RUMANIAN CONTRACT; David M. Oltarsh Obtains Award for $100,000,000 Government Housing Project.",Archives,Archives,0,0.802,0.224,0.0,0.776,0.0,0.0,0.0,construction
nyt://article/87427433-83cf-5859-9707-e86f518b12f2,1930-01-23,1930,"MANY TENEMENTS VACANT.; Residents Are Rapidly Abandoning Older Structures, Keegan Finds.",Archives,Archives,0,-0.6705,0.0,0.268,0.732,0.0,0.0,0.0,crisis
nyt://article/cad69dd6-d25e-59ff-960e-8b98433c40c2,1930-01-24,1930,"GETS BIG CONTRACT FOR RUMANIA HOMES; D.M. Oltarsch, Architect Here, Reveals $100,000,000 Housing Project in That Country. NATION TO AID ITS CITIZENS Will Take Mortgages Secured by Salaries and Insurance--Plan to Be Suggested Here.",Archives,Archives,0,0.4019,0.058,0.0,0.942,0.0,0.0,0.0,construction
nyt://article/03200be5-d55c-577e-91b6-2c0edac6b8e8,1930-01-30,1930,"SHUBERTS ACQUIRE 6TH AVENUE CORNER; Operator Disposes of Site Near Bryant Park to Owners of Adjoining Theatre. TAKES GARRICK IN TRADE Deal Represents Investment of $1,500,000--New York Central Buys West Side Tenements. Takes Garrick Theatre in Part Trade. Railroad Buys More Land.",Archives,Archives,0,0.0,0.0,0.0,1.0,0.0,0.0,0.0,construction
nyt://article/80ae2a7b-c8e8-533e-aabd-178157cf23bc,1930-02-14,1930,OLD BARUCH HOME ON W. 52D ST. SOLD; Livingston Family Disposes of an East Side Tenement After Holding Property for Century. SITE SOLD FOR SYNAGOGUE Other Houses on East and West Sides of Manhattan Also Pass to New Owners.,Archives,Archives,0,0.0,0.0,0.0,1.0,0.0,0.0,0.0,construction
nyt://article/1115f820-8d5e-59f9-b625-768a98213fc9,1930-02-16,1930,"MANY FAMILIES LIVE IN REAR TENEMENTS; Report Shows 10,023 Persons Occupy Such Places on the Lower East Side. FREE RENT IN CITY HOUSES Survey Lists 433 Old Houses on Interior Lots--Vacancies Are Increasing. Many Owned by Estates.",Archives,Archives,0,-0.0258,0.056,0.075,0.869,0.0,0.0,0.0,construction
nyt://article/72171bc4-6b45-590d-99ba-d4acf4d2fa19,1930-03-10,1930,"TO DEVELOP TRACT ON UPPER EAST SIDE; Syndicate Purchases Five Acres in the Carl Schurz Park Section. PLANS COMMUNITY CENTRE Land and Buildings Estimated to Involve $40,000,000--Old Tenements Now on Site.",Archives,Archives,0,0.0,0.0,0.0,1.0,0.0,0.0,0.0,conflict
nyt://article/2f62e1f9-5053-5e9f-821a-999cfb351ed6,1930-03-17,1930,PLAN CLEAN-UP DRIVE IN TENEMENT DISTRICT; Community Councils' Groups to Begin Lower East Side Campaign at Dinner Tonight.,Archives,Archives,0,-0.5267,0.0,0.128,0.872,0.0,0.0,0.0,reform
nyt://article/db5babb3-123c-5889-8fde-1fb6107c48bc,1930-03-21,1930,"EAST SIDE HOUSING CALLED DEPLORABLE; State Board Tells Legislature Magistrates' Courts Are Partly to Blame for Conditions. FOUND LAX IN PUNISHING Report Calls Queens Mass of Frame Dwellings the ""Slums of the Future."" Magistrates' Courts Criticized. New Prosecutor Is Asked. EAST SIDE HOUSING CALLED DEPLORABLE Queens 'Shoddy' Dwellings Deplored.",Archives,Archives,0,-0.9511,0.0,0.233,0.767,0.0,0.0,0.0,crisis
nyt://article/8b9dbe38-bae8-5e37-9256-f16805fd7d6f,1930-03-23,1930,"CITY HOUSING PLANS URGED TO ADD JOBS; Industrial Democracy League Adopts Resolution Demanding Slum Clearance. SPEAKER ASSAILS INDUSTRY Union Head Demands Insurance for Idle, Higher Wages and Sharing of Jobs Among All Workers.",Archives,Archives,0,0.0,0.14,0.125,0.736,0.0,0.01786,-1.0,construction
nyt://article/a6870fc3-a064-5bb5-b1a8-3e3821bf1792,1930-03-23,1930,"Boyhood on the Old East Side; Michael Gold Puts Down His Memories of Tenement Life, Pusheart Peddlers and Gang Wars in a Vivid Autobiography",Archives,Archives,0,-0.765,0.0,0.231,0.769,0.0,0.04167,-1.0,pathology
nyt://article/2c792d1c-d468-5567-8fb9-42bfc3eed483,1930-03-27,1930,THOMAS RETORTS TO WALKER ON IDLE; Denies Insincerity and Invites Mayor to Join Him in Pushing Municipal Relief Bill. SEES HIS DEMANDS EVADED Again Urges Slum Clearance and Housing Programs to Provide Jobs for the Unemployed.,Archives,Archives,0,-0.1779,0.174,0.169,0.656,0.05769,0.01923,0.5,reform
nyt://article/8a596e05-f3dd-5e16-9cd5-390e01e18c06,1930-04-02,1930,POOR HOUSING LAID TO RICH OWNERS; East Side Chamber Secretary Asserts Cultured Families Do Not Improve Tenements. FINDS AGENTS INDIFFERENT Mass Meeting Today Ends Community Councils' Clean-UpCampaign.,Archives,Archives,0,-0.6002,0.067,0.176,0.758,0.0,0.0,0.0,reform
nyt://article/5d2bcef5-4568-5ab7-af3a-e7b94751753f,1930-04-20,1930,PARIS CINEMA CHATTER; IN FILM OF POPULAR NOVEL,Archives,Review,1540,0.9972,0.095,0.037,0.868,0.0,0.0,0.0,construction
nyt://article/731baa0c-4edf-5a25-be19-bd11e094faec,1930-04-22,1930,LETS MORE CONTRACTS IN HOUSING PROJECT; Miller Says Demolition in Chrystie-Forsyth Street ProgramWill Start Soon.,Archives,Archives,0,0.0,0.0,0.0,1.0,0.0,0.0,0.0,construction
nyt://article/3677d7ec-8a48-523a-86e1-96bf7a8332f8,1930-05-03,1930,REVIEW OF THE DAY IN REALTY MARKET; Tenement Houses Are in Demand on the West SideSouth of 59th Street.MORTGAGE LOANS GAINSuburban Market Is Active Again--Many Leasehold TransactionsIn Manhattan. Railroad Buys Tenements. Upper West Side Lease. Cooperative Sultes Bought. Music Professor Acquires House. Gets Parochial School Contract. Sells Far Rockaway Parcel. ,Archives,Archives,0,0.296,0.052,0.029,0.92,0.0,0.0,0.0,construction
nyt://article/c724f7b0-fddc-5e6b-8c61-0fe89190ad10,1930-05-09,1930,EAST SIDE REALTY DISPLAYS ACTIVITY; Mrs. Louise T. Romaine Disposes of Four-Story Dwelling in East 92d Street.DEAL ON EAST 84TH STREETF.G.W. Construction CompanyBuys Five-Story Tenement--Other Sales in Manhattan. ,Archives,Archives,0,0.0258,0.039,0.0,0.961,0.0,0.0,0.0,construction
nyt://article/6003ebce-aa26-5023-bbab-1c4bc6c2ce9b,1930-05-18,1930,POPULATION SHIFTS IN NEW YORK AREA; Trade Expansion and Razing of Crowded Tenements Lower Manhattan Total. NEW HOME CENTRES GROW Despite Gains in Some Sections City's Percentage of the Nation's Population Declines. Yorkville Shows a Decline.,Archives,Archives,0,-0.5,0.0,0.111,0.889,0.0,0.0,0.0,construction
nyt://article/9f55b572-53a6-5b46-9c8c-985844f05634,1930-05-22,1930,"MORTGAGE LOAN SPURS EAST SIDE HOUSING; Bowery Bank Agreement Will Furnish $990,000 for Model Cooperative Tenements.",Archives,Archives,0,0.4939,0.113,0.0,0.887,0.0,0.0,0.0,reform
nyt://article/d4ae2a6c-4ebb-54f8-8e08-60ece7c9535a,1930-06-14,1930,REVIEW OF THE DAY IN REALTY MARKET; Lower Manhattan and Harlem Deals Lead in Quiet Trading. SALE IN GREENWICH STREET Investor Acquires Tenement House for Alteration--Leasehold Deals Announced. ,Archives,Archives,0,-0.296,0.0,0.075,0.925,0.0,0.0,0.0,construction
nyt://article/997b2e01-8eae-53c2-8a19-5ca828fbe811,1930-06-21,1930,"REVIEW OF THE DAY IN REALTY MARKET; Leasehold Deals Lead in Relatively Quiet Trading in Manhattan. FEW SALES ARE REPORTED Suburban Areas Show Little Activity --Lease Transactions Cover a Variety of Properties. Lease Near ""Radio City."" Two Tenements Leased.",Archives,Archives,0,0.0,0.0,0.0,1.0,0.0,0.0,0.0,construction
nyt://article/0751c19b-375d-546e-86aa-80a1f0ac721c,1930-06-29,1930,INCENDIARY SOUGHT IN 8 EAST SIDE FIRES; Many Forced to Flee Tenements and Alarm Spreads Through Congested District. ONLY TWO BLAZES SERIOUS Hunt for Pyromaniac Leads to Watch for Suspicious Characters by Police.,Archives,Archives,0,-0.802,0.0,0.204,0.796,0.0,0.0,0.0,construction
nyt://article/966c6085-39be-5388-9960-79b12d164238,1930-08-04,1930,CRITICIZES WALKER ON MODEL HOUSES; Riegelman Charges Mayor With Blocking Chrystie-Forsyth Street Project. DEMANDS QUICK ACTION Says He Does Not Believe Pledge of Rockefeller Aid Has Been Received by Executive.,Archives,Archives,0,-0.8689,0.0,0.258,0.742,0.0,0.0,0.0,construction
nyt://article/5d7564f1-bca6-5cc9-9947-1cc3a863bf6f,1930-08-08,1930,REVIEW OF THE DAY IN THE REALTY FIELD; Leasehold Deals Again Constitute Bulk of Trading inManhattan Area.SOME LARGE LOANS LISTED East 35th Street Properties AreTaken for Improvement WithTwo Apartment Houses. Second Av. Apartment House Sold. Lease on Third Avenue. Frankl Galleries to Move. Buys 20 Acres at Saratoga Springs. Brooklyn Corner Taken for Golf. Trinity Church Lease in Brooklyn. Shoe Company Rents in Stamford. Bronx Tenement Is Sold. ,Archives,Archives,0,0.4588,0.043,0.0,0.957,0.0,0.0,0.0,construction
nyt://article/10726b8a-caba-5201-8056-b7b416632ce0,1930-08-10,1930,"Manhattan Holdings of the Wendels Have Assessed Value of $43,421,000; Much of the Property Held for Three Generations by Strict Family Policy--Broadway Business Block and Many Old East Side Tenements Included. Realty Men Have Sought Property. Large Offers Refused.",Archives,Archives,0,-0.4019,0.053,0.112,0.835,0.0,0.0,0.0,construction
nyt://article/cd6e52d2-87ec-5a62-ad55-b9b704b1482e,1930-08-10,1930,"CRITICISM OF MAYOR ON HOUSING SCORED; President of Real Estate Group Protests Charge of Delay in Chrystie-Forsyth Plan. SAYS CITY CANNOT ACT Law, Based on Heckscher Financing, He Declares, Will Not AidProject Without State Subsidy.",Archives,Archives,0,-0.873,0.028,0.213,0.759,0.0,0.0,0.0,reform
nyt://article/649ce564-e3f3-5e80-a86a-3b01585a33e3,1930-08-12,1930,"ASKS $686,000 RISE IN TENEMENT FUND; Deegan Says Budget Increase Is Needed for Inspection of 100,000 More Buildings. WOULD ADD 310 EMPLOYES Also Gives Mayor Augmented 1931 Request Because of New Duties --Lectures Manhattan Staff. Proposes Survey of Added Buildings. Apartment Hotels Also Included. Stresses Vigilance for Stills",Archives,Archives,0,0.1027,0.077,0.052,0.871,0.0,0.0,0.0,construction
nyt://article/fd0db7f5-987e-53f0-9a73-168c49456229,1930-08-17,1930,RENOVATING TENEMENTS.; Lower East Side Owners Modernize Old Buildings.,Archives,Archives,0,-0.5267,0.0,0.239,0.761,0.0,0.0,0.0,reform
nyt://article/20a5f618-a251-5e94-ac94-498a3d0d7cf7,1930-08-19,1930,"DRIVE TO CLEAN UP TENEMENT HAZARDS; Deegan, With 250 Men, to Press Campaign in All Boroughs Until Homes Are Safe. WILL SCAN WEST SIDE NEXT Commissioner Says Brooklyn and Queens Will Follow Manhattan Survey. Warns Queens and Brooklyn. DRIVE TO CLEAN UP TENEMENT HAZARDS",Archives,Archives,0,0.8625,0.185,0.024,0.791,0.0,0.0,0.0,reform
nyt://article/4e739883-f1cf-59a4-84b9-7e4ad51e964c,1930-09-13,1930,"TO SPEND $10,000,000 ON HOUSING PROJECT; Four Apartment Structures Around Garden on West Side Planned by Henry Mandel. OTHER NOTABLE FEATURES Site at 57th Street Between 8th and 9th Avenues Acquired Recently From Otto Kahn. Huge Apartment Structure. Moderate Rentals Planned. Apartment for Loft Zone. ",Archives,Archives,0,0.3182,0.05,0.0,0.95,0.0,0.0,0.0,construction
nyt://article/c1a8dfe1-2ae5-517d-85fb-692544851e80,1930-10-22,1930,BRONX PROPERTIES SOLD; Sites Are Bought for Business and Housing Projects. ,Archives,Archives,0,0.0,0.0,0.0,1.0,0.0,0.0,0.0,construction
nyt://article/2fc737f4-a721-5fd2-aacb-4912fb949f38,1930-10-26,1930,"In Grand Street Stands a Cooperative Apartment Building Which Combines Architectural Beauty With Modern Facilities and Affords a Striking Contrast to the Near-by Tenements, Dingy and Sunless; The Community Life. East Side Viewpoints. A Trade Union Project. Simple and Effective. Garbage Disposal. Workers Take an Interest. Change in Living Habits.",Archives,Archives,0,0.9423,0.261,0.0,0.739,0.02,0.0,1.0,reform
nyt://article/baa67477-dc3b-5acd-9c4c-f819c32d2e2c,1930-10-26,1930,EAST SIDE PLOTS IN AUCTION MARKET; Well-Situated Tenement Properties in Joseph P. DayList This Week.,Archives,Archives,0,0.0,0.0,0.0,1.0,0.0,0.0,0.0,construction
nyt://article/5c5ff5d9-e970-5400-a3c2-363002e8717f,1930-11-02,1930,"MODEL TENEMENTS OPEN TO FAMILIES; Eighty Tenant-Owners Move Into 231-Suite Structure on Lower East Side. RENTALS PAY FOR HOMES Baby-Carriage Garage, Spacious Rooms and Roof Gardens Among Faclilties Offered to Occupants.",Archives,Archives,0,0.5267,0.138,0.083,0.78,0.02632,0.0,1.0,reform
nyt://article/af76d631-10d1-5d4f-9775-5c8180e12b0f,1930-11-09,1930,"SOCIALISTS COMPLETE BIG HOUSING PROJECT; Vienna Building, Over Half-Mile Long, Will Accommodate 5,000 Persons.",Archives,Archives,0,0.0,0.0,0.0,1.0,0.0,0.0,0.0,construction
nyt://article/c0811932-8212-50ca-a5b0-dd98ec280ad4,1930-11-12,1930,MODEL HOMES DRAW EAST SIDE TENANTS; Families Accustom Themselves to Luxuries of Apartments Built Under State Auspices. ROOF GARDEN A FEATURE Armistice Day House Warming Attracts Throngs of Visitors toGrand Street Project.,Archives,Archives,0,0.743,0.169,0.0,0.831,0.0,0.0,0.0,conflict
nyt://article/a5257ccc-62c2-5238-a751-40c1259ac3c8,1930-11-25,1930,"SMITH TO INITIATE BIG TENEMENT PLAN; Discussions for East Side Building Project to Begin Soon,Ex-Governor Says.TO MAKE $25,000,000 WORKAid to Unemployed is Stressed in Letter from the HousingCommittee Chairman.",Archives,Archives,0,-0.34,0.0,0.059,0.941,0.0,0.0,0.0,construction
nyt://article/a9eb075f-e1d6-5425-b9dd-1601fcf04987,1930-11-26,1930,GOVERNOR PRAISES NEW HOUSING PLAN; Roosevelt Wires Cullman That Model Tenement Project Would Provide Jobs. SLUM CLEARANCE URGED Hoopingarner Cites Scarcity of Homes for Salaried Persons and Commends Smith's Move. Glass Plant Will Resume Work.,Archives,Archives,0,0.2263,0.126,0.082,0.793,0.02703,0.02703,0.0,reform
nyt://article/25a6f4e0-7ce9-546e-963e-0615225d37a5,1930-11-30,1930,HOUSING PROJECT BRINGS NEW LIFE TO WORKERS; The Amalgamated's Cooperative Project in Three Years Has Raised Standards in the Community. Immigrants and Environment. The Wife's Problems. Using Leisure Hours. Children Benefit.,Archives,Archives,0,0.0772,0.074,0.066,0.86,0.0,0.0,0.0,conflict
nyt://article/fa21f533-2866-5fc5-9ce1-cc8d4e940f8e,1930-12-07,1930,LABOR GROUP URGES SUPER-CABINET OF 5 TO RESCUE BRITAIN; Sir Oswald Mosley and Sixteen Other Commons Members Challenge MacDonald. VAST REFORMS SUGGESTED Some See Tie With Liberals in Call for Housing Projects Under Federal Board. DELAY ON DEBT PROPOSED They Also Ask Import Boards and Tariffs--Movement Is Revolt of Youth Against Old Leaders. Import Boards Are Urged. Most Are Obscure Laborites. LABOR GROUP URGES SUPER-CABINET OF 5 Leaders Are Above 60. Ask Non-Partisan Support. Would Mobilize Resources. Producers' Financial Policy.,Archives,Archives,0,-0.0,0.07,0.07,0.86,0.0,0.0,0.0,construction
nyt://article/456c8372-f7c5-5530-80c7-a8361737c7b1,1931-01-10,1931,SLUM CLEARANCE.,Archives,Archives,0,-0.3612,0.364,0.636,0.0,0.0,0.5,-1.0,construction
nyt://article/5018e009-534c-5902-8d44-ba5d6390fdcc,1931-01-13,1931,4.1% DROP IN JOBS NOTED IN DECEMBER; Commissioner Perkins Finds State Factory Employment Lowest on Record. DECLINE FOR YEAR IS 12% Urges Slum-Clearance Projects to Provide Needed Work and Employ Idle Capital. Expects No Gain before March. Urges Slum Clearance. December Employment Figures.,Archives,Archives,0,-0.9224,0.06,0.26,0.679,0.01887,0.03774,-0.3333,construction
nyt://article/5d31ec24-29d5-5f4b-ac5d-edb2377e2807,1931-01-26,1931,"$2,000,000 MODEL HOUSING PROJECT IN THE BRONX.",Archives,Archives,0,0.0,0.0,0.0,1.0,0.0,0.0,0.0,reform
nyt://article/380ae3ef-0879-560f-905a-1defe7f2b6f4,1931-01-28,1931,REVISES HOUSING PROJECT.; Syndicate Plans Cooperative Homes for Former Hill Estate. ,Archives,Archives,0,0.0,0.0,0.0,1.0,0.0,0.0,0.0,construction
nyt://article/04dbcf8c-86b6-520b-a8be-601b68976f0b,1931-02-08,1931,"FOOTNOTES ON A WEEK'S HEADLINERS; Turning Down $25,000,000. A Housing Project. Einstein's Tutor. Briand's Lieutenant.",Archives,Archives,0,0.0,0.0,0.0,1.0,0.0,0.0,0.0,conflict
nyt://article/d65e1a36-999d-5658-a5c1-defbf9c56493,1931-02-18,1931,"5 KILLED, 8 FELLED IN TENEMENT FIRES; East Side Blaze Fatal to Two Women and a Man Is Laid to Incendiary. MOTHER AND SON ALSO DIE Boy Playing With Matches as They Slept Blamed for Second Fire-- Policeman Saves Many. The Dead. Eighty Asleep in Building. Mother and Son Lose Lives.",Archives,Archives,0,-0.9853,0.022,0.392,0.586,0.0,0.0,0.0,construction
nyt://article/b72de791-a0ed-599a-8297-02ef4ab24d20,1931-02-19,1931,THIRD ST. SITE SOLD FOR NEW BUILDING; Modern Apartment Will Replace Four Old East Side Tenement Houses.DEAL IN WEST 17TH STREET National Biscuit Company Buys Four-Story Structure--ManyManhattan Leases Reported. School Leases East 91st Street House. Leasing Contract Details. ,Archives,Archives,0,0.4588,0.075,0.0,0.925,0.02632,0.0,1.0,reform
nyt://article/9d420fc4-edd8-5aee-8e97-1084080a11af,1931-02-27,1931,"URGES CITY TO BUY AND DESTROY SLUMS; Devine, in Housing Symposium, Advocates Municipal Authority to Remove Old Dwellings. McANENY ASSAILS APATHY Asks Public Demand for Funds to Improve East Side for Homes and Halt Exodus There.",Archives,Archives,0,-0.7351,0.112,0.217,0.671,0.0,0.0,0.0,construction
nyt://article/cca12326-be5f-502d-81a5-5b61f9688c2e,1931-03-01,1931,Adams Favors Private Enterprise In New Housing Projects,Archives,Archives,0,-0.128,0.195,0.171,0.634,0.0,0.0625,-1.0,construction
nyt://article/f8ef0ae0-08f8-56f7-9b0a-b28ec813329c,1931-03-09,1931,SCORES CITY JUDGES ON HOUSING LAXITY; Riegelman Says Magistrates and Administration Block Tenement Law Benefits. URGES PUBLIC VIGILANCE Grimm Also Tells Radio Forum Audience Slum Clearance Must Be Effected Soon. Lays Evils to Greed.,Archives,Archives,0,-0.7351,0.132,0.223,0.645,0.02273,0.02273,0.0,construction
nyt://article/c22ec658-2e48-563e-8ce4-c8bd4ad7f069,1931-03-12,1931,TRADING IN MANHATTAN.; Tenement Sales and Leasehold Deals Make Up Day's Business. ,Archives,Archives,0,0.0,0.0,0.0,1.0,0.0,0.0,0.0,construction
nyt://article/aa19f19d-2c65-57f2-94e1-e350e0427021,1931-03-15,1931,TENEMENTS AT AUCTION.; Manhattan and Bronx Properties in Murphy Sales List. ,Archives,Archives,0,0.0,0.0,0.0,1.0,0.0,0.0,0.0,construction
nyt://article/c0cc539c-7c12-53fb-b157-41d719f8b30b,1931-03-19,1931,GET BILL FOR STATE POWER AUTHORITY; Assemblymen Expected to Pass Measure Favored by the Republicans and Governor.HE WILL SUGGEST CHANGESSenate Passes Measures AffectingNew York Tenement House Law and Building Code.,Archives,Archives,0,0.2263,0.075,0.033,0.892,0.0,0.0,0.0,construction
nyt://article/9a44f95a-85be-5d08-ba4c-4fa54c7643ad,1931-03-28,1931,ASKS CITY TO REVIVE MODEL HOUSING IDEA; I. M. Levy Tells Estimate Board Time Has Come to Go on With Chrystie-Forsyth Project. SUGGESTS PLANS BE DRAWN Wants Barren Area Made Fit for Playground Use in Meantime-- Sees Chance to Aid Jobless. Subject Brought Up by I. M. Levy. Suggests Survey by a Board.,Archives,Archives,0,0.7096,0.095,0.0,0.905,0.0,0.0,0.0,reform
nyt://article/985dca8f-6dfb-5cb3-abc9-a256425a285e,1931-03-31,1931,"SHAKE-UP SHIFTS 54 ON DEEGAN'S STAFFS; Tenement Bureau Head Orders Exchange of Inspectors in Brooklyn and Manhattan. DENIES ANY ARE ACCUSED Declares He Acted for Good of the Service, Without Considering City Inquiry.",Archives,Archives,0,-0.2732,0.065,0.111,0.824,0.0,0.0,0.0,construction
nyt://article/59e00263-1949-5773-bc76-a954f1e5ec2b,1931-04-06,1931,"TWO CHILDREN KILLED IN FIRE SET BY BOMB; Six Other Persons Injured as Device Is Exploded in Lower East Side Tenement. GROCER TELLS OF THREATS Asserts He Was Approached by Racketeers, Who Demanded Protection Money. Bomb Rocks Neighborhood. 2 CHILDREN KILLED IN FIRE SET BY BOMB",Archives,Archives,0,-0.9904,0.0,0.486,0.514,0.0,0.0,0.0,construction
nyt://article/47701845-8a17-5a4f-9e76-c4b626972e28,1931-04-08,1931,BIG BUILDING SOLD ON 57TH STREET; J.P. Finneran Gets 22-Story Office Structure Near 5th Av. From Delbarton Concern. MANY MANHATTAN DEALS Trading on Larger Scale is Reflected in Sales of Apartment Houses and in New Leaseholds. First Avenue Tenement Sold. Other Leasehold Deals.,Archives,Archives,0,0.0,0.0,0.0,1.0,0.0,0.0,0.0,construction
nyt://article/56118175-d903-55e9-aa68-291e95beeeb4,1931-04-23,1931,57TH ST. DEAL LEADS MODERATE TRADING; Rolls-Royce Building Near Madison Avenue Is Sold by Robert E. Simon.HOTEL LEASE SURRENDERED Coleman Regains Possession of theGreat Northern in 56th Street-- Other Manhattan Contracts. Harlem Tenement Sold. Interior Strip Sold for $400. Orange County Acreage Sold. Buys Staten Island Apartments. BUSINESS LEASES.,Archives,Archives,0,0.0,0.0,0.0,1.0,0.0,0.0,0.0,construction
nyt://article/333cb112-47d5-57a9-9f54-640752efe2c6,1931-05-03,1931,"HOUSING DEMAND SPUR TO BUILDING; New Homes and Apartments Are Under Way in Many Parts of Queens. PERMITS SHOWING INCREASE More Than 3,000 Dwellings Being Built or Projected This Year, Commerce Survey Shows.",Archives,Archives,0,0.2023,0.058,0.038,0.905,0.0,0.0,0.0,construction
nyt://article/47b6a725-58e9-5687-b397-424dc4ec6e8a,1931-05-04,1931,TWO SUSPICIOUS FIRES QUELLED ON EAST SIDE; City Yacht Club on Pelham Bay Destroyed by Blaze and a West Side Tenement Is Damaged.,Archives,Archives,0,-0.8225,0.0,0.264,0.736,0.0,0.0,0.0,construction
nyt://article/a8b5abce-61f9-5a6d-a8f1-e230326c07a7,1931-05-11,1931,"LURED TO TENEMENT, SHOT DEAD BY GANG; Victim Believed Put on Spot' After Being Decoyed to House at Manhattan Bridge.",Archives,Archives,0,-0.8555,0.0,0.309,0.691,0.0,0.0,0.0,pathology
nyt://article/29b0d182-fe2d-5569-b0fb-c1bde2ed4422,1931-05-19,1931,BIG HOUSING PROJECT SUED; Realty Man Fights Tax Exemption for Clason Point Development.,Archives,Archives,0,-0.4019,0.0,0.065,0.935,0.0,0.0,0.0,construction
nyt://article/e5bf235c-9d51-53ca-89de-a748838beb05,1931-05-23,1931,"SALES SCATTERED IN QUIET TRADING; Market in Manhattan Lags Again, With Only a Few Transactions Recorded by Brokers.DEAL ON BLEECKER STREET Contracts Closed for Tenement Houses on the Upper East Side--Moore Lease Sold.",Archives,Archives,0,-0.3612,0.0,0.072,0.928,0.0,0.0,0.0,construction
nyt://article/8155ed2a-2b06-54d1-ba0c-37e3b3a7067e,1931-05-28,1931,EXTENDS CONTROL OF YORKVILLE PLOT; Holding Company Buys Two Tenement Houses in East Seventy-ninth Street. CASS GILBERT HOME RENTED Two Grand Street Buildings Taken --Other Manhattan Leaseholds Made on Scattered Properties. Latest Leases Announced. Quitclaim on East 117th Street House. ,Archives,Archives,0,0.5423,0.106,0.0,0.894,0.0,0.0,0.0,construction
nyt://article/4e2808d7-4cd1-5de0-8ad4-2bf6e8bc2455,1931-06-03,1931,"44 REDS ARRESTED IN EVICTION PROTEST; Police Surprise Band of 100 Moving Dispossessed Family Back Into Tenement. EAST SIDE CROWD WATCHES Communists Sing ""Internationale"" While Undoing Marshal's Work --All Freed in Night Court.",Archives,Archives,0,-0.7506,0.092,0.215,0.692,0.0,0.0,0.0,conflict
nyt://article/c6769a7c-8fae-528f-90b4-2a119281b84f,1931-06-03,1931,"MANHATTAN HOMES IN GOOD DEMAND; Sales and Leases Reported of Housing Properties in Scattered Sections. OUTLYING SECTIONS ACTIVE Several Transactions Reported by Brokers in Queens, New Jersey and Connecticut. Tenth Avenue Tenement Sold. Leases Are Transferred ",Archives,Archives,0,0.6249,0.14,0.037,0.823,0.0,0.0,0.0,construction
nyt://article/77f89e85-acbe-5b37-915f-05fa2e695732,1931-06-14,1931,"Great Home Construction Plans Advocated for Lower East Side; Proposal Involves Financing Fund of $250,000,000 to Improve Old Tenement Areas With Modern Structures at Reasonable Rentals. HOME CONSTRUCTION FOR EAST SIDE",Archives,Archives,0,0.8316,0.207,0.046,0.747,0.025,0.0,1.0,reform
nyt://article/bf9ddf23-4b06-55ba-acb2-8e594c19c404,1931-07-16,1931,"HELD AS LETTER BOX THIEF.; Man Caught in East Side Tenement Had 25 Checks, Police Say.",Archives,Archives,0,-0.5267,0.0,0.105,0.895,0.0,0.0,0.0,construction
nyt://article/289b02e8-a92f-5b49-91c5-e64182d8c388,1931-07-24,1931,"Letters to the Editor; INWOOD PARK. Beautiful Spot Should Be Developed Along Natural Lines. STILL AN ISSUE. Attempt to Straddle Question of People's Rights Is Decried. SCREECH OWLS ARE USEFUL. And, Anyway, It Is Asked, Why Kill Inoffensive Birds? A Brooklyn Housing Project. He Wants More Nickels. Glorifying Criminals.",Archives,Archives,0,0.513,0.198,0.132,0.67,0.0,0.0,0.0,construction
nyt://article/f7d84569-9a1d-573f-a15f-75ab5c99646e,1931-07-29,1931,INVESTORS TURN TO UPPER EAST SIDE; Sales of Business and Apartment Structure and 2 Tenements Feature Market.ESSEX STREET HOUSE SOLDWest Side Dwellings and a Buildingon a Park Avenue CornerFigure in Leases.,Archives,Archives,0,0.0,0.0,0.0,1.0,0.0,0.0,0.0,construction
nyt://article/34d5fd53-5797-5c00-812b-41b8fe25862c,1931-08-12,1931,EAST SIDE DEALS FEATURE TRADING; Sales and Leases Indicate Slight Improvement in Manhattan Market.CANTORS BUY CLUB SITEJewish Society to Build in Yorkville--Residences in 78th and 79th Streets Rented. Madison Street Tenement Sold. Leases of East Side Dwellings,Archives,Archives,0,0.4033,0.07,0.0,0.93,0.0,0.0,0.0,construction
nyt://article/363ac3fe-d260-5276-828c-297966e0f178,1931-08-15,1931,NEW YORKERS OFF TO NETHERLANDS; Holland Society Group Will Be Officially Welcomed in the Principal Cities. DEEGAN BOUND FOR PARIS Tenement House Commissioner to Dedicate the American Legion Hall There.,Archives,Archives,0,0.34,0.076,0.0,0.924,0.0,0.0,0.0,construction
nyt://article/b64cad0a-f054-54eb-8fab-647e4cd72189,1931-08-15,1931,THE SCREEN; An East Side Idyl. His One Good Deed. A Story of the Track. All Is Not Gold.,Archives,Review,2490,0.9986,0.133,0.034,0.833,0.0,0.0,0.0,construction
nyt://article/ef259ba5-3d01-5466-8b02-3a0890c89baf,1931-09-24,1931,"200 CHILDREN REAP EAST SIDE HARVEST; 3-Acre ""Farm"" on $500,000 City Plot Yields Bumper Crop to School Gardeners. 12 PRIZES ARE AWARDED Tobacco, Corn, Beets, Potatoes and Peppermint Included in Yield From Tenement Area. 12 Children Get Prizes. Plot on Old Rutgers Farm. ",Archives,Archives,0,0.8271,0.179,0.0,0.821,0.0,0.0,0.0,construction
nyt://article/a4edee03-c642-5865-96a0-a8a19d9772b4,1931-09-27,1931,"3 KILLED, 23 INJURED IN TENEMENT FIRE; Women and Children Trapped in Night Blaze as Upper Floors of 7-Story House Collapse. FIREMEN HURT IN RESCUES 50 Persons Are Treated for Shock--East Side Neighborhood Cares for Homeless. 50 Others Treated for Shock. The Injured. 3 KILLED, 23 INJURED IN TENEMENT FIRE Cause of Blaze Investigated.",Archives,Archives,0,-0.9908,0.054,0.461,0.485,0.0,0.0,0.0,crisis
nyt://article/db1c63b9-c14a-530d-9983-43ab4221aa61,1931-09-30,1931,BUILDING FALLS IN; 7 WORKMEN HURT; One Man Is Buried 20 Minutes When Walls and Roof of East Side Tenement Collapse. OTHERS ARE HIT BY DEBRIS Remodeling Crew Escape Death by Seconds as Twenty Tons of Brick and Timbers Crash.,Archives,Archives,0,-0.9423,0.031,0.3,0.669,0.0,0.0,0.0,crisis
nyt://article/50bffa79-ff18-5313-8e1f-d1ba2d4f99b9,1931-10-08,1931,CITY FILES LEASES OF EAST RIVER SITES; Rentals to Be Paid for Wharf and Pier Properties Shown in Recorded Contracts. HOUSING DEALS SCATTERED Sales Include Tenement Buildings in Harlem and Inwood Sections of Manhattan. Railroad Gets East River Pier. Sales of Housing Properties. ,Archives,Archives,0,0.0,0.0,0.0,1.0,0.0,0.0,0.0,construction
nyt://article/4beed7e0-a169-59f3-8d29-70d88970c490,1931-10-11,1931,PROTESTS CITY DELAY ON HOUSING PROJECT; East Side Chamber Deplores the Lack of a Definite Plan on Chrystie Street Land.,Archives,Archives,0,0.1779,0.181,0.164,0.655,0.0,0.0,0.0,conflict
nyt://article/badd39c1-e1c8-50f1-aee8-6a7c9065b96c,1931-10-18,1931,CELTIC PARK FLATS LEASING RAPIDLY; First of Workingmen's Apartment Buildings Has 100 of116 Suites Rented.MORE HOUSES ARE PLANNEDDirectors of Limited Dividend Firm to Consider Erecting New Units In Queens at Early Date. Nearly Half of Plot for Courts. New City Park Plan. St. Albans Home Buyers.,Archives,Archives,0,-0.2263,0.0,0.039,0.961,0.0,0.0,0.0,construction
nyt://article/646f3e0a-bf75-513d-8655-c242a31a983d,1931-10-22,1931,BANK SELLS HOUSES ON LOWER EAST SIDE; Properties Disposed Of by the Emigrant Include Block Front on Montgomery Street. FOUR TENEMENTS BOUGHT Holding Company Gets Flats in East Fourth St. and West 64th St.-- Bronx and Brooklyn Sales. ,Archives,Archives,0,-0.6249,0.0,0.124,0.876,0.0,0.0,0.0,construction
nyt://article/8ffcdaaa-4579-5be1-bf87-273b060776f0,1931-11-01,1931,"LOWER EAST SIDE VALUES REDUCED; Fifty-Block Area Shows Average Assessment Decline of5 Per Cent.FIRST AV. DISTRICT GAINSCommerce Chamber Survey Reveals Many Changes, With SomeBuilding Increases. Goerck Street Prices Lower. Many Outmoded Tenements",Archives,Archives,0,-0.1779,0.059,0.095,0.846,0.0,0.0,0.0,construction
nyt://article/90c0837c-6a3c-5113-b4c8-d02d22d43d15,1931-11-09,1931,"$2,500,000 EXPENDED BY ROSENWALD FUND; Record Set for 12-Month Outlay --Report Stresses Need for Aids to Housing Projects.",Archives,Archives,0,-0.4588,0.0,0.12,0.88,0.0,0.0,0.0,construction
nyt://article/1f87862a-7718-5cdd-bac2-dc1f4293b6c4,1931-11-11,1931,"TUBERCULOSIS LESS DESPITE HARD TIMES; Death Rate 6% Under Last Year, Probably Setting Low Mark, Dr. Dublin Discloses. BETTER HOUSING A FACTOR Highest Mortality in City Found in Tenement Areas of Lower East Side and Harlem.",Archives,Archives,0,-0.2815,0.119,0.138,0.742,0.0,0.0,0.0,reform
nyt://article/14658297-acdb-519e-a1cd-b711068b4556,1931-12-04,1931,"RENT TERMS SHOWN IN RECORDED LEASES; Long-Term Contracts Filed on Properties in Various Sections of Manhattan.ROSE STREET SITE TAKENStandard Oil Pays $8,400 a Yearfor Eighth Av. Corner--CuttingsQuitclaim West Side Strip. Uptown Tenement Leased. Lease in East Eighty-sixth Street.",Archives,Archives,0,0.0,0.0,0.0,1.0,0.0,0.0,0.0,construction
nyt://article/fc7fb61a-439b-58ca-ab9d-04f5a751a4ff,1931-12-09,1931,RENT TERMS SHOWN IN RECORDED PAPERS; Principals File Agreements for Long Occupancy of Scattered Parcels in Manhattan. SOME CONTRACTS CANCELED Activity Includes Leasing of Garage at Broadway and 130th St. and Various Tenement Houses. ,Archives,Archives,0,0.2732,0.06,0.0,0.94,0.0,0.0,0.0,construction
nyt://article/95bf78c1-6de1-5650-8861-e2f37d34e68b,1931-12-11,1931,"NEW JERSEY TRACT BOUGHT FOR HOMES; ""Colonial Village"" Is Planned for Verona Property Known as Westland Park. JERSEY CITY BANKING DEAL Hoboken Tenement in Foreclosure Changes Hands--West New York Taxpayer Sold. Bank Gets Corner Building. Brooklyn Firm Sells. Store Structure Conveyed.",Archives,Archives,0,-0.128,0.0,0.03,0.97,0.0,0.0,0.0,construction
nyt://article/465b031f-f7ca-5293-9b5d-af8c504db6f0,1931-12-15,1931,EAST SIDE 'VILLAGE' TO REPLACE SLUMS; 'Knickerbocker' Selected as Name of Big Project Planned by Fred F. French. WORK ON DESIGNS PRESSED First Unit Will Be of Three and Four Room Suites--Building to Be Started Feb. 1.,Archives,Archives,0,-0.6908,0.0,0.108,0.892,0.0,0.0,0.0,construction
nyt://article/94d08e5c-d3d1-5a97-a0ba-3265e56d3a2e,1931-12-16,1931,PROPERTIES TAKEN FOR BUSINESS USE; Sales and Leases Listed as Closed in a Day of Mild Trading in Manhattan. GREENWICH ST. SITE SOLD Garage Will Replace Tenement Near Charlton Street--Fifth Avenue Corner Lease Transferred. ,Archives,Archives,0,0.0,0.0,0.0,1.0,0.0,0.0,0.0,construction
nyt://article/f2ee2857-064d-556c-8bb3-6ac614af5086,1931-12-20,1931,FAMILY LIVING COSTS STUDIED IN A MODEL HOUSING PROJECT; Expenditures by the Tenants in the Amalgamated Apartments Differ Widely From Those Shown in Surveys Elsewhere Plan of Apartments. Many Occupations Represented. Clothing Expenses. Cooperative Purchases.,Archives,Archives,0,0.0,0.0,0.0,1.0,0.0,0.0,0.0,reform
nyt://article/cb553839-6f5e-5071-b120-2d3c9c16292c,1931-12-24,1931,Latest Realty Dealings; DEALS IN NEW JERSEY. Tenements Sold an West New York and North Bergen. ,Archives,Archives,0,0.0,0.0,0.0,1.0,0.0,0.0,0.0,construction
nyt://article/3043693a-2410-54f4-9e79-08d70998bfa2,1931-12-27,1931,EAST SIDE AUCTIONS.; Tenement Properties in McDonald's List This Week. ,Archives,Archives,0,0.0,0.0,0.0,1.0,0.0,0.0,0.0,construction
nyt://article/7ceeff6e-3c23-5d01-ac7c-db980b9cb76a,1932-01-01,1932,"DECLINE IS SHOWN IN BUILDING PLANS; New York Total of $293,000,000 for 1931 Is $57,000,000 Below the 1930 Figure. CHIEF DROP IN MANHATTAN Bronx and Staten Island Make Gains as Result of Larger Number of Housing Projects.",Archives,Archives,0,0.1531,0.089,0.05,0.861,0.0,0.0,0.0,construction
nyt://article/d8cf6261-c909-5b3c-9328-87fe1a7db635,1932-01-06,1932,TENEMENTS SOLD ON TENTH AVENUE; Realty Company Extends Plot at 37th St. by Purchase From Rohr Estate. DEAL IN YORKVILLE AREA Investor Acquires Apartment at Lexington Av. and 88th St. -- Other Manhattan Trading.,Archives,Archives,0,0.128,0.043,0.0,0.957,0.0,0.0,0.0,construction
nyt://article/68c06ee5-bd1c-5787-9e14-256a98184e83,1932-01-30,1932,HARLEM FLAT SOLD AS TRADING LAGS; West 121st St. Tenement Deal Leads Quiet Realty Market in Manhattan. SPACE LEASING FALLS OFF Business Renting Fails to Keep Pace Set Earlier in Week -- Plaintiffs Bid In Auction Offerings.,Archives,Archives,0,-0.6486,0.0,0.132,0.868,0.0,0.0,0.0,construction
nyt://article/c9e03fb9-1030-5517-9f13-66e4eb357571,1932-02-18,1932,"14.9% OF APARTMENTS VACANT IN BOROUGH; Manhattan Survey Shows Rise From 7.4% in 1927, With Most in Old-Law Tenements. PARK AV. AFFECTED LEAST Deegan Finds Percentage There Is 7.6, as Compared With 26.3 on Lower East Side. SAYS FAMILIES ""DOUBLE UP"" Migration Also Adds to Effect of Slump -- 250 ""White-Collar"" Workers Collect Data.",Archives,Archives,0,-0.4215,0.0,0.057,0.943,0.0,0.0,0.0,construction
nyt://article/2c1f11cf-4cde-5f9e-aa37-5b87cc5fe431,1932-02-24,1932,"PLAN SMALL HOMES ON YONKERS TRACT; Developers Announce First Unit of $1,000,000 Project Near Greenburgh. TO BE COMPLETE VILLAGE Other Suburban Activity is Marked by Sales of Residential Prop- erties in New Jersey.",Archives,Archives,0,0.0,0.0,0.0,1.0,0.0,0.0,0.0,construction
nyt://article/065acb45-262d-5006-88b5-f9aa6af6f339,1932-03-01,1932,CITY SPEEDS PLANS FOR MODEL HOMES; Tennant Says Program for Chrystie Street Area Will Be Chosen Shortly. PARK SPACE IS PROPOSED Limited Dividend Company Likely to Build -- East Side Chamber Head Denounces Delay.,Archives,Archives,0,-0.7269,0.0,0.139,0.861,0.0,0.0,0.0,reform
nyt://article/e2149c76-d76d-5b35-9b2d-0c8cef4a783c,1932-03-01,1932,"EAST SIDE 'VILLAGE' UNDER WAY TODAY; Razing of Tenements to Start $50,000,000 Project to Wipe Out Slum Area. UNIT TO HAVE 205 HOMES 12-Story Structure to Be One of 50 Planned by French Near Wall Street Business District.",Archives,Archives,0,-0.5423,0.0,0.068,0.932,0.0,0.02041,-1.0,construction
nyt://article/0dfec039-4cca-5c45-8fed-7afbe331c83e,1932-03-02,1932,"TWO SUFFOCATED IS EAST SIDE BLAZE; Several Others Trapped in 110th Street Tenement Are Saved by Firemen. POLICE AID IN RESCUES An Hour's Work With Pulmotor Fails to Resuscitate Victims, a Man and His Sister.",Archives,Archives,0,-0.4939,0.148,0.212,0.64,0.0,0.0,0.0,construction
nyt://article/843c953f-2903-5cb8-b5f4-307c0042a3f5,1932-03-11,1932,PREDICTS HOME SHORTAGE.; Howe Foresees Scarcity When Nor- mal Demand Returns.,Archives,Archives,0,0.3335,0.195,0.089,0.715,0.0,0.0,0.0,construction
nyt://article/21141454-2557-5326-927e-1833c54d3045,1932-03-23,1932,"OPEN DRIVE TO BUILD LOW-COST HOMES; Conference Proposes ""Wage- Earners"" Apartments to Rent at $7.50 a Room. NEW BODY IS SUGGESTED Organization Like Port Authority Would Supervise Slum Clearance -- Use of State Bonds Asked.",Archives,Archives,0,0.0772,0.14,0.085,0.775,0.02778,0.02778,0.0,construction
nyt://article/a2818aaf-505e-535f-827e-8c751cd8ae4f,1932-03-31,1932,NEW HOUSING DEALS FEATURE TRADING; Investors Active in Purchasing and Leasing of Dwelling Properties in Manhattan. YORKVILLE TRANSFER FILED Vincent Astor Takes Title to Five Tenement Houses Near His Carl Schurz Park Holdings. ,Archives,Archives,0,0.4215,0.109,0.0,0.891,0.0,0.0,0.0,construction
nyt://article/5a3bce20-7c17-53fc-adc0-ea1348881316,1932-04-14,1932,MOTHER DIES IN FIRE WITH FIVE CHILDREN; Victims Trapped on Top Floor of East Side Tenement as Fire Cuts Off Stairway. AGED WOMAN IS BURNED One-Armed Youth Rushes Into Building to Warn Occupants -- Many Saved by Firemen.,Archives,Archives,0,-0.872,0.079,0.284,0.637,0.0,0.0,0.0,construction
nyt://article/dc330b76-e19a-59d7-b85d-2017c00d478a,1932-04-14,1932,"HUGE HOUSING PLAN URGED FOR REVIVAL; Building Industry Studying How to Finance Projects Itself, Kohn Tells Conference. CUT IN COSTS HELD THE KEY Eken Says This Would Attract Capital to Low-Rent Ventures Without Government Aid. CALLED BUSINESS PROGRAM Large-Scale Developments Can Be Made to Pay Without Philanthropy, Speakers Assert.",Archives,Archives,0,0.3182,0.072,0.053,0.875,0.0,0.0,0.0,construction
nyt://article/b9ebbc3b-02b4-5de0-937f-f954e241eb66,1932-04-18,1932,"URGES PRIVATE AID TO FINANCE HOUSING'; Hoopingarner Proposes Issue of $500,000,000 Securities for Popular Subscription. PREDICTS WIDE RESPONSE Building Council Head Declares Huge Slum Clearance Project Would Spur Business.",Archives,Archives,0,0.7906,0.284,0.08,0.636,0.02941,0.02941,0.0,construction
nyt://article/6aad34ec-111c-59eb-8799-fdf6fd89abf0,1932-04-23,1932,70 FAMILIES ROUTED BY FIRE ON EAST SIDE; Spectacular Five-Alarm Blaze Sweeps Two Tenements and Three Other Buildings. FIREMAN PLUNGES 65 FEET Bursting Hose Hurls Him Off Ladder-Top -- Others Suffer Burns and Injuries. RESIDENTS LED TO SAFETY Man Leaps From Window -- His III Wife Is Carried to the Street -- Cots Provided for Homeless.,Archives,Archives,0,-0.7579,0.04,0.133,0.827,0.0,0.0,0.0,construction
nyt://article/e192a4b7-c7cf-5e70-8fb2-e14c5791882c,1932-05-05,1932,"PLAINTIFFS BID IN REALTY AT AUCTION; Banks and Other Interested Parties Protect Liens on Scattered Properties. ROW OF BRONX FLATS SOLD Sales in Manhattan Include Twelve-Story Loft Building, Shops and Tenement Houses. ",Archives,Archives,0,0.7906,0.216,0.0,0.784,0.0,0.0,0.0,construction
nyt://article/66a40e02-4e47-5ff3-91c7-7613cd2540fd,1932-05-07,1932,VAST EAST SIDE PLAN AIMS TO END SLUMS; Neighborhood Housing Units in a Network of Broadened Thoroughfares Urged. WOULD COST CITY LITTLE Association Proposes Medium-Priced Tenements Financed by Private Enterprise.,Archives,Archives,0,-0.25,0.057,0.08,0.864,0.025,0.0,1.0,construction
nyt://article/1d09e84f-5046-5cd3-b4af-cbe5d6d119e8,1932-06-12,1932,SEEKS HOUSING AID ON NATIONAL SCALE; C.S. Stein Urges Financing Plan for Slum Clearance by Federal Body. PLEADS FOR WAGNER BILL Architects' Spokesman Points to Need for Modern Homes for Wage-Earning Classes.,Archives,Archives,0,0.128,0.118,0.082,0.8,0.05405,0.02703,0.3333,reform
nyt://article/b8be67c5-14c2-567b-b66c-b5f377b4d19f,1932-06-16,1932,PROPERTY SALES ON THE EAST SIDE; Transactions Include a Harlem Tenement and Three Buildings in the Forties. LEASEHOLD DETAILS SHOWN Terms of Contracts Recently Concluded Are Filed in the Register's Office.,Archives,Archives,0,0.0,0.0,0.0,1.0,0.0,0.0,0.0,construction
nyt://article/17a949a6-0610-5c3d-87d5-289fe0eb81ad,1932-06-24,1932,"URGES MORE HOUSING AT MODERATE RENTAL; State Board Finds City Needs Better Home Facilities for ""White-Collar"" Class. SHOWS HIGH RATES PREVAIL Few New Buildings Available to Tenants Paying Less Than $14.50 a Room Monthly. $70,000,000 WORK IN VIEW James Says Funds Are Assured for Many Immediate Projects -- Slum Clearance Asked.",Archives,Archives,0,0.4404,0.1,0.047,0.853,0.01493,0.01493,0.0,conflict
nyt://article/c8417027-6100-5061-ba6a-6a9af70ecc85,1932-07-07,1932,"ASKS CITY TO PROVIDE $25,000,000 HOUSING; Conference Suggests Loan Be Sought From Government for Slum Clearance Work. WANTS NEW BODY CREATED Proposed Municipal Board Would Make Available $8 Rooms for Low-Paid Workers. NO TAX RISES INVOLVED Rentals Would Cover Financing -- Speedy State Action to Set New Machinery Urged.",Archives,Archives,0,-0.6369,0.085,0.131,0.783,0.03279,0.03279,0.0,construction
nyt://article/efcd8556-e8f5-50bf-983b-93123efca838,1932-07-21,1932,"COLLEGE ROMANCES HAILED AS ENDURING; Only One Such Marriage in 75 Ends in Divorce, Dr. Popenoe Declares at Columbia. FAVORS SOCIAL CONTACTS Better Rural Teaching Facilities Also Urged -- Slum Clearance With Federal Aid Advocated.",Archives,Archives,0,0.6597,0.206,0.087,0.706,0.02222,0.02222,0.0,construction
nyt://article/b465c328-7288-53a7-ab38-8bfc3a9aff02,1932-07-23,1932,"FEDERAL AID SPURS VAST HOUSING PLANS; At Least $50,000,000 Expected for Model Apartments Here Under Relief Bill. NEW YORK HAS ADVANTAGE State Board Is Only One Ready to Meet Loan Conditions -- Big Step in Slum Clearance Predicted.",Archives,Archives,0,0.5423,0.168,0.065,0.766,0.04348,0.02174,0.3333,reform
nyt://article/1cab6f27-0c38-52c5-8cea-02889157f78c,1932-07-30,1932,LIQUIDATED PARCELS BID IN AT AUCTIONS; Banks and Insurance Firms Protect Liens on Bronx and Manhattan Sites. TWENTY PROPERTIES PUT UP Small Houses and Tenements Top Long List of Forced Deals -- Day Again Postpones Hotel Pierre Sale. ,Archives,Archives,0,-0.1779,0.101,0.117,0.782,0.0,0.0,0.0,construction
nyt://article/e7df78fe-9db3-5e82-863b-93375b0c95d2,1932-08-02,1932,EAST SIDE HOUSES LEASED.; Four Tenements and a Bronx Corner in Long Contracts. ,Archives,Archives,0,0.0,0.0,0.0,1.0,0.0,0.0,0.0,construction
nyt://article/2f7b0ac8-d6e5-5464-a847-cd10cfceb632,1932-08-03,1932,"HOTEL IN MIDTOWN GOES TO PLAINTIFF; The Victoria at 7th Avenue and 51st Street Reverts to Frances Spiegel. BIDS $1,000 ABOVE LIENS Tenements and Loft Buildings in Other Parts of Manhattan Also Sold in Uiquidation. ",Archives,Archives,0,0.0,0.0,0.0,1.0,0.0,0.0,0.0,construction
nyt://article/eb7f05c9-90ed-5d6b-bded-d47e02badbae,1932-08-04,1932,HAILS FEDERAL PLAN FOR SLUM CLEARANCE; East Side Chamber Official Sees Housing Gains With Governmental Aid.,Archives,Archives,0,-0.3818,0.171,0.187,0.642,0.0,0.06897,-1.0,construction
nyt://article/f956e910-59d4-5636-9ee6-e03c2ef9044f,1932-08-08,1932,GROUP FORMED TO AID EAST SIDE HOUSING; Chairman of New Committee Will Ask R.F.C. for Funds to Build Model Tenements.,Archives,Archives,0,0.0,0.0,0.0,1.0,0.0,0.0,0.0,reform
nyt://article/7e5aa444-1ed2-55da-810f-dcb2759c02af,1932-08-22,1932,"ADDS JERSEY TRACT TO REALTY HOLDINGS; Ambrose E. Vanderpoel Buys a Twenty-three-Acre Estate in Millburn Township. HOUSES ARE IN DEMAND Small Dwellings and Tenements Change Hands In West New York, Union City and Bayonne. ",Archives,Archives,0,-0.128,0.0,0.043,0.957,0.0,0.0,0.0,construction
nyt://article/6686814b-d39c-5f32-b990-a1c4ae41e003,1932-08-28,1932,STORM COOLS CITY; TWO BUILDINGS HIT; Lightning Strikes an East Side School and Bronx Tenement After Day of Humid Heat. TREES UPROOTED IN QUEENS High Wind Also Drives Small Boats to Shelter -- One Upsets on Rocks -- 2 Boy Swimmers Drowned.,Archives,Archives,0,-0.886,0.0,0.202,0.798,0.0,0.0,0.0,conflict
nyt://article/5743764f-33dd-55a5-ab43-0aaf31c0df65,1932-09-01,1932,"R.F.C. FUNDS ASKED TO RAZE SLUMS HERE; D.R. James Declares Plan for $120,000,000 Reconstruction Has Already Been Filed. NATION-WIDE WORKS URGED $1,232,196,000 in Self-Support Projects Could Give Jobs to 680,000, Says C.F. Abbott. JOBLESS INCREASE HALTS But William Green Still Figures 13,000,000 Will Have No Work Next Winter.",Archives,Archives,0,-0.5267,0.026,0.079,0.895,0.0,0.01667,-1.0,construction
nyt://article/2050d87c-36aa-57ef-800e-f01af3d51acf,1932-09-04,1932,HOUSING EXEMPTION DECLARED A BENEFIT; Robert W. Aldrich Rodger As- serts That City Will Gain Mil- lions by Mass Construction. EMPLOYMENT FOR MANY Run-Down Districts Saved From Further Decline and Put on Paying Basis.,Archives,Archives,0,0.8957,0.211,0.0,0.789,0.0,0.0,0.0,construction
nyt://article/67ef14c1-6edd-50c4-bb65-741a1700738f,1932-09-05,1932,"EAST SIDE FIRE KILLS FOUR IN TENEMENT; Woman, Son, Daughter and Girl, 12, All Negroes, Die as Smoke Shuts Off Escape. SEVEN FIREMEN OVERCOME Five of Rescued Tenants Are In- jured -- Adjoining House and Synagogue Damaged.",Archives,Archives,0,-0.5859,0.131,0.168,0.701,0.0,0.0,0.0,conflict
nyt://article/24e8188c-8618-52a6-a716-4a48df25205c,1932-09-10,1932,FOUR FLATS SOLD ON THE EAST SIDE; Refrigerating Company Buys Tenement Houses on Second Avenue Corners. HARLEM LEASE IS ASSIGNED Plaintiffs Bid In Manhattan and Bronx Properties Offered by Auctioneers at Liquidation Sales. ,Archives,Archives,0,0.0,0.0,0.0,1.0,0.0,0.0,0.0,construction
nyt://article/1755f2f4-2851-5779-bf2e-f5cd8a788f0a,1932-09-23,1932,"5 HOUSING PROJECTS TO COST $72,000,000; 45,000 Modernized Rooms at Low Rentals Provided For in City-Wide Developments. HECKSCHER PLAN DETAILED Chrystie-Forsyth Units to Be of 19 Stories With Half of Area in Courtyards. 5 HOUSING PROJECTS TO COST $72,000,000",Archives,Archives,0,-0.2732,0.0,0.042,0.958,0.0,0.0,0.0,reform
nyt://article/0baab622-0215-5657-9ec5-945a98a257be,1932-09-27,1932,ADDING TO CONGESTION.; Height of Chrystie-Forsyth Street Project Is Criticized.,Archives,Archives,0,-0.5267,0.0,0.206,0.794,0.0,0.0,0.0,conflict
nyt://article/b77acf66-708e-5cf3-99f9-c3ddc9c1d9fd,1932-09-28,1932,More and Lower Buildings.,Archives,Archives,0,-0.3566,0.0,0.237,0.763,0.0,0.0,0.0,construction
nyt://article/e34021f7-9aa2-59c3-8a57-d18c1b90f6cb,1932-09-30,1932,The Heckscher Project.,Archives,Archives,0,0.0,0.0,0.0,1.0,0.0,0.0,0.0,construction
nyt://article/acc1d980-aeeb-5a52-a512-979bb96e9f21,1932-10-03,1932,"City Is Urged to Build Low-Rent Homes at Once With Federal Loan to Aid Jobless, End Slums",Archives,Archives,0,-0.5423,0.0,0.111,0.889,0.0,0.03448,-1.0,construction
nyt://article/e198411e-a168-59b4-894a-0b85db3e3244,1932-10-03,1932,RUSH HOUSING PLANS TO GET FEDERAL AID; American Engineering Members Report Cities and States at Work on Slum Clearance. NEW YORK IS A PIONEER Ohio and Illinois Legislatures Have Bills to Set Up Machinery Required by Reconstruction Act.,Archives,Archives,0,-0.6124,0.074,0.13,0.796,0.02128,0.04255,-0.3333,construction
nyt://article/8bc19446-0916-55fe-9c07-6434b796e4e7,1932-10-15,1932,PLAINTIFFS PROTECT LIENS AT AUCTIONS; Small Tenements Comprise the Bulk of Foreclosed Realty Offered. DWELLINGS ALSO ON BLOCK Sixteen Manhattan Properties and Seven Bronx Parcels Among the Offerings Bid In. ,Archives,Archives,0,-0.0772,0.078,0.087,0.836,0.0,0.0,0.0,construction
nyt://article/262be3c4-a6a8-54a1-9b4a-c809bf88254c,1932-10-17,1932,FINDS IMPEDIMENTS TO SLUM CLEARANCE; Kohn Says Realty Interests Are 'Utterly Unsocial' in Opposing Government Housing Aid. URGES CUT IN LAND VALUES Architect Advocates Building In 'One of Few Fields in Which There Is Not Already a Surplus.',Archives,Archives,0,-0.0,0.149,0.132,0.719,0.0,0.02041,-1.0,construction
nyt://article/fe2611d6-efa2-5260-8050-6117b66b3982,1932-10-27,1932,WEIGHS SLUM LAND COSTS.; Boston Architect Finds Site Value Major Problem in Housing.,Archives,Archives,0,-0.7645,0.173,0.394,0.433,0.0625,0.125,-0.3333,construction
nyt://article/d306d9b3-e9c3-5033-9d2d-d6f0951f8efa,1932-11-09,1932,"FEDERAL AID SOUGHT IN NEWARK HOUSING; R.F.C. Said to Have ""Informally Approved"" $4,800,000 Loan for $7,200,000 Project. 36 APARTMENTS PLANNED 1,578 Families Expected In 8-Block Development Which Will Extend Into Irvington and Hillside.",Archives,Archives,0,0.5423,0.099,0.0,0.901,0.0,0.0,0.0,construction
nyt://article/c22bf124-5a8f-5ff0-87fe-b651dc53506f,1932-11-12,1932,THOSE NEW HOUSING PLANS.; Tax Remission and Subsidy May Mean the Same Thing.,Archives,Archives,0,-0.2263,0.0,0.095,0.905,0.0,0.0,0.0,conflict
nyt://article/1114caa0-e2f7-5154-9ca8-d54a946a79fa,1932-11-14,1932,SLUM CLEARANCE NEEDED.; Bronx Project Might Help While Aiding Building Industry.,Archives,Archives,0,-0.3182,0.283,0.295,0.422,0.13333,0.13333,0.0,construction
nyt://article/81402d04-8698-558e-b215-9499387ba545,1932-11-22,1932,"SMITH SAYS RED TAPE BARS FEDERAL RELIEF; Assails R.F.C. for Its Failure to Give Jobs by Financing Slum Clearance on East Side. APPEALS FOR GIBSON FUND Not Making a Political Speech, He Adds, but Hopes ""Men in Washington"" Hear Him. SPEEDING OF GIFTS ASKED Campaign Third Over, Only Fifth of Fund Raised, Chairman Points Out to Women's Association.",Archives,Archives,0,-0.85,0.09,0.159,0.751,0.01136,0.02273,-0.3333,reform
nyt://article/49f94b73-79f2-506c-ac2b-d2f1d87b6427,1932-11-23,1932,"ALDERMEN RECEIVE NEW BUILDING CODE; Merchants' Association, After Four Years' Work, Presents Final Draft to City. CUTS COST, KEEPS SAFETY Modernized Rules Permit Use of Latest Materials and Methods -- Public Hearings Next Step.",Archives,Archives,0,-0.5106,0.102,0.173,0.725,0.02564,0.02564,0.0,reform
nyt://article/e758cac2-296f-5cd7-91f4-c428413312cc,1932-11-26,1932,PLAINTIFFS BUY IN LIQUIDATED REALTY; Holders of Mortgages Protect Liens on Defaulted Sites in Two Boroughs. MANY TENEMENTS ON LIST Flats Dominate Auction Sales in the Bronx and Manhattan -- Broadway Theatre Block Withdrawn.,Archives,Archives,0,-0.2023,0.068,0.116,0.816,0.0,0.0,0.0,construction
nyt://article/60f29716-6681-589a-a282-813450299706,1932-11-28,1932,"5,000 WATCH BATTLE WITH EAST SIDE FIRE; 4-Alarm Blaze in Empty Old Factory Keeps Firemen Working Hours in Freezing Cold. ICICLES COVER BUILDING Families Routed Out of Tenements Near By as Flames Spread -- Tramps Blamed for $50,000 Loss.",Archives,Archives,0,-0.93,0.0,0.296,0.704,0.0,0.0,0.0,construction
nyt://article/bd95c07f-f97f-5106-a20c-e7c7b39a5859,1932-11-28,1932,FIGHTS M'KEE'S BILL TO CURB HOUSING AID; City Club Opposes His Plan to Have Estimate Board Pass on Tax-Exempt Projects. FEARS HARM TO STATE LAW Argues Against Impeding a Steady Rise In Construction -- Defends R.F.C. Loan in the Bronx.,Archives,Archives,0,-0.891,0.0,0.201,0.799,0.0,0.0,0.0,conflict
nyt://article/5eb7b4a1-7217-5ccc-b694-68f5358f294b,1932-11-30,1932,25 PARCELS BID IN AT AUCTION SALES; Tenement Houses in Manhattan and the Bronx Form Lulk of Liquidated Realty. BANK GETS 5TH AV. CORNER Chase National Takes Over 13-Story Building at Twenty-second Street -- Plaintiffs Protect Liens.,Archives,Archives,0,0.3818,0.067,0.0,0.933,0.0,0.0,0.0,construction
nyt://article/4993f2a3-71c1-5664-ab0a-4822184da0d5,1932-12-06,1932,"LEASING DEALS FEATURE TRADING; Brokers Close Contracts for Dwellings and Tenements in Manhattan. WEST SIDE HOUSE SOLD Realty Men, Hoping for Business Spurt, Watch Action of Congress on Prohibition Question.",Archives,Archives,0,0.4215,0.088,0.0,0.912,0.0,0.0,0.0,construction
nyt://article/0b55d175-b3ee-5e21-864f-c1e4ad38093f,1932-12-10,1932,"FAVOR M'KEE CURB ON TAX EXEMPTION; 25 Realty and Civic Bodies Urge Estimate Board to Approve Proposed Amendment. ATTACK HILLSIDE PROJECT Spokesmen Call It Unfair and Not a Solution of Slum Problem, Ask City Check on Such Plans.",Archives,Archives,0,-0.9295,0.043,0.276,0.681,0.0,0.02,-1.0,construction
nyt://article/c57aca7a-efff-5ff9-b77f-e31f5d03a429,1932-12-15,1932,"SEIZE STEUER AIDE IN BANK OF U.S. CASE; Police Charge A.J. Whynman, Now in Hospital, Kept Money Belonging to Bank.",Archives,Archives,0,-0.34,0.0,0.088,0.912,0.0,0.0,0.0,construction
nyt://article/ec021362-a243-5bae-802b-fe774ae509fa,1932-12-15,1932,SCORES CITY ON HOUSING.; Realty Man Holds Opposition to East Side Plan Short-Sighted.,Archives,Archives,0,-0.296,0.0,0.087,0.913,0.0,0.0,0.0,conflict
nyt://article/e71b83f6-8770-538e-8027-d4e444f68d61,1932-12-25,1932,"IMPROVEMENT WORK IN NEW ENGLAND; Architect Sees Trend Toward Slum Clearance and Private Home Building. FACING HOUSING SHORTAGE Greater Care Will Characterize Future Construction of Projects, Says George H. Gray.",Archives,Archives,0,0.4019,0.256,0.181,0.563,0.05556,0.05556,0.0,construction
nyt://article/ed7c3ab7-8d84-51d0-897b-2e3c85f96d80,1932-12-30,1932,LIENS PROTECTED AT AUCTION SALES.; Mortgagees Bid In Thirteen Properties in the Bronx and Manhattan. TENEMENTS DOMINATE LIST Loft and Store Improvements Are Also Offered as Result of Foreclosure Actions.,Archives,Archives,0,0.4939,0.152,0.088,0.76,0.0,0.0,0.0,construction
nyt://article/c4edb2fb-ddd8-584a-8a4f-c60c2bc5f809,1933-01-01,1933,"CRITICIZES DELAYS ON HOUSING LOANS; L.H. Pink ""Disillusioned"" at Failure of R.F.C. to Aid in Slum Clearance. CITY CALLED ""NEGLIGENT"" State Board Member Says Officials Have Been Blind to Chrystie-Forsyth St. Opportunity.",Archives,Archives,0,-0.8934,0.129,0.323,0.547,0.0,0.02326,-1.0,crisis
nyt://article/d16bbdaa-4ff0-5956-8c74-26d9adc0508d,1933-01-01,1933,"ROOSEVELT'S UNCLE BEAUTIFYING CAPITAL; F.A. Delano, Planning Board Head, Looks Toward Slum Clearance.",Archives,Archives,0,0.5719,0.296,0.126,0.578,0.0,0.05,-1.0,construction
nyt://article/93103049-1561-5be2-8d35-9aa2a5cbaad7,1933-01-15,1933,'NEW DEAL' IN R. F. C. POINTS TO PROSPECT OF SMITH AS HEAD; Roosevelt May Offer Him the Chairmanship if He Will Accept It. BOARD TO BE 'HUMANIZED' Visitors to President-Elect Say He Wants More Liberal Policy on Public Relief. SLUM CLEARANCE IS CITED Replacing of Democratic Directors Named by Hoover Said to Be Not Unlikely in Changes. 'NEW DEAL' IN R. F. C. FOR SMITH AS HEAD,Archives,Archives,0,0.5859,0.118,0.044,0.838,0.01408,0.01408,0.0,reform
nyt://article/8291d8f0-b2bb-5072-8c17-cd4e1d74042e,1933-01-22,1933,"EAST SIDE LOSING FEWER RESIDENTS; Net Loss for 1932 Was 1,296 Families, but Rate of Decline Slackens.",Archives,Archives,0,-0.1027,0.118,0.188,0.694,0.0,0.0,0.0,construction
nyt://article/32d682d5-70c7-5c5f-a2e8-abc1081bd4c4,1933-01-26,1933,TAXES AND RENTS.; Support for Mr. Pink in Controversy With Mr. Hilly.,Archives,Archives,0,0.0516,0.187,0.139,0.675,0.05,0.05,0.0,construction
nyt://article/812c1b8d-973c-5472-89c7-e1e98acb0c3d,1933-02-03,1933,LEASEHOLD DEALS FEATURE TRADING; Mild Activity in Manhattan Includes Renting of a Theatre for Lectures. TWO CONTRACTS GIVEN UP Willett Street Tenement Sold -- Mortgagees Bid In Defaulted Parcels at Auctions. ,Archives,Archives,0,0.0,0.0,0.0,1.0,0.0,0.0,0.0,construction
nyt://article/6b0261c4-0282-5ae6-a79e-7e8ccd618bb3,1933-02-07,1933,"$98,250,000 WORKS APPROVED BY STATE AS R.F.C. PROJECTS; $75,000,000 Vehicular Tunnel From 38th St. to Jersey and Catskill Span Favored. SLUM CLEARANCE URGED Causeway Linking Jones and Long Beaches and Palisades Parkway Endorsed. SMITH TO ASK FOR FUNDS To Plead at Washington Thursday for $81,700,000 at Once -- Niagara Bridge Included. $98,250,000 WORKS CERTIFIED TO R.F.C.",Archives,Archives,0,0.5994,0.146,0.074,0.78,0.01408,0.01408,0.0,construction
nyt://article/263c29f1-250c-533b-8f39-c15b92b9d922,1933-02-11,1933,"Article 2 -- No Title; R.F.C. DEFERS LOAN ON HILLSIDE HOMES Lack of Support by Lehman Commission Held to Preclude Aid in Bronx Plan. REALTY FIGHT A FACTOR Proposal Also Failed to Provide Actual Slum Clearance, Which the State Body Demands.",Archives,Archives,0,-0.8957,0.063,0.222,0.714,0.0,0.01639,-1.0,construction
nyt://article/4450975e-ca31-5512-8a6e-1e2ef0757652,1933-02-12,1933,Vacancies Are Low in Model Tenements; State Projects 94.2 Per Cent Occupied,Archives,Archives,0,-0.2732,0.0,0.104,0.896,0.0,0.0,0.0,reform
nyt://article/ae07d192-7b0c-5c2a-a952-ce67bd4a5ecf,1933-02-16,1933,"NEW HOUSING PLAN OFFERED FOR CITY; Board With Powers Similar to Port Authority's Is Urged for Slum Clearance. WOULD ISSUE OWN BONDS Link With State Is Suggested, but Estimate Board Is Asked to Provide Land.",Archives,Archives,0,-0.2263,0.133,0.115,0.753,0.0,0.03846,-1.0,construction
nyt://article/4c3fd435-997b-5f4a-9c07-cf44bc261091,1933-02-24,1933,EXPLAIN HOUSING PROJECT; F. C. Goode Appears Before R. F. C. Engineers on Development Here.,Archives,Archives,0,0.0,0.0,0.0,1.0,0.0,0.0,0.0,construction
nyt://article/2e80fc3f-5822-5bf5-b432-15b5aae9b586,1933-03-09,1933,PLAINTIFFS BID IN FOURTEEN PARCELS; Mortgagees Acquire at Auction Defaulted Properties in Two Boroughs. TENEMENTS TOP THE LIST Most of Foreclosed Buildings Are In Manhattan -- Three Scheduled Auctions Adjourned.,Archives,Archives,0,0.2023,0.058,0.0,0.942,0.0,0.0,0.0,construction
nyt://article/4fa3334b-2ee1-53d6-b1b1-5ff75ec4e61a,1933-03-16,1933,CITY HOUSING PLANS MAY BE ABANDONED; H.H. Smith Details Difficulties in Way of Utilizing Tract in Chrystie-Forsyth St. Area. ACQUIRED TO END SLUMS Engineer Informs the Estimate Board That High Rentals Would Defeat Its Purpose. DEFINITE POLICY URGED Report Stresses Need of Conces- sions by City or Backing by Some Philanthropy.,Archives,Archives,0,-0.9451,0.064,0.25,0.686,0.01515,0.0303,-0.3333,crisis
nyt://article/a228517e-ead3-57c1-892b-1051c259060f,1933-03-22,1933,"LOAN OF $13,050,000 AUTHORIZED BY R.F.C. TO MAKE JOBS HERE; East Side Slum Clearance Project Gets $8,000,000 -- Work for 1,840. JONES BEACH EXPANSION Advance of $5,050,000 Made for Bathhouses and Mile of Board Walk. LOAN OF $13,050,000 TO MAKE JOBS HERE",Archives,Archives,0,-0.7506,0.04,0.15,0.81,0.02326,0.02326,0.0,construction
nyt://article/6bd3df63-4ca3-517a-8a85-c32a7fb4c9de,1933-03-27,1933,"PROTESTS TO R.F.C. ON EAST SIDE LOAN; Housing Project Will Throw 6,000 Rooms on Market, Says Wyckoff. LABELS IT COMPETITION Real Estate Broker Suggests Fed- eral Body Back Public Works to Give Employment.",Archives,Archives,0,-0.2263,0.0,0.04,0.96,0.0,0.0,0.0,conflict
nyt://article/2b502f7a-69ca-5287-9dd5-560d9f5092b4,1933-03-28,1933,"FIFTEEN PARCELS SOLD AT AUCTION; Fourteen Manhattan Buildings. and a Bronx Corner Put. Up in Foreclosure. PLAINTIFFS GET HOLDINGS Loft Structures, Tenements and Dwellings Are Included In the Day's Offerings. ",Archives,Archives,0,-0.128,0.0,0.049,0.951,0.0,0.0,0.0,construction
nyt://article/18970490-0bd6-5d8c-8f43-eae8bcfc9219,1933-04-01,1933,"EAST SIDE 'VILLAGE' UNDER WAY MAY 1; ' Lung Block' to Be Cleared of Long-Condemned Slums for Housing Project. NEW GARDEN APARTMENTS Development to Give Homes for 1,600 Families Close to the Downtown, Offices. PROVIDES WORK FOR 10,000 Building Financed by R.F.C. Will Bring Job Relief and Aid All Realty Near By, French Says.",Archives,Archives,0,-0.0772,0.085,0.077,0.838,0.01333,0.01333,0.0,reform
nyt://article/559e3a4d-d42b-5f34-ae8e-8b448788809a,1933-04-01,1933,TENEMENT HOUSES TOP AUCTION LIST; Multi-Family Buildings Form Bulk of Realty Put Up at Forced Sales. BANKS GET TEN PARCELS Lending Institutions Buy In Most of Fifteen Properties in the Bronx and Manhattan.,Archives,Archives,0,-0.296,0.05,0.084,0.866,0.0,0.0,0.0,construction
nyt://article/8ef42d55-4e6b-55a6-9560-c5b1f4f0052a,1933-04-02,1933,$1 TO BE OFFERED FOR HAMILTON ST.; French Company Hopes to Buy Thoroughfare in 'Lung Block' for Nominal Sum. HOLDS CITY WOULD GAIN Backers of Model Housing Project Point Out That Taxes Would Be Put on the Land.,Archives,Archives,0,0.8591,0.202,0.047,0.75,0.0,0.0,0.0,reform
nyt://article/6d5f9687-7557-5fea-b58a-50985ec66196,1933-04-11,1933,ARCHITECTS' SHOW SHUNS THE ORNATE; Exhibit of Plans and Models Opening Today Marked by Extreme Simplification. NEW DESIGNS FOR HOUSING Work of Young Middle Westerners Includes a Project for Slum Clearance in Cleveland.,Archives,Archives,0,-0.3612,0.043,0.075,0.882,0.02326,0.02326,0.0,construction
nyt://article/e0521a7a-f443-582b-831a-5f1152696471,1933-04-15,1933,"VARIETY OF DEALS FEATURES TRADING; Dwelling, Flats, Loft and a Hotel in Manhattan Pass to New Control. OLD HARLEM HOUSE SOLD Buyer Pays Cash for Tenement in East 118th St. -- Buildings in 11th St. Quitclaimed. ",Archives,Archives,0,0.0258,0.03,0.0,0.97,0.0,0.0,0.0,construction
nyt://article/5208dae4-a14c-52b5-b983-47bcabacab1e,1933-04-17,1933,LUMBER MEN PLAN DRIVE ON FIRE RISK; Trade Group Would Inspect Material to Be Used in Housing Projects. ANTICIPATE BUILDING RISE Proposed Service Would Supplement That of City Bureaus When Construction Resumes.,Archives,Archives,0,-0.5423,0.0,0.123,0.877,0.0,0.0,0.0,construction
nyt://article/8d028a61-f3e0-5dbd-b7e6-11589bf62d69,1933-04-17,1933,MANHATTAN REALTY UNDER NEW CONTROL; Bank Sells Two Tenements on La Salle Place -- Leasehold Deals Reported.,Archives,Archives,0,0.0,0.0,0.0,1.0,0.0,0.0,0.0,construction
nyt://article/b0062bdf-5490-5123-b87a-0cbab7fcd769,1933-04-27,1933,URGES HOUSING PROJECT.; Conference Calls for Development of Lower East Side Area.,Archives,Archives,0,-0.296,0.0,0.099,0.901,0.0,0.0,0.0,construction
nyt://article/dce64865-2737-5bfa-a251-ab4aeee72a20,1933-04-30,1933,"EAST SIDE 'VILLAGE' TO COST $9,300,000; The R.F.C. Loan Represents About 85% of Total Cost of F.F. French Housing Project. INCOME COSTS REVEALED Demolition of Old Tenements on Two-Block Site to Start Early Next Month.",Archives,Archives,0,0.0,0.0,0.0,1.0,0.0,0.0,0.0,construction
nyt://article/741892fa-9e38-5489-a80a-31180cf009e8,1933-05-18,1933,BUILDINGS TAKEN IN LEASING DEALS; Brokers Close Long-Term Contracts on Structures in Manhattan. BANKER RENTS DWELLING Sumner Weil to Occupy House in East 68th St. -- Two Tenements In Yorkville Change Hands.,Archives,Archives,0,0.0258,0.034,0.0,0.966,0.0,0.0,0.0,construction
nyt://article/de9f8c81-43b3-5757-a850-1a526cb8b072,1933-05-22,1933,SLUM-CLEARING URGED.; La Guardia Wants to Link It to a Drive for Playgrounds.,Archives,Archives,0,-0.3612,0.056,0.099,0.845,0.03125,0.03125,0.0,construction
nyt://article/fc13a356-113a-5fc4-804f-ed1b24ff9685,1933-05-29,1933,HOUSING PROJECTS FOUGHT BY JURORS; R.F.C. Aid to Knickerbocker Village and Hillside Project Opposed by Association. NO BENEFITTO SLUMS SEEN New Authority to Carry Out Low Rent Building in 'Blighted Areas' Is Advocated.,Archives,Archives,0,-0.714,0.078,0.19,0.732,0.0,0.02222,-1.0,conflict
nyt://article/1f77f1ab-700a-569d-b2c1-e2689c1ce2ad,1933-06-04,1933,To Oppose Tax Exemption On Bronx Housing Project,Archives,Archives,0,0.0,0.0,0.0,1.0,0.0,0.0,0.0,conflict
nyt://article/afb3af20-0cf9-514c-b9ee-a7a06d3de660,1933-06-04,1933,WINTER CONDEMNS TAX EXEMPTION; Real Estate Operator Declares That It Creates Unfair Competition. ADDS TO TAX BURDEN Tax-Exempt Property and Projects In City Valued at Millions of Dollars.,Archives,Archives,0,-0.6486,0.121,0.225,0.654,0.0,0.0,0.0,conflict
nyt://article/045c1d4e-b21e-51ae-a590-50bda8d85b98,1933-06-11,1933,ALTERATIONS LEAD IN HOUSING WORK; French Plan Only New Manhattan Tenement Project for First Quarter.,Archives,Archives,0,0.0,0.0,0.0,1.0,0.0,0.0,0.0,construction
nyt://article/14495b79-feb9-512c-8a21-a3ade5758440,1933-06-11,1933,"PROGRESS IS SEEN IN CHEAP HOUSING; But Slum Clearance in Cities Still Presents Heavy Problem, Says Regional Plan. ECONOMIC FACTORS VITAL Sees Interest Steadily Growing in Garden Home Projects at Moderate Cost.",Archives,Archives,0,0.4497,0.285,0.178,0.537,0.03125,0.03125,0.0,construction
nyt://article/529feec7-cd49-507d-ba89-b20804e800b8,1933-06-20,1933,TAX CURBS PLACED ON MODEL HOUSING; City to Grant Exemption Only Where Work Entails Actual Slum Clearance. RENTS ALSO MUST BE LOW Board of Estimate Weighing Fleas of Nine Projects Approved by State.,Archives,Archives,0,0.5267,0.211,0.133,0.656,0.01852,0.03704,-0.3333,reform
nyt://article/d083bd1d-7c61-53bd-89ad-39aadf6b1aad,1933-06-22,1933,SPEEDY START URGED IN BUILDING PROJECTS; The Housing Association Would Apply Federal Aid for Relief of Unemployment.,Archives,Archives,0,-0.4404,0.122,0.173,0.705,0.06667,0.03333,0.3333,reform
nyt://article/4e704ad0-06bb-5e17-94a4-c5462f79191e,1933-06-25,1933,TENEMENT SURVEY OF THE EAST SIDE; Deplorable Conditions Under Which Dwellers in the Slums Live. VACANCIES ARE INCREASING East Side Chamber of Commerce Suggests Remodeling as Answer to Housing Problem. TENEMENT SURVEY OF THE EAST SIDE,Archives,Archives,0,-0.7579,0.0,0.161,0.839,0.0,0.02381,-1.0,construction
nyt://article/7a980395-7f9b-5451-885a-1c6ad590121f,1933-06-28,1933,TAX-FREE HOUSING URGED.; Board Hears Three Proposals for Chrystie-Forsyth Project.,Archives,Archives,0,0.0,0.0,0.0,1.0,0.0,0.0,0.0,construction
nyt://article/7bcb16fd-7e54-594a-b751-e2ee81cd0245,1933-07-06,1933,"$12,789,708 HOUSING ON EAST SIDE VOTED OVER CHEAPER PLAN; Board Approves Lease of Chrystie-Forsyth Area for Sloan Development. REJECTS THOMAS PROJECT Only Halleran Backs Scheme Costing $3,000,000 Less and Offering Lower Rents. BIG FEDERAL LOAN NEEDED City's Action Dependent on This and on State Approval -- No Tax Exemption Given. $12,789,708 HOUSING ON EAST SlDE VOTED",Archives,Archives,0,0.2415,0.106,0.107,0.787,0.0,0.0,0.0,construction
nyt://article/5341d778-2c45-5356-8c58-cb778c577cd1,1933-07-07,1933,INVESTORS ACQUIRE MANHATTAN FLATS; Two Tenements Are Sold After Being Held For More Than 25 Years. 148TH ST. HOUSES BOUGHT Apartments in Allen St. and West 63d St. Transferred to New Ownership.,Archives,Archives,0,0.0,0.0,0.0,1.0,0.0,0.0,0.0,construction
nyt://article/c6c58774-68d8-5f2b-a633-4545dbdfcb6d,1933-07-08,1933,"EAST SIDE HOUSING NOT FOR THE POOR; Chrystie-Forsyth Plan 'Slum Clearance,' but Not 'Slum Relief,' Sloan Explains. ESTIMATE BOARD AGREES 'Hovel' Dwellers Must Move to Cheap Land for Decent Homes, Architect Says.",Archives,Archives,0,0.8437,0.296,0.159,0.544,0.02128,0.0,1.0,reform
nyt://article/9a2bc147-1156-50d8-a79d-981c2344ffd2,1933-07-09,1933,TENEMENTS AT AUCTION.; East Side Parcels in J.R. Murphy's List This Week.,Archives,Archives,0,0.0,0.0,0.0,1.0,0.0,0.0,0.0,construction
nyt://article/aade5882-a0b9-594f-a624-de30431c3557,1933-07-09,1933,HOUSING PROJECT SPEEDED BY SLOAN; He Plans to Ask Approval From State Board Tomorrow for Chrystie-Forsyth Work. CORPORATION IS FORMED Architect Retorts to Criticism on Rents -- Still Refuses to Reveal Backers.,Archives,Archives,0,0.0516,0.07,0.066,0.864,0.0,0.0,0.0,construction
nyt://article/a11da7ab-2bb8-5082-a525-3d7bebc477ad,1933-07-11,1933,HOUSING PROJECT FACES CLOSE CHECK NO FEDERAL ACTION YET; State Board Will Compare Sloan Plan With Thomas's When Papers Are Filed. Both Local and Capital Units of New Public Works Regime Must Approve East Side Loan.,Archives,Archives,0,-0.296,0.0,0.043,0.957,0.0,0.0,0.0,construction
nyt://article/a2009212-9e2c-5b3d-9443-0736a88d4e7f,1933-07-12,1933,SALES RECORD SET IN AUCTION ROOMS; 41 Properties Foreclosed in the Manhattan and Bronx. Marts. MOST GO TO PLAINTIFFS Long List Contains Many Tenements -- Bondholders Take Over Two of the Offerings.,Archives,Archives,0,0.0,0.0,0.0,1.0,0.0,0.0,0.0,construction
nyt://article/0f0217ea-1003-5b5e-b79c-2758b66fc96b,1933-07-13,1933,HOUSING SESSION URGED.; National Conference Asks Lehman to Help Slum Clearance.,Archives,Archives,0,0.6486,0.345,0.112,0.543,0.0,0.04348,-1.0,construction
nyt://article/9c31133c-2559-5740-baa4-1d85bd20726e,1933-07-14,1933,"BLOCKFRONT SOLD ON YORK AVENUE; Syndicate Buys 15 Old Houses Between 79th and 80th Streets From Bank. TEA COMPANY TO EXPAND Carter, Macy Firm Acquires Old Slip Building -- Other Deals in Manhattan.",Archives,Archives,0,0.3182,0.057,0.0,0.943,0.0,0.0,0.0,construction
nyt://article/c20e52b8-5cbe-5fae-94fe-753c55b3d0db,1933-07-14,1933,"5 DIRECTORS NAMED IN HOUSING PROJECT; Picked for Competence in Work of Constructing Chrystie-Forsyth Apartments. APPLICATION IS DELAYED Architects Unable to Develop All Figures Required -- Must Get $8,850,000 Loan.",Archives,Archives,0,-0.2263,0.0,0.048,0.952,0.0,0.0,0.0,construction
nyt://article/ac88ae38-16d4-524a-a05f-f38cf6a266cb,1933-07-19,1933,20 PARCELS BID IN AT AUCTION SALES; Plaintiffs Take Defaulted Realty in the Bronx and Manhattan. FLATS DOMINATE LIST Tenement Houses Comprise Bulk of Property Bought in by Mort- gagees to Protect Liens.,Archives,Archives,0,0.2732,0.074,0.043,0.883,0.0,0.0,0.0,construction
nyt://article/a5ff3cbd-6e86-5201-a201-7c959f348356,1933-08-03,1933,WOULD SEIZE HOUSES TO END BRITISH SLUMS; Moynes Committee Would Pay Owners of Condemned Homes Original or Tax Value.,Archives,Archives,0,-0.6369,0.224,0.306,0.471,0.02857,0.02857,0.0,crisis
nyt://article/536acd9d-0868-56d8-8c4b-c2f3f2941ac5,1933-08-04,1933,"TENEMENTS SOLD OVER WIDE AREA; Demand for Houses Shown by Contracts Closed in Boroughs. SOME DEALS BY ESTATES Savings Banks Also Are Sellers of Apartments in Manhattan, Bronx and Brooklyn.",Archives,Archives,0,-0.128,0.0,0.043,0.957,0.0,0.0,0.0,construction
nyt://article/35b15bd8-8381-5e2c-84bf-210c181aa236,1933-08-18,1933,"TRIBOROUGH SPAN TO GET $37,000,000 FROM GOVERNMENT; Cabinet Board Also Grants $5,235,000 for Brooklyn and Queens Housing. WORK FOR THOUSANDS Federal Buildings in 22 States Approved -- Minimum Wages Set on Public Works Projects. TRIBOROUGH BRIDE WILL GET $37,000,000",Archives,Archives,0,0.5719,0.091,0.0,0.909,0.0,0.0,0.0,construction
nyt://article/7d36e7f5-a882-5839-9de2-0f0154eb9eaa,1933-08-18,1933,"PUBLIC WORKS GAIN ASCRIBED TO NIRA; Regional Group Cites Many Major Enterprises Including Parkways, Tubes, Bridges. EXCEPTS HOUSING PROJECT Holds Chrystie-Forsythe Street Program Was Not in Harmony With Plan.",Archives,Archives,0,-0.2865,0.071,0.116,0.813,0.0,0.0,0.0,construction
nyt://article/36ec613b-4caa-536f-aa02-2b883c74e729,1933-08-30,1933,PLAINTIFFS BID IN DEFAULTED REALTY; Mortgagees Protect Liens at Auction Sales by Taking Over Properties. HOUSES DOMINATE LIST Tenements Form Bulk of 22 Parcels Put Up at Sales in Manhattan and Bronx.,Archives,Archives,0,0.2732,0.076,0.044,0.88,0.0,0.0,0.0,construction
nyt://article/13a5cb39-cfda-5993-a1b7-f59624dba2e8,1933-09-02,1933,UPTOWN SLUM CLEARANCE.; Opportunity Is Seen In Connection With Triborough Bridge.,Archives,Archives,0,-0.296,0.274,0.282,0.444,0.0625,0.125,-0.3333,construction
nyt://article/a69d2a42-bf49-5a7f-a737-86b99f64fe8e,1933-09-04,1933,"DENIES SLUM LOANS OFFER COMPETITION; Ickes Says Building and Realty Interests Will Gain From Good, New Housing. MAIN AIM IS NEW JOBS He Blames Private Enterprise for 'Signal Failure' in Leaving Costly Blighted Areas.",Archives,Archives,0,-0.9217,0.154,0.352,0.494,0.02222,0.06667,-0.5,crisis
nyt://article/9ab5cd2e-e35e-5ef0-ab22-14f9ea1033d0,1933-09-06,1933,"$5,000,000 PLANS FILED BY FRENCH; Company to Build Two Apart- ment Houses on Lower East Side. AWAITS $8,075,000 LOAN Two Large Deals Pending, One in Grand Central Zone -- Doel- ger to Improve Tenements.",Archives,Archives,0,0.6124,0.13,0.04,0.83,0.0,0.0,0.0,construction
nyt://article/66b8f906-833d-5075-a769-f6d72711dd8d,1933-09-25,1933,"FIREPROOF HOUSING FOSTERED IN WORKS; Administration Extends Amortization Period in Slum Clearance to 35 Years. HOMESTEAD ACTION NEAR Committee Will Discuss Plans for Utilizing $25,000,000 Fund for Garden Plots.",Archives,Archives,0,-0.4215,0.151,0.129,0.72,0.02174,0.04348,-0.3333,construction
nyt://article/cbee69e6-70df-5357-989f-b4e06e6838dd,1933-09-25,1933,PLAN FOR THE EAST SIDE.; It Might Be Changed Into an Exclusive Residential Section.,Archives,Archives,0,-0.25,0.146,0.146,0.708,0.05,0.05,0.0,construction
nyt://article/b162616e-ff65-502d-8b1f-3b8730527c29,1933-09-28,1933,"PUBLIC HOUSING PLAN IN KEARNY APPROVED; Jersey Utilities Board Backs $325,000 Project for Which NRA Funds Are Sought.",Archives,Archives,0,0.3818,0.093,0.04,0.867,0.0,0.0,0.0,construction
nyt://article/e7823cd1-a8a7-5eee-9858-f2d00b87c441,1933-10-09,1933,USES FOR FEDERAL FUNDS.; New York Is Urged to Take Some and Rehabilitate Slum Areas.,Archives,Archives,0,-0.7184,0.067,0.233,0.7,0.04167,0.08333,-0.3333,construction
nyt://article/3be6a90a-f9ad-5a3f-bc20-d69d6f7b0c14,1933-10-16,1933,ROOSEVELT PUSHES FEDERAL HOUSING; Public Works Experts Prepare Incorporation Papers for New Building Agency. SLUM CLEARANCE ONE AIM Construction Activity Will Be Correlated With Subsistence Farm Program.,Archives,Archives,0,-0.1027,0.084,0.072,0.844,0.02273,0.02273,0.0,construction
nyt://article/0b70a2cb-33c3-5a81-8201-14abeff4dabd,1933-10-17,1933,"GROUP TO END SLUMS IS ORGANIZED HERE; Committee, Formed on Advice of Kohn, to Draft State Plan for Federal Works.",Archives,Archives,0,-0.7184,0.051,0.179,0.769,0.0303,0.06061,-0.3333,construction
nyt://article/fb3e6b96-0f2e-5a39-a9b0-b351b10d2955,1933-10-19,1933,Post Urges Reform in Housing Control; Levy Offers Plan to End East Side Slums,Archives,Archives,0,0.2263,0.183,0.1,0.716,0.0,0.03448,-1.0,construction
nyt://article/e40a680b-d0d4-54bf-9df2-51cdfa31ca87,1933-10-20,1933,"SLUM PLAN URGED FOR RED HOOK AREA; Proposal for a $6,665,935 Brooklyn Housing Project Submitted to Board. CITY WOULD GET $141,848 No Tax Exemption Asked by Private Group, Which Would Seek Funds From RFC.",Archives,Archives,0,-0.6908,0.0,0.125,0.875,0.0,0.02381,-1.0,construction
nyt://article/740b77fe-5100-57ab-8001-c3ba4853406a,1933-10-29,1933,"ICKES CORPORATION TO REBUILD SLUMS; Starting With Large Sum, Probably $200,000,000, It Plans Wide Program. WILL RENT OR SELL HOMES Proposes in Next Few Months to Promote Understanding of Housing in 20 Cities. ICKES CORPORATION TO REBUILD SLUMS",Archives,Archives,0,-0.8591,0.069,0.196,0.735,0.01818,0.03636,-0.3333,construction
nyt://article/ec1d195a-41c3-5ed0-9bef-392bf8380d3f,1933-10-31,1933,FEDERAL HOUSING SOUGHT; State Chamber Sees Hazards In Slum Clearance Plan.,Archives,Archives,0,-0.3612,0.078,0.137,0.784,0.04545,0.04545,0.0,construction
nyt://article/d93c4b49-56c6-507e-ae0e-e1454833df76,1933-11-03,1933,INVESTORS BUYING TENEMENT HOUSES; Three Large Brooklyn Deals Lead Demand for Multi-Family Dwellings. DOCTOR BUYS DWELLING Acquires Manhattan Residence From Brooklyn Baseball Club -- New Leaseholds Listed. ,Archives,Archives,0,-0.1027,0.04,0.054,0.906,0.0,0.0,0.0,construction
nyt://article/7cb29879-13dc-543b-903a-213cf8606d2c,1933-11-10,1933,DEALS IN MANHATTAN.; Three East Side Tenements Bought for Improvement.,Archives,Archives,0,0.4588,0.25,0.0,0.75,0.0,0.0,0.0,construction
nyt://article/1f64d492-8d0a-5ff5-b09f-27c708565437,1933-11-26,1933,LAGUARDIA TO SEEK SLUM CLEARANCE; Declares He Will Appeal for State Legislation to Create City Housing Board.,Archives,Archives,0,-0.1027,0.167,0.142,0.691,0.0,0.05,-1.0,construction
nyt://article/342a16e2-957d-57bf-a6db-07bec6026750,1933-12-03,1933,"RED HOOK SECTION FOR BUSINESS USE; Cheap Housing Plan There Is Illogical, Says Brooklyn Realty Broker. WATERFRONT ADVANTAGES Originally Laid Out as Industrial Centre for Marginal Rail- road Yard.",Archives,Archives,0,0.3612,0.063,0.0,0.937,0.0,0.0,0.0,conflict
nyt://article/eeaa7762-9ecf-514d-950c-06a6dccdf478,1933-12-13,1933,FIRE ROUTS 24 FAMILIES.; All Flee Safely as Tenement on Lower East Side Burns.,Archives,Archives,0,-0.5574,0.119,0.289,0.593,0.0,0.0,0.0,construction
nyt://article/d0b442d1-5143-5d41-b90d-41671f788733,1933-12-19,1933,SLUM CLEARANCE.,Archives,Archives,0,-0.3612,0.364,0.636,0.0,0.0,0.5,-1.0,construction
nyt://article/516dafb9-095a-5b1d-b8b7-0ac4d30d2c8b,1933-12-21,1933,CIVIL WORKS OFFER TO CITY IS PRAISED; Whitney Tells Builders It Is Chance to Add to New York's Beauty and Usefulness. PLEDGES FAIRNESS ON JOBS Post Reveals Plan to End Petty Inspection Graft -- Hopes for Construction Revival.,Archives,Archives,0,0.9136,0.32,0.089,0.59,0.02273,0.02273,0.0,construction
nyt://article/7c07e6d9-94aa-5af2-98c6-f925ff78f220,1933-12-22,1933,"FEW IN SLUMS ABLE TO TRY NEW HOMES; Model Houses Too Expensive for 83% of Dwellers on East Side, Study Shows. SQUALOR MERELY SHIFTED Only 3 of 386 Families Who Va- cated Old 'Lung Block' to Return to New Buildings.",Archives,Archives,0,-0.9217,0.033,0.248,0.719,0.02,0.06,-0.5,reform
nyt://article/f3c82de5-bba0-575d-b6d4-80e8f65a696b,1933-12-26,1933,BROKERS PREPARE FOR CODE HEARING; Realty Dealers Studying Re- vised Draft of Rules for Their Business. HEARING SET FOR JAN. 10 Proposed Regulations Would End Secret Commissions and Improper Appraisals.,Archives,Archives,0,-0.296,0.079,0.084,0.837,0.02632,0.02632,0.0,construction
nyt://article/728717b1-a1c3-5e70-9836-2a4538a9cd50,1933-12-29,1933,GOV. LEHMAN COMES HERE.; Slum Clearance May Be a Topic of Conferences.,Archives,Archives,0,-0.3612,0.129,0.226,0.645,0.08333,0.08333,0.0,construction
nyt://article/a8b59b6a-563f-52dd-9ce5-e5b4e026e083,1934-01-04,1934,STRIFE RULES AT ALBANY; Assembly Deadlock on Election of Hammond Stops Machinery. LEHMAN READS MESSAGE Calls for Local Government and Public Utility Reforms and Slum Clearance. CITY BUDGET BILL IN Split in Senate Democrats Presaged -- Climax of Macy Fight Today in Assembly. CITY BOARD BACKS LAGUARDIA'S BILL,Archives,Archives,0,-0.8074,0.032,0.179,0.79,0.0,0.01786,-1.0,construction
nyt://article/ba4e47d4-ef99-5f2e-a611-46a290bbe67b,1934-01-05,1934,LEHMAN AND POST CONFER ON HOUSING; Proposed Legislation in LaGuardia Slum Clearance Plan Is Discussed at Albany.,Archives,Archives,0,0.128,0.154,0.108,0.738,0.03704,0.03704,0.0,construction
nyt://article/0011784d-b115-5a70-9972-864d2a0f619a,1934-01-06,1934,OPERATOR'S DEALS FEATURE TRADING; Frederick Brown Gets Building Downtown and Tenements on Upper East Side. SELLS THEATRE TO READE Estate Purchases Bronx Apartment Structure -- Two Manhattan Houses Leased.,Archives,Archives,0,0.0,0.0,0.0,1.0,0.0,0.0,0.0,construction
nyt://article/6e285d09-3f07-5bfc-bbfe-a61d13ab5acc,1934-01-17,1934,Will Discuss Slum Clearance.,Archives,Archives,0,-0.3612,0.267,0.467,0.267,0.0,0.25,-1.0,construction
nyt://article/4c751321-5e5c-5d20-a886-15eb6dc77451,1934-01-20,1934,HOUSES BOUGHT ON LEXINGTON AV.; Investor Adds 88th Street Corner to His East Side Holdings. TWO TENEMENTS RESOLD Dwelling on East 36th Street is Disposed of for All Cash -- Business Structure Leased. ,Archives,Archives,0,0.0258,0.033,0.0,0.967,0.0,0.0,0.0,construction
nyt://article/68933980-706c-58ae-9ecb-d0e5c648400d,1934-01-26,1934,MANY ENDORSE BILL FOR SLUM CLEARANCE; Plan for Housing Authorities in Cities of State Praised by Civic Groups and Leaders.,Archives,Archives,0,0.7351,0.288,0.094,0.618,0.0,0.03571,-1.0,construction
nyt://article/ac116fa7-1ee6-59c8-a918-7df6485cad08,1934-01-29,1934,MANHATTAN FLATS IN LEASING DEALS; West Side Tenements Under New Control -- Bronx and Brooklyn Sales Reported.,Archives,Archives,0,0.0,0.0,0.0,1.0,0.0,0.0,0.0,construction
nyt://article/b238b959-335e-5885-9f2a-c518920233b8,1934-01-31,1934,"MAPS HOUSING PROGRAM.; Official of Detroit Planning Board, Here, Explains Project.",Archives,Archives,0,0.0,0.0,0.0,1.0,0.0,0.0,0.0,construction
nyt://article/13788a13-e5c5-5daa-aaf2-2433f20fd620,1934-02-01,1934,LAGUARDIA SCRAPS CHRYSTIE ST. PLANS; Housing Project Abandoned -- Seven-Block Area to Be Park and Playground.,Archives,Archives,0,-0.4588,0.0,0.111,0.889,0.0,0.04,-1.0,crisis
nyt://article/abe1068e-1552-52b3-b7d1-5685d8a4fea1,1934-02-02,1934,FEW BRONX SLUMS MERIT CLEARANCE; Regional Plan Group Finds Only Three Areas Worthy of Housing Projects.,Archives,Archives,0,-0.0772,0.251,0.228,0.521,0.0,0.09524,-1.0,construction
nyt://article/d4c6fb85-32da-5456-8e4a-50504ab120b2,1934-02-14,1934,"MAYOR NAMES FIVE TO HOUSING BOARD; Post, Mrs. Simkhovitch, Pink, Vladeck and Rev. E.R. Moore to Control $25,000,000. CITY SLUMS PUT AT 30% At Least Half of the Manhattan Population Lives in Such Areas, Commissioner Declares.",Archives,Archives,0,-0.4939,0.027,0.073,0.9,0.0,0.02222,-1.0,construction
nyt://article/36cb3c5d-f4d4-505d-83c7-9123a896f261,1934-02-15,1934,HOUSING LEADERS DEFEND CITY PLAN; Robinson and Pink Accuse Realty Interests of Seeking to Block Slum Clearance. WARNING BY TRUNK HEARD He Urges Restriction of the Board's Power at Meeting of City Women's Clubs.,Archives,Archives,0,-0.9042,0.074,0.299,0.627,0.0,0.02381,-1.0,construction
nyt://article/619b9a35-97f9-5af8-b128-ab156712083a,1934-02-23,1934,"SLUM AREAS FIXED IN TWO BOROUGHS; Study by Regional Plan Group Would Limit Clearance to Manhattan and Brooklyn. LISTS 64 DISTRICTS HERE Finds No 'First Choice' Blighted Sections in Bronx, Queens or on Staten Island.",Archives,Archives,0,-0.8658,0.066,0.209,0.725,0.04,0.06,-0.2,construction
nyt://article/125d251e-a705-5cf4-90f8-4f1c0e4ae631,1934-02-24,1934,POST WILL ORDER FIRETRAPS CLOSED; Eight Brooklyn Tenements Already Condemned -- Nine in Manhattan Face Action. ONE CONCERN FINED $50 Housing Commissioner Appears Personally in Case in Which 17 Warnings Were Ignored.,Archives,Archives,0,-0.8519,0.0,0.233,0.767,0.0,0.0,0.0,crisis
nyt://article/94db9ab9-441c-5789-bb1a-7e3968ad82fb,1934-02-26,1934,SAFEGUARDS URGED FOR HOUSIHG LAW; Realty Board Asks LaGuardia to Back Its Amendments to Assure Slum Clearance. WANTS LOW RENTS FIXED Trunk Cites Instances Abroad Where Tenants Were Chosen by Politics Rather Than Need.,Archives,Archives,0,-0.4019,0.125,0.149,0.725,0.0,0.0339,-1.0,conflict
nyt://article/348676a2-c933-5908-9b14-06841f8f682b,1934-02-27,1934,40% OF TENEMENTS SAID TO BREAK LAW; Head of Five Points Mission Tells of Squalor in Homes of Lower East Side.,Archives,Archives,0,-0.3612,0.116,0.194,0.69,0.0,0.04,-1.0,construction
nyt://article/7d4e92fb-64cf-5a96-9256-81a8a64691a5,1934-03-10,1934,Hits at New York Tenements.,Archives,Archives,0,0.0,0.0,0.0,1.0,0.0,0.0,0.0,construction
nyt://article/c4b770cd-3e99-5377-bab7-720d20d5d7db,1934-03-11,1934,MAZING HAMBURG'S SLUMS,Archives,Archives,0,-0.7184,0.154,0.538,0.308,0.14286,0.28571,-0.3333,construction
nyt://article/2f83010f-d15b-5759-8f10-259943e6913c,1934-03-12,1934,Roosevelt and LaGuardia Ideals Praised As Reflecting the Spirit of Neighborly Love,Archives,Archives,0,0.8126,0.529,0.143,0.328,0.07143,0.07143,0.0,construction
nyt://article/0d3eb89a-a423-5907-a8b2-3d3510a15ad5,1934-03-13,1934,Slum Clearance Competition.,Archives,Archives,0,-0.6124,0.286,0.5,0.214,0.28571,0.28571,0.0,construction
nyt://article/ce0fc425-64c9-5efa-a0b9-261bbd3c2711,1934-03-14,1934,"16 PROPERTIES GO IN AUCTION SALES; Fourteen in Manhattan and 2 in the Bronx Are Bid In by Plaintiffs. BANKS PROTECT LIENS Savings Institutions Take Over Dozen Parcels on List, Which Includes Many Tenements. ",Archives,Archives,0,0.3818,0.073,0.0,0.927,0.0,0.0,0.0,construction
nyt://article/24a05342-7834-5937-b016-2a1e4b0bd7aa,1934-03-15,1934,ASTOR WOULD SELL TENEMENTS TO CITY; Asks Only Assessed Value of Land and Small Sum for Buildings to Be Razed. OFFER PRAISED BY POST He Urges Other Owners to Aid Model Housing Projects -- The Stuyvesant Estate Responds.,Archives,Archives,0,0.6808,0.106,0.0,0.894,0.0,0.0,0.0,reform
nyt://article/72e3db1b-ce71-5720-b2a7-300ae7d0d745,1934-03-15,1934,"LABORITES TAKE OVER LONDON COUNTY RULE; u35,000,000 Slum Clearance Plan Scrapped for More Vast Rehousing Scheme.",Archives,Archives,0,-0.3612,0.068,0.119,0.814,0.03846,0.03846,0.0,construction
nyt://article/8adff76f-c103-59fb-b41c-13ce3f44bba5,1934-03-17,1934,HOUSING AUTHORITY IS READY FOR WORK; Hopes to Open Its Office Late Next Week -- Expert Criticizes Slum Clearance Plans.,Archives,Archives,0,0.1779,0.218,0.149,0.633,0.03226,0.03226,0.0,construction
nyt://article/b9f3a839-b078-566b-b698-c751deb838fe,1934-03-18,1934,HOUSING IN LIVERPOOL.,Archives,Archives,0,-0.3612,0.211,0.368,0.421,0.16667,0.16667,0.0,construction
nyt://article/c112d5ac-cbec-5183-9786-18a80ff72ea7,1934-03-18,1934,London's Housing Scheme Stirs the Nation to Action; Labor's Slum Clearance Project Brings Out MacDonald Government's Plan -- Laws Will Expedite Realization of Promises. LONDON SLUM PLAN STIRS WIDE ACTION,Archives,Archives,0,-0.5267,0.103,0.157,0.74,0.02703,0.05405,-0.3333,construction
nyt://article/3cd80807-462f-5438-a228-f2832f29c096,1934-03-21,1934,Slum Clearance.,Archives,Archives,0,-0.3612,0.364,0.636,0.0,0.0,0.5,-1.0,construction
nyt://article/bcb327c7-8cb1-5bd2-9647-bbe8ead3b110,1934-03-21,1934,COLUMBIA GIVES UP FIRETRAPS TO CITY; Post Gets Permission to Raze Five Vacant Buildings on Lower East Side.,Archives,Archives,0,-0.296,0.0,0.087,0.913,0.0,0.0,0.0,construction
nyt://article/e66fc7c1-8448-5476-9eb3-b46a12b1479c,1934-03-21,1934,"l 2 BURNED TO DEATH IN TENEMENT FIRE; Woman and Child Are Trapped in Old-Law Building on the Upper East Side. SIXTEEN FAMILIES ROUTED Fifth Fatal Blaze of This Kind in a month, Which Brings Toll to Nineteen.",Archives,Archives,0,-0.91,0.107,0.298,0.595,0.0,0.0,0.0,construction
nyt://article/a802e7c7-d9c0-5dbb-b3b2-34f3a9e7c324,1934-03-23,1934,8 TENEMENTS BOUGHT AT PUBLIC AUCTION; Plaintiffs Bid in Ten Parcels at Foreclosure Sales in Manhattan and Bronx. ,Archives,Archives,0,-0.128,0.0,0.081,0.919,0.0,0.0,0.0,construction
nyt://article/28c1a4ff-e3e1-5c8b-bfa4-d8c3b2c330a6,1934-03-24,1934,"CITY TO VACATE 12 OF OWN FIRETRAPS; 75 Lower East Side Families Get Ten Days to Leave Municipal Tenements. PRICE RACKET IS CHARGED Cost of Fire-Escape Ladders Has Increased 30% in Three Months, Says Official.",Archives,Archives,0,-0.2732,0.047,0.117,0.835,0.0,0.0,0.0,construction
nyt://article/8b61f538-d15b-5443-b696-72e05790c460,1934-03-25,1934,PARIS CINEMA NOTES,Archives,Review,1272,0.9974,0.15,0.102,0.748,0.0,0.0,0.0,crisis
nyt://article/a7c59425-7b5d-5c03-bd54-35ffc8147e55,1934-03-26,1934,TENEMENTS SOLD ON THE EAST SIDE; Flats on York Avenue and on 73d Street Pass to New Control. MIDTOWN HOUSE LEASED Former Lydig Home in East 52d St. Will Be Altered for Business -- Other Deals Reported. ,Archives,Archives,0,0.0,0.0,0.0,1.0,0.0,0.0,0.0,construction
nyt://article/b438ff25-88c3-519c-989e-a676e73b96d0,1934-03-30,1934,ASTOR TENEMENTS ORDERED VACATED; Owner Acts to Have 15 of His Properties on East Side Emptied by April 15.,Archives,Archives,0,-0.4939,0.051,0.133,0.816,0.02857,0.02857,0.0,construction
nyt://article/810133a9-ebd0-5387-ae0e-1e1a9292e13b,1934-03-31,1934,FIRETRAP BAN PUT ON 79 TENEMENTS; 576 Families Occupy Buildings Ordered Vacated by Post Since Drive Began Feb. 1. 12 MORE ARE CONDEMNED Two in Brooklyn Are Called 'Prize Exhibits' -- Three in Manhattan City-Owned.,Archives,Archives,0,-0.7951,0.066,0.209,0.725,0.0,0.0,0.0,crisis
nyt://article/fa652fa1-23d5-5d41-aeee-b09a6929022f,1934-04-03,1934,Will Discuss Slum Clearance.,Archives,Archives,0,-0.3612,0.267,0.467,0.267,0.0,0.25,-1.0,construction
nyt://article/33a4dee4-4fa9-5815-acd4-72cc529c36b7,1934-04-04,1934,HEAVY DEATH TOLL IN SLUMS IS SHOWN; Charts Made by CWA Picture Low-Rent Areas as Disease and Accident Centres. CRIME ALSO FOUND RIFE R.H. Shreve Tells Experts Municipality Cannot Afford to Shirk Housing Reform.,Archives,Archives,0,-0.9477,0.037,0.327,0.636,0.025,0.05,-0.3333,pathology
nyt://article/fb8bf598-3d3e-5137-b3bf-66ec8780ffc4,1934-04-09,1934,"10,000 HEAR MAYOR SAY UNSAFE SLUMS WILL BE WIPED OUT; New York Cannot Boast of Skyscrapers While Firetraps Remain, He Declares. TALKS IN EAST SIDE PARK Holds Housing Program for 'Happier City' Should Have Begun 15 Years Ago. 10,000 HEAR MAYOR SAY SLUMS MUST GO",Archives,Archives,0,-0.7269,0.09,0.175,0.735,0.02041,0.06122,-0.5,pathology
nyt://article/40bafe7a-8532-5b79-af3c-a8ebfaa8cbfb,1934-04-12,1934,HAILS HOUSING PROJECT.; Mayor to Break Ground for Bronx Slum Clearance Enterprise.,Archives,Archives,0,-0.3612,0.108,0.189,0.703,0.06667,0.06667,0.0,construction
nyt://article/e1aa5678-c5a1-5dd7-ab86-796688437404,1934-04-13,1934,HOUSING PLAN OPPOSED.; West Side Group Deems Rents Too High in Municipal Projects.,Archives,Archives,0,0.0,0.0,0.0,1.0,0.0,0.0,0.0,conflict
nyt://article/7b0fab8e-b073-517e-8c66-3d42d4284ea9,1934-04-14,1934,LEGISLATORS TOUR TENEMENT AREAS; Sponsors of Bills to Correct Worst of Old-Law Evils Get First-Hand Data. EARLY ACTION SOUGHT Inselbuch Says 'Terrible and Dangerous Conditions' Call for Immediate Remedy.,Archives,Archives,0,-0.93,0.049,0.289,0.662,0.0,0.0,0.0,pathology
nyt://article/c61b218f-84b3-5b41-8eba-302709de71f2,1934-04-15,1934,"ICKES TO GET LAND BY CONDEMNATION; Cummings Is Asked to Start First Proceedings for FEHC Housing Project in Atlanta. BARS EXORBITANT PRICES Government Will Employ Method in Future, but Mainly to Hasten Clearing of Titles.",Archives,Archives,0,-0.8225,0.0,0.139,0.861,0.0,0.0,0.0,construction
nyt://article/c5a09683-7568-58cb-bd24-c8124fe48fac,1934-04-21,1934,MANY FLATS SOLD ON AUCTION BLOCK; Tenements Form Bulk of Defaulted Realty Offered at Bronx and Manhattan Sales. ,Archives,Archives,0,-0.4404,0.0,0.146,0.854,0.0,0.0,0.0,construction
nyt://article/35a00fa1-269e-5b41-a348-094101919ba5,1934-04-26,1934,DEALS IN MANHATTAN.; Lower Broadway Theatre Leased -- Tenement Houses Sold. ,Archives,Archives,0,-0.296,0.0,0.18,0.82,0.0,0.0,0.0,construction
nyt://article/7abbbedb-c9a1-51cd-a8b8-8d3553b067fe,1934-04-28,1934,FLATS DOMINATE AUCTION MARKET; Tenements Comprise Bulk of Defaulted Realty Offered in Foreclosure. 22 PROPERTIES ARE SOLD Plaintiffs Buy In All the Parcels at Sales in Manhattan and Bronx Boroughs. ,Archives,Archives,0,-0.25,0.0,0.097,0.903,0.0,0.0,0.0,construction
nyt://article/b13762ad-fe01-5bbc-b78f-5106fe747ff2,1934-05-06,1934,GARDEN CITIES WITHIN A CITY: A LARGE SCHEME OF REHOUSING; A District in Astoria Is Analyzed in Line With a New Approach To the Problem of Providing Better Homes at Low Rentals,Archives,Archives,0,-0.2263,0.073,0.121,0.806,0.0,0.0,0.0,construction
nyt://article/aa60b38b-fa7b-5966-8003-a7af06bcbc89,1934-05-13,1934,NEW JERSEY BEGINS HOUSING INVENTORY; Newly Created State Board Seeks Information for Slum Clearance. LARGER CITIES AFFECTED. Authority Will Use Data as Basis of Campaign for Funds and Public Support.,Archives,Archives,0,0.296,0.209,0.115,0.676,0.0,0.02703,-1.0,construction
nyt://article/1a98b125-b2b4-5b9f-8dcc-c3c235013c85,1934-05-16,1934,Push Harlem Slum Clearance.,Archives,Archives,0,-0.3612,0.267,0.467,0.267,0.0,0.25,-1.0,construction
nyt://article/575ed1be-670e-54d6-9c2d-c0d69c973841,1934-05-16,1934,"FIRE HAZARD CUT HERE IS PRAISED; National Protection Group Hails Work of LaGuardia and McElligott. SLUM CLEARANCE IS CITED Greater Effort Urged to Reduce Blazes in Homes, Which Cause 5,000 Fatalities a Year.",Archives,Archives,0,-0.6369,0.162,0.25,0.588,0.02857,0.02857,0.0,construction
nyt://article/d0db35df-ab3a-5045-abe0-333095b9c4d7,1934-05-22,1934,"VARIETY OF REALTY PUT UP AT AUCTION; Foreclosed Tenements, Loft and Business Buildings Go Under Hammer. ALL SOLD TO PLAINTIFFS Six Properties in Manhattan and Five in Bronx Are Bid In to Protect Liens. ",Archives,Archives,0,0.3818,0.073,0.0,0.927,0.0,0.0,0.0,construction
nyt://article/87310f78-9aa8-56ad-9481-7bf47e529ef9,1934-05-23,1934,LOW-PRICED LAND SOUGHT.; Housing Authority Found Lower East Side Values Too High.,Archives,Archives,0,0.2023,0.208,0.115,0.677,0.0,0.0,0.0,construction
nyt://article/0d90355f-b0d5-5db5-a916-f54da850f239,1934-05-25,1934,PWA STOPS PAYING ON WOODSIDE LOAN; Rise of 800% in Land Valuation Since 1929 Found in Dick-Meyer Project.,Archives,Archives,0,0.2023,0.083,0.088,0.829,0.0,0.0,0.0,construction
nyt://article/d078bcfc-baae-5177-bdca-d1fc45a87e3d,1934-05-25,1934,HASTENING SLUM CLEARANCE.; Solution Suggested for Problem of High Land Cost.,Archives,Archives,0,-0.6597,0.252,0.388,0.36,0.06667,0.13333,-0.3333,construction
nyt://article/4f47eb9d-9a11-5ef5-abec-6e0a5a1e84f4,1934-06-08,1934,MANY FLATS SOLD AT AUCTION STANDS; Tenements Form Bulk of Realty Bought In at Bronx and Manhattan Sales. ,Archives,Archives,0,0.0,0.0,0.0,1.0,0.0,0.0,0.0,construction
nyt://article/6afb710b-2160-5a4f-a90b-046a636ec795,1934-06-10,1934,Slum Clearance.,Archives,Archives,0,-0.6124,0.308,0.538,0.154,0.16667,0.33333,-0.3333,construction
nyt://article/14953ab4-76dd-5bf5-b9f4-9d981c545e68,1934-06-19,1934,TO PLAN MODEL HOUSING.; 662 Architects Get Rules for Contest in Slum Clearance.,Archives,Archives,0,-0.296,0.139,0.147,0.714,0.0,0.05,-1.0,reform
nyt://article/9ec8c7cf-0945-5845-8674-2307aed8cf55,1934-06-21,1934,CUT IN LAND VALUE NO BAR TO PWA LOAN; Queens Housing Project Not to Need New Collateral in Spite of Reappraisal. BUT RENTS WILL BE LOWER Rate Reduced 55 Cents a Room as Result of Ickes's Action -- Funds Not Held Up.,Archives,Archives,0,-0.5898,0.073,0.182,0.745,0.0,0.0,0.0,construction
nyt://article/06e122ab-073d-5cfa-97a9-4e14a467c565,1934-06-23,1934,"PWA TO ALLOT $25,000,000 ON SLUM CLEARANCE HERE; BUILDERS MAY CUT PRICES; IDEAS OF CITY APPROVED But Ickes Is Awaiting Specific Program Before Acting. BARS HIGH-PRICED SITES Exact Plans Will Be Withheld in Capital Until the Slum Lands Are Acquired. 3-FOLD DRIVE ON COSTS I.C.C. Freight-Rate Cut and Reductions in Materials Prices and Wages Are Planned. PWA READY TO AID CITY CLEAR SLUMS",Archives,Archives,0,-0.8793,0.136,0.224,0.64,0.02857,0.05714,-0.3333,construction
nyt://article/5c67407b-e4a0-5b30-bc08-99fcfabd68cc,1934-06-29,1934,PUBLIC HOUSING ASKED BY WORKERS; Social Control Just as in Education Is Endorsed at Meeting of 80 Delegates. MAYOR AND POST FAVOR IT LaGuardia Tells Labor Council Federal Money Will Only Begin to Meet City's Needs.,Archives,Archives,0,0.5719,0.11,0.0,0.89,0.0,0.0,0.0,construction
nyt://article/1c99aad6-4288-528b-ab84-96835abba208,1934-06-30,1934,TENEMENT DEALS FEATURE TRADING; Flats Are Sold on Washington Heights and in Harlem. AUCTION SELLING BRISK Plaintiffs Bid In Twenty-two Parcels in Bronx and Manhattan. ,Archives,Archives,0,0.1531,0.062,0.0,0.938,0.0,0.0,0.0,construction
nyt://article/cba02bda-0b15-5a4f-aabc-d9b5314a6e79,1934-07-01,1934,PWA FLOODED WITH PLANS; Ickes Says It Has More Housing Proposals Than Funds Allow.,Archives,Archives,0,0.2263,0.083,0.0,0.917,0.0,0.0,0.0,construction
nyt://article/73e98277-60fb-5c74-a139-3ecc794da7d6,1934-07-05,1934,FIREWORKS CAUSE SLAYING IN CLUB; Bootblack in East Side Rooms Fatally Wounded After Chastising Celebrater. YOUNG ASSAILANT FLEES Escapes After Throwing Pistol on Tenement Roof -- Victim Is Found by His Daughter.,Archives,Archives,0,-0.9287,0.033,0.333,0.635,0.0,0.0,0.0,construction
nyt://article/83cff342-4828-5546-b316-37ca57c2d112,1934-07-09,1934,MODEL HOUSING HELD FAILURE IN THE SLUMS; East Side Mission Head Urges Remodeling of Tenements a Solution of Problem.,Archives,Archives,0,-0.8658,0.133,0.402,0.464,0.04762,0.04762,0.0,reform
nyt://article/e4c48c8e-dc66-5cb3-90fd-929847e8dee1,1934-07-18,1934,"HOOPIN GARNER GETS CITY HOUSING PLAN; PWA Adviser Expected to Act Promptly on $25,000,000 Slum Clearance Project.",Archives,Archives,0,-0.5267,0.053,0.144,0.802,0.0303,0.0303,0.0,construction
nyt://article/cd13d281-1032-50bb-82ed-a708a331374d,1934-07-19,1934,"AUCTION PARCELS GO TO PLAINTIFFS; Plaintiffs Take Over Twenty-one Properties in Bronx and Manhattan. MANY HOUSES ON LIST Dwellings and Tenements Dominate Forced Sales, Many Going to Savings Banks. ",Archives,Archives,0,-0.5423,0.0,0.143,0.857,0.0,0.0,0.0,construction
nyt://article/83d25ba1-f381-51f6-b8ad-0a4f8585301e,1934-07-20,1934,"MAYOR SEES ICKES ON HOUSING TODAY; Hopes to Iron Out Differences Holding Up $25,000,000 for Slum Clearance. IS EXTOLLED BY JOHNSON NRA Head Hails City Ice Act as a Contribution to Recovery Program Here.",Archives,Archives,0,0.5859,0.167,0.07,0.763,0.0,0.02381,-1.0,construction
nyt://article/cd36d675-c227-576c-8911-45217d997150,1934-07-28,1934,"HOUSING PLANS EXHIBITED; Designs, Accepted in City's Slum Clearance Program, Shown.",Archives,Archives,0,0.4588,0.341,0.159,0.5,0.06667,0.06667,0.0,construction
nyt://article/18430f06-cb90-514a-8fb2-63020fd086e0,1934-07-30,1934,"MANHATTAN GAINS 16,448 FAMILIES; Shrinkage of Years in Borough Is Stopped, Survey of Housing Indicates. HELL'S KITCHEN HAS LOSS Middle Class and Wealthier Returning From Suburbs, Director Believes.",Archives,Archives,0,0.6124,0.194,0.089,0.717,0.0,0.0,0.0,construction
nyt://article/df39a6ce-adbf-573e-a4c2-5e8e3be9b96c,1934-08-02,1934,PLANS WIDE DRIVE FOR HOME REPAIRS; Housing Administration Will Endeavor to 'Sell' Renovation Program to Owners.,Archives,Archives,0,-0.3818,0.0,0.082,0.918,0.0,0.0,0.0,construction
nyt://article/ff00727e-0161-57fb-aee1-a24a308edd4c,1934-08-04,1934,"700 SLUM WORKERS DROPPED BY CITY; Some Put in New Jobs, Others Go on Relief Rolls in Move to Cut Emergency Pay.",Archives,Archives,0,-0.9022,0.088,0.344,0.568,0.05263,0.05263,0.0,reform
nyt://article/c1518d99-389a-5ba2-a14e-78cb2d476a4d,1934-08-09,1934,PROTEST CITY JOB CUTS.; 300 Technical Aides Ousted From Slum Work Charge 'Politics.',Archives,Archives,0,-0.8481,0.062,0.348,0.59,0.04167,0.08333,-0.3333,conflict
nyt://article/1a9ef2d4-fb2b-5dbc-94b6-ba2bdd14be4d,1934-08-11,1934,LEASEHOLD DEALS FEATURE TRADING; Long-Term Contracts Lead Mild Activity in Bronx and Manhattan. TEN PARCELS AT AUCTION Plaintiffs Bid in Lofts and Tenement Buildings Put Up at Forced Sales. ,Archives,Archives,0,-0.4588,0.0,0.097,0.903,0.0,0.0,0.0,construction
nyt://article/988fff3f-116e-5eb0-848b-3c239ab575cc,1934-08-13,1934,"2-PERSON FAMILIES LEAD IN BOROUGH; Housing Authority Poll Shows 131,488 in Manhattan, 27 Per Cent of Total.",Archives,Archives,0,0.2212,0.121,0.0,0.879,0.0,0.0,0.0,construction
nyt://article/9af55f8c-39ca-5e08-8ba3-b827a86ff4b3,1934-08-19,1934,GOV. MURPHY URGES BROAD SOCIAL PLAN; Address to the Legislature in Manila Deals With New Reform Program. SEEKS HELP FOR JOBLESS Better Care of Children and Insane Asked -- Slum Clearance Seen as Imperative.,Archives,Archives,0,0.5574,0.204,0.117,0.679,0.02381,0.02381,0.0,construction
nyt://article/5cf5d211-7f77-5232-8d7d-3ff43b3c99de,1934-08-27,1934,"25% OF HOMES HERE LACK SANITATION; Manhattan Survey Reveals a Widespread Absence of Modern Conveniences. SLUMS IN MANY AREAS Need for Housing Authority's Rebuilding Program Amply Shown, Holden Says.",Archives,Archives,0,-0.4215,0.072,0.139,0.789,0.02778,0.02778,0.0,reform
nyt://article/f1a8fa36-b6a9-5a89-86b0-867336232bd5,1934-08-27,1934,"RELEASE OF FUNDS FOR HOUSING URGED; Post Declares Coordination of the Work of Four Federal Agencies Vital to Recovery. BUILDING NOW STAGNANT $25,000,000 Allocated by PWA for Slum Clearance Would Give 10,000 Jobs, He Says.",Archives,Archives,0,-0.0772,0.09,0.075,0.835,0.02381,0.02381,0.0,construction
nyt://article/a88e97eb-5adf-5e29-984e-b51e54837f53,1934-08-29,1934,"$25,000,000 FOR CITY IS HELD UP BY PWA; Ickes Says Plan for Local Control of Housing Projects Departs From Policy. FEARS DISCRIMINATION CRY Federal Construction Permitted Elsewhere, He Cites -- Outlines a Permanent PWA.",Archives,Archives,0,-0.802,0.0,0.186,0.814,0.0,0.0,0.0,conflict
nyt://article/82005979-5a97-5d74-9ac8-240d063663f7,1934-08-31,1934,COLUMBUS AV. FLAT CONVEYED BY BANK; Dry Dock Disposes of Five-Story Tenement -- Other Recent Deals in Manhattan. ,Archives,Archives,0,0.0,0.0,0.0,1.0,0.0,0.0,0.0,construction
nyt://article/79b62419-db87-59fc-8a6c-eea41c6b80f0,1934-09-03,1934,"Ickes Now Ready to Approve $25,000,000 For the New York Slum Clearance Plan",Archives,Archives,0,-0.3612,0.228,0.246,0.526,0.1,0.1,0.0,construction
nyt://article/172f9487-5de3-5e41-aec8-10d1c43ef53d,1934-09-09,1934,"SLUM CLEARANCE IN ENGLAND S PLACED ON A TIME SCHEDULE; National Funds to Supersede Private in Program to Supply, Under Local Direction, an Annual Quota of Cheap Homes",Archives,Archives,0,-0.6124,0.1,0.175,0.725,0.06061,0.06061,0.0,construction
nyt://article/e9f43cbb-67d1-5bdf-a0b1-8b9545b0c0b4,1934-09-15,1934,HOUSING DEMAND CONTINUES IN CITY; Dwellings and Tenement Buildings Sold and Leased in Bronx and Manhattan. OPERATOR RESELLS HOME Cruikshank Disposes of Residence in West 74th Street -- Loft Rented in Greenwich Street. ,Archives,Archives,0,-0.128,0.0,0.045,0.955,0.0,0.0,0.0,construction
nyt://article/469a2fc0-5024-5bbb-b5f6-f69f8ef84da9,1934-09-26,1934,FEDERAL HOUSING AID IS HELD TEMPORARY; Ickes Says Government's Part in Future Slum Clearance Is 'Unknown Factor.',Archives,Archives,0,-0.5719,0.065,0.186,0.749,0.03846,0.03846,0.0,construction
nyt://article/0269d6c2-e88d-545f-b395-6c805fd251d0,1934-09-30,1934,"ICKES HITS PUBLIC ON SLUM NEGLECT; He Demands a Chance for All Children as He Starts First Actual Clearance. RAZES ATLANTA BUILDING ' Wicked Political Rings' Could Not Exist Without the Slums, Secretary Says.",Archives,Archives,0,-0.6187,0.141,0.203,0.656,0.0,0.02632,-1.0,construction
nyt://article/9451f3c0-bec3-5629-af49-553027c6f2d8,1934-09-30,1934,"ICKES PLAN ROUSES CHICAGO OPPOSITION; $12,500,000 Slum Clearance Project Displeasing to the Democratic Machine. BUT LEADERS CAN'T SAY SO They Are Using the Roosevelt Slogan to Elect Ticket -Building Trades Pleased.",Archives,Archives,0,-0.0387,0.161,0.143,0.696,0.05128,0.05128,0.0,conflict
nyt://article/b76b0dd9-6a3b-592d-a6cc-fe4c8dd6b77b,1934-10-01,1934,EIGHT PARCELS SOLD AT AUCTION STANDS; Plaintiffs Buy In Tenement Houses in Manhattan and Bronx at Foreclosure Sales. ,Archives,Archives,0,-0.128,0.0,0.081,0.919,0.0,0.0,0.0,construction
nyt://article/51ac2d61-c9f0-5338-b36f-8b843711def8,1934-10-03,1934,LA TEST REALTY DEALINGS; TENEMENTS LEAD IN AUCTION DEALS Four Vacant Parcels Held by Trustee Also Figure in Foreclosed Offerings. BANKS ARE CHIEF BIDDERS Fourteen Manhattan Properties and Four in the Bronx Are Taken Over. ,Archives,Archives,0,0.25,0.056,0.0,0.944,0.0,0.0,0.0,construction
nyt://article/67aced3f-9a8f-54d0-8db7-9470658dfd48,1934-10-04,1934,16 PARCELS SOLD IN AUCTION MARTS; Tenements Again Lead List of Reality Offered in Forced Sale Actions. ALL TAKEN BY PLAINTIFFS Mortgagees Bid In Manhattan and Bronx Properties to Project Their Liens. ,Archives,Archives,0,-0.4588,0.0,0.088,0.912,0.0,0.0,0.0,construction
nyt://article/b27cc888-e651-58f7-aa46-f1df4ac7f0a0,1934-10-06,1934,TWO QUEENS FLATS SOLD TO INVESTOR; Casualty Company Liquidator Disposes of Properties in Jackson Heights. MANHATTAN HOME BOUGHT Tenements and Dwellings Also Pass to New Control in the Bronx and Brooklyn. ,Archives,Archives,0,-0.5267,0.0,0.102,0.898,0.0,0.0,0.0,construction
nyt://article/5860372e-b798-5325-8f5d-ce6872597142,1934-10-09,1934,"LEXINGTON AV. FLAT BID IN AT AUCTION; Corner at 92d Street Knocked Down at Forced Sale for $640,500. SEVEN PARCELS ON BLOCK Group of Tenements Downtown Among Manhattan Offerings -- Two Sales in Bronx. ",Archives,Archives,0,-0.7096,0.0,0.156,0.844,0.0,0.0,0.0,construction
nyt://article/7e04c0f9-7bdd-5c35-b5c1-11ed1b1333e0,1934-10-12,1934,"VARIETY OF REALTY BID IN AT AUCTIONS; Loft Buildings, Small Houses and Tenements Go Under the Hammer. 14 PARCELS ARE OFFERED Plaintiffs Acquire Nine Properties in Manhattan and Five in Bronx at Forced Sales.",Archives,Archives,0,-0.4588,0.0,0.083,0.917,0.0,0.0,0.0,construction
nyt://article/1df6ba08-e9f6-587d-b0ee-26c9611ff94e,1934-10-13,1934,"PWA TAKES SITES TO END SLUMS HERE; First City-Federal Purchases in Housing Plan Made in Williamsburg Section. 16-BLOCK AREA IS SOUGHT. Brooklyn Project Is to Cost $8,000,000 to $12,000,000 and House 10,000.",Archives,Archives,0,-0.7184,0.041,0.143,0.816,0.0,0.04651,-1.0,construction
nyt://article/1c18cd0a-a9ee-5c79-b1a5-644ea734beaa,1934-10-14,1934,"DETROIT SLUM PLAN TO COST $6,000,000; Project Approved by PWA Will Give Direct Employment to 2,000 Men. HOMES FOR 1,400 FAMILIES Tentative Site, Owned by City, Has High Rate of Delinquency and Disease.",Archives,Archives,0,-0.6908,0.099,0.197,0.704,0.02564,0.07692,-0.5,construction
nyt://article/22286c56-b44a-5673-8b2d-cb9a98186183,1934-10-17,1934,"HOUSING STRIKE HIT IN REPORT TO PWA; Tie-Up at Boulevard Gardens, Woodside, Laid to 'Trifling' Labor Dispute. 600 MEN ARE KEPT IDLE Secretary Ickes Announces New Loans and Grants Here on Non-Federal Projects.",Archives,Archives,0,-0.6369,0.041,0.176,0.783,0.0,0.0,0.0,conflict
nyt://article/24e4f362-3ba2-5e1f-b0c9-5e21e46a92ed,1934-10-18,1934,"HOUSING JOBS USED TO AID DEMOCRATS, MOSES DECLARES; Farley and Flynn Are Using PWA Work Here to Win Election, He Charges. TURNS FIRE ON LEHMAN Nonpartisanship Pledge Is 'Bunk,' He Asserts -- Straus Defends Hillside Project. MOSES DENOUNCES FOES OVER HOUSING",Archives,Archives,0,-0.8591,0.06,0.242,0.697,0.0,0.0,0.0,construction
nyt://article/e2005970-1881-5243-8edb-1fe91d9847dc,1934-10-18,1934,WIDE HOUSING PLAN NOW BEING DRAFTED FOR NEW CONGRESS; Enlarged Program Is to Cover the Slum Clearance and Rehabilitation Work. ADDITION TO THE PWA JOB President Says His Aim Is to Cut Unemployment and Raise Living Standards. GETS REPORT ON PROJECTS Roper Asserts Industrial Insurance Program Will Be Included in Proposals. ROOSEVELT STUDIES NEW HOUSING PLAN,Archives,Archives,0,-0.6124,0.06,0.113,0.827,0.02985,0.01493,0.3333,construction
nyt://article/78d62406-edbe-53fc-96fa-18ee0f2c3b2d,1934-10-21,1934,OUR HODGE-PODGE BUILDING,Archives,Archives,0,0.0,0.0,0.0,1.0,0.0,0.0,0.0,construction
nyt://article/e279e11e-7394-50e8-acd9-ad32ebdb3800,1934-10-25,1934,AUCTIONED REALTY GOES TO PLAINTIFFS; Score of Properties in Bronx and Manhattan Taken Over by Mortgagees. MANY BANKS ARE BIDDERS Tenements and Small Dwellings Are Bid In as Auction Marts Continue Brisk Activity. ,Archives,Archives,0,0.1531,0.048,0.0,0.952,0.0,0.0,0.0,construction
nyt://article/c12ba563-0104-5cf7-9566-4b3e7491c5cc,1934-10-26,1934,HOUSING PROJECT TROUBLES.; High Cost of Labor and Materials and Federal Competition Deplored.,Archives,Archives,0,-0.4588,0.0,0.188,0.812,0.0,0.0,0.0,construction
nyt://article/91c6d675-51f6-55d8-b4a6-17c203331094,1934-10-27,1934,"MOSES DENOUNCES STRAUS LAND DEAL; Charges He Made $200,000 Profit on Hillside Model Housing Project. ACCUSATION IS DERIDED Straus Says Candidate Is 'Entitled to Fun' During Ten Days in Limelight.",Archives,Archives,0,-0.1531,0.172,0.226,0.602,0.0,0.0,0.0,reform
nyt://article/e0cc8b4e-3b98-5cde-afcc-2e82a20c6be0,1934-10-27,1934,"SMITH ACCLAIMED IN ROCHESTER TALK PRAISING LEHMAN; He Challenges Foes to Local Reform, but Disappoints by Lack of Fireworks. GOVERNOR DEFENDS RELIEF Moses Charges Straus Made $200,000 on Sale of Land for Hillside Housing Project. Rochester Crowd Hails Smith. SMITH ACCLAIMED IN ROCHESTER TALK The State Campaign.",Archives,Archives,0,-0.6542,0.113,0.188,0.699,0.02083,0.0,1.0,reform
nyt://article/8c65ece7-f899-5a99-88ef-4f35e81d8827,1934-10-28,1934,"HOUSING PROJECT FACES TAX INQUIRY; Knickerbocker Village, Scene of Rent Strike, Ordered to Justify Exemption. GRIEVANCES TO BE HEARD But Mayor Says the Project Has Been Under Scrutiny for Several Weeks.",Archives,Archives,0,-0.25,0.0,0.073,0.927,0.0,0.0,0.0,conflict
nyt://article/27927482-a020-528c-ba86-3d0bd0f725b2,1934-11-03,1934,REPUBLICAN IN THE BRONX; Moses Scores Rival as Failing to Aid Bank of U.S. Depositors. HOLDS GOVERNOR EVASIVE Condemns Him for Not Giving Views on Sales Tax and Sees 'Mortgage Whitewash.' TURNS HIS GUNS ON FLYNN Repeats Charge Leaders Are Using Housing Project for Patronage Purposes. MOSES DENOUNCES RIVAL ON BANK AID,Archives,Archives,0,-0.8869,0.016,0.171,0.813,0.0,0.0,0.0,construction
nyt://article/e8de7c31-609b-541c-bfc6-eb4f1a85de88,1934-11-04,1934,"TRADITIONS OF NEW DEAL ARE IGNORED BY MOFFETT; Head of the Federal Housing Project Actually Does Not Want Money From Congress to Give Away. ENLISTING PRIVATE CAPITAL His Aim Is to Revive Heavy Industries, Relieve Unemployment and Prevent Debt Maturity in Depression Periods. ",Archives,Archives,0,-0.7665,0.112,0.235,0.653,0.0,0.0,0.0,construction
nyt://article/53ff87c9-7f7a-5c50-85c0-de164d644554,1934-11-09,1934,"BROOKLYN PROJECT GETS HOUSING LOAN; PWA Authorizes $1,670,000 for Polytechnic Institute Plan for 400 Apartments. $1,500,000 FOR LOUISVILLE Government to Seek Condemnation of Land in That City for Slum Clearance.",Archives,Archives,0,-0.743,0.047,0.173,0.78,0.0,0.02778,-1.0,construction
nyt://article/4d66a4e9-0378-58c3-8fa6-66316333c8d6,1934-11-11,1934,Kingston Plans to End Slums.,Archives,Archives,0,-0.7184,0.133,0.467,0.4,0.11111,0.11111,0.0,construction
nyt://article/cf983489-0236-5264-9785-9ea4222c027a,1934-11-13,1934,PUERTO RICO TO' GET AID.; Governor %6/inship Tells of Housing Project on His Return There.I,Archives,Archives,0,0.0,0.0,0.0,1.0,0.0,0.0,0.0,construction
nyt://article/82d41f02-b9e2-58aa-928b-4b35e480d78f,1934-11-16,1934,The Norris Housing Project.,Archives,Archives,0,0.0,0.0,0.0,1.0,0.0,0.0,0.0,construction
nyt://article/1dd40bdb-8953-5c25-8449-a7f5cc879c62,1934-11-18,1934,Tenement Lives; SUMMER IN WILLIAMSBURG. By Daniel Fuchs. 380 pp. New York: The Vanguard Press. $2.50.,Archives,Archives,0,0.0,0.0,0.0,1.0,0.0,0.0,0.0,construction
nyt://article/4981f1a7-5a04-511c-a770-cbebd151784b,1934-11-21,1934,WOULD TAX OLD BUILDINGS; Fairchild Urges Special Levy to Spur Slum Clearance.,Archives,Archives,0,0.1027,0.266,0.198,0.537,0.04,0.08,-0.3333,reform
nyt://article/1aeafa89-ccf6-561d-869a-a69102e0c417,1934-11-25,1934,J.P. DAY IS DISPUTED BY HOUSING OFFICIALS; Private and Public Projects Held Non-Competitive Because of Rental Differences.,Archives,Archives,0,-0.34,0.0,0.094,0.906,0.0,0.0,0.0,conflict
nyt://article/16b343ea-481d-5492-8ce9-1cbd68ace04a,1934-11-29,1934,BACK PUERTO RICAN PLAN.; PWA Engineers Accept Slum Clearance Program for Study.,Archives,Archives,0,0.0258,0.208,0.158,0.633,0.05882,0.05882,0.0,construction
nyt://article/ea52b0e1-f703-5799-8358-46aee6f1b420,1934-11-30,1934,SLUMS CLEARANCE STRESSED BY ICKES; He Links Federal Activity With National Drive to Reduce Tuberculosis.,Archives,Archives,0,-0.8519,0.173,0.388,0.439,0.08,0.08,0.0,construction
nyt://article/de641710-f53e-5a12-b199-6bbc9ad4f334,1934-12-01,1934,OFFICE BUILDINGS TAKEN AT AUCTION; Two on West Side Are Bid in by the Bowery Savings Bank. 21 PROPERTIES ARE SOLD Bulk of Manhattan and Bronx Offerings Are Tenements and Smali Dwellings. ,Archives,Archives,0,0.0,0.0,0.0,1.0,0.0,0.0,0.0,construction
nyt://article/a0d88efe-6249-59ce-8500-c8b392ee1381,1934-12-02,1934,"FINDS NO RIVALRY IN SLUM RAZING; E.D. Litchfield Tells Realty Men Not to Be Disturbed by Ickes and City Programs. NOTES MANY CIVIC GAINS Knickerbocker Village Not an Example, as It Is a Private Enterprise, He Explains.",Archives,Archives,0,-0.5597,0.122,0.171,0.707,0.02273,0.04545,-0.3333,construction
nyt://article/6b0625c0-6e79-58e1-acaa-d09ddab2a1df,1934-12-04,1934,"ICKES WORKS PLAN TOLD TO PRESIDENT; Secretary Advocates at the Warm Springs Parley Enough 'Spending to Do the Trick.' MORGENTHAU IS PRESENT Tugwell, Hopkins, F.C. Walker Also Attend 'Completely Harmonious' Meeting.",Archives,Archives,0,0.7346,0.176,0.059,0.766,0.0,0.0,0.0,construction
nyt://article/a0b4920b-16f2-5c65-ac53-6e79dd91fadc,1934-12-05,1934,"SUBSIDY OF BILLION URGED FOR HOUSING; Outright Gift of 20% to the Owner Is Advocated by the Administration Experts. SPUR TO BUILDING IS SEEN Say Plan Would Bring Out Private Capital in $5,000,000,000 Home Program.",Archives,Archives,0,0.7003,0.094,0.0,0.906,0.0,0.0,0.0,construction
nyt://article/246034b0-7e61-5e1b-a86c-029d7d9a6f34,1934-12-07,1934,"REFEREE REJECTS BID FOR TENEMENT; Adjourns Sale, Calling $1,000 Offered by Plaintiff for Flat Inadequate. OTHER AUCTION RESULTS Mortgagees Take Over Realty at Foreclosure Sales in Bronx and Manhattan. ",Archives,Archives,0,-0.7506,0.0,0.222,0.778,0.0,0.0,0.0,construction
nyt://article/d0f22fcf-3058-573e-b7bb-84d1530a7eb2,1934-12-07,1934,CHAMBER REJECTS HOUSING REPORT; McAneny Proposals on Slum Clearance Are Assailed as Too General.,Archives,Archives,0,-0.8481,0.052,0.267,0.681,0.03333,0.06667,-0.3333,construction
nyt://article/8f3bfc6c-b05f-5d53-bbd7-49af23b8aeb8,1934-12-08,1934,CITY WILL REVAMP SECTION OF SLUMS; Housing Authority to Thin Out and Improve East Side Block as an Experiment. WORK BEGINS IN 2 WEEKS Federal Relief Funds Will Aid Project -- Baruch and Astor Also Have a Part.,Archives,Archives,0,-0.1779,0.126,0.121,0.753,0.02222,0.0,1.0,reform
nyt://article/a4d3933b-9344-5dc6-bb2c-c94d8f773043,1934-12-13,1934,Housing Project Attacked.,Archives,Archives,0,-0.5994,0.0,0.329,0.671,0.0,0.0,0.0,conflict
nyt://article/c1cb427e-3727-5b74-bb82-5ab4b57f1069,1934-12-24,1934,PUBLIC HOUSING DEBATED.; J. P. Day and B. C. Vladeck Discuss Slum Clearance Projects.,Archives,Archives,0,-0.3612,0.078,0.137,0.784,0.04545,0.04545,0.0,construction
nyt://article/60b39ceb-a820-5803-b297-20651aa9c346,1934-12-28,1934,22 PARCELS SOLD IN AUCTION MARTS; Plaintiffs Bid in Variety of Structures to Protect Their Liens. LIST INCLUDES BREWERY Tenements and Dwellings Dominate Foreclosure Selling in Bronx and Manhattan.,Archives,Archives,0,0.1531,0.082,0.095,0.823,0.0,0.0,0.0,construction
nyt://article/54f574fb-1692-548a-b525-9a711d0bdb3e,1934-12-29,1934,"ROOSEVELT OFFERS WORK RELIEF PLAN; Letter to Pennsylvania Governor-Elect Suggests Legislation to Get PWA Aid. AUTHORITIES FOR COUNTIES Steps for Rural Electrification, Slum Clearance and Bond Issues Also Outlined.",Archives,Archives,0,0.0,0.1,0.078,0.822,0.05,0.025,0.3333,reform
nyt://article/2b1157d1-9382-53f2-874e-330da613d497,1935-01-04,1935,1935 BRONX BUILDING OFF TO A GOOD START; Architects File Plans for Two Housing Projects and an Industrial Plant.,Archives,Archives,0,0.4404,0.139,0.0,0.861,0.0,0.0,0.0,construction
nyt://article/23da6f98-a121-5018-9727-ba60b7b30a68,1935-01-05,1935,DENIES PWA RIGHT TO CONDEMN LAND; Federal Judge in Louisville Holds Slum Clearance Is Not for 'Public Use.',Archives,Archives,0,-0.93,0.089,0.397,0.513,0.03226,0.06452,-0.3333,construction
nyt://article/7659d8bc-4de6-58da-9bcf-05f52d59dd09,1935-01-06,1935,"PHILADELPHIA UNION DEDICATES HOUSES; Miss Perkins Hails Project, Built Jointly by Hosiery Workers and the PWA.",Archives,Archives,0,0.34,0.133,0.071,0.796,0.0,0.0,0.0,construction
nyt://article/52381891-efa6-5307-b1c0-231294d49d01,1935-01-12,1935,ICKES WILL APPEAL CONDEMNATION SUIT; Government's Right to Seize Land for Slum Clearance Is Going to High Court.,Archives,Archives,0,-0.743,0.073,0.267,0.659,0.04762,0.04762,0.0,construction
nyt://article/b974a267-56ee-5d72-97dd-46f67e67d25b,1935-01-13,1935,THE VAST HOUSING PROBLEM: AN ANALYSIS AND A PROPOSAL; An Architect Criticizes the Programs Put Forth at Washington And Declares a Huge-Scale Effort by Government Is Needed,Archives,Archives,0,-0.6249,0.0,0.15,0.85,0.0,0.0,0.0,construction
nyt://article/093dffd5-dbb7-5f99-a352-2f69f84322ab,1935-01-17,1935,Renting Office Opens for Housing Project; City Gets 300 Requests for East Side Flats,Archives,Archives,0,0.0,0.0,0.0,1.0,0.0,0.0,0.0,construction
nyt://article/f626a919-aa88-5a1f-9c60-df3266c77a5b,1935-01-17,1935,TENEMENTS DOMINATE AUCTION MART SALES; Plaintiffs Take Over Multi-Family Buildings in Bronx and Manhattan.,Archives,Archives,0,-0.128,0.0,0.103,0.897,0.0,0.0,0.0,construction
nyt://article/4b3e4a20-8385-59e1-b615-8b8330a0862e,1935-01-24,1935,"SCORE OF PARCELS SOLD AT AUCTION; Sixteen Manhattan and Four Bronx Properties Go to Plaintiffs. BANKS AMONG BIDDERS Realty Bid In Includes Dwellings, Tenements, Loft and a Garage Building.",Archives,Archives,0,0.0,0.0,0.0,1.0,0.0,0.0,0.0,construction
nyt://article/afd74670-76a7-5df1-99fe-7fc57b780018,1935-01-24,1935,POST SAYS SLUM PLAN IS TO 'BREAK' VALUES; Housing Chairman Suggests City Build Elsewhere Than in Congested Areas.,Archives,Archives,0,-0.1531,0.193,0.182,0.625,0.03448,0.06897,-0.3333,construction
nyt://article/9c1e7254-aa79-5efd-853c-2e4007fd55cf,1935-01-26,1935,SHIFTING THE TENEMENTS.; Removal Viewed as Beneficial to Land Values in Manhattan.,Archives,Archives,0,0.6808,0.359,0.0,0.641,0.0,0.0,0.0,construction
nyt://article/00f27ec6-9020-5aed-870c-99ff2475892b,1935-02-11,1935,"MAYOR TO SUBMIT BILLION PROGRAM TO THE PWA TODAY; Subway Construction, Sewage Salvage Plants Among the Many Improvements. NEW HOSPITALS PLANNED More Schools, Playgrounds and Parks and Huge Housing Projects Proposed. PARK AV. ADDITION SOUGHT Four Tunnels, Delaware Water System Included -- Work Would Be Started at Once. MAYOR TO SUBMIT WORKS PROGRAM",Archives,Archives,0,0.5574,0.072,0.0,0.928,0.0,0.0,0.0,construction
nyt://article/9d7c4e87-7179-5f7d-9d64-4625aaf69de2,1935-02-11,1935,"HOUSING BY PWA IS UPHELD BY POST; Model Low-Cost Building Will Not Conflict With Private Owners, He Insists. J.P. DAY DISPUTES HIM Use of Public Funds a 'Threat' to Initiative, Real Estate Operator Contends.",Archives,Archives,0,-0.5481,0.044,0.124,0.832,0.0,0.0,0.0,conflict
nyt://article/e08efb42-f1b4-529c-83af-ed59bf58b704,1935-02-13,1935,"BIG HOUSING PROJECT TO START ON ISLAND; Government to Finance $1,000,000 Development on Barnegat Bay Site.",Archives,Archives,0,0.0,0.0,0.0,1.0,0.0,0.0,0.0,construction
nyt://article/108f674f-f297-5c22-9cfc-7d765e3f0407,1935-02-14,1935,"$350,000 FOR REMODELING.; Plans Are Filed for City Housing Project on Third Street.",Archives,Archives,0,0.0772,0.048,0.0,0.952,0.0,0.0,0.0,construction
nyt://article/17639de3-33da-5c48-8899-cb940309ae9b,1935-02-17,1935,"ABLE AIDES SOUGHT ON PUBLIC HOUSING; Col. Black Stresses Need for Right Kind of Managers for 45 Projects Now Under Way. TRAINING PLAN IS DRAFTED The 'Ideal,' He Tells Conference Here, Should Combine Business and Social Work Qualities. ABLE AIDES SOUGHT ON PUBLIC HOUSING",Archives,Archives,0,-0.3182,0.058,0.096,0.846,0.0,0.0,0.0,construction
nyt://article/c96e9aeb-af57-50a7-b12b-aecbf652f5a0,1935-02-18,1935,TO BUILD IN EAST 14TH ST.; Spingler-Van Beuren Estates Plan Modern Housing Project.,Archives,Archives,0,0.4588,0.136,0.0,0.864,0.05,0.0,1.0,reform
nyt://article/a90b297e-1ceb-5adc-964c-af34f4cafd19,1935-02-21,1935,OLD BRONX BREWERY SOLD TO OPERATOR; Mayer Plant at Third Avenue and 168th Street May Be Low-Cost Housing Site.,Archives,Archives,0,0.0,0.0,0.0,1.0,0.0,0.0,0.0,construction
nyt://article/f67c9716-bdae-5536-b57a-0220e7e2453a,1935-02-22,1935,TENEMENTS SOLD ON AUCTION BLOCK; Forced Selling in Manhattan Is Limited to Bidding on Apartment Houses.,Archives,Archives,0,-0.7783,0.0,0.375,0.625,0.0,0.0,0.0,construction
nyt://article/85bfb471-ad53-5550-9107-580826f39543,1935-03-02,1935,"WEST BRONX SITE SOLD TO BUILDER; Sixteen Lots in the Riverdale Section Are Bought for New Home Project, BANK SELLS A TENEMENT Manhattan Activity Includes Sale and Leasing of Housing Properties on West Side.",Archives,Archives,0,0.0,0.0,0.0,1.0,0.0,0.0,0.0,construction
nyt://article/a1dcaae6-da09-5f28-9179-9b7b4325818e,1935-03-08,1935,"PLAINTIFFS TAKE OVER MANHATTAN REALTY; Mortgagees Bid In Nine Parcels, Mostly Tenements, at Sales Held by Auctioneers.",Archives,Archives,0,0.0,0.0,0.0,1.0,0.0,0.0,0.0,construction
nyt://article/ebb0c240-5330-5c5b-88fe-aab42c4c0fea,1935-03-12,1935,GOVERNMENT DROPS HOUSING REVIEW PLEA; Takes Louisville Slum Clearing Case From Supreme Court Back to Circuit Appeals Bench.,Archives,Archives,0,-0.34,0.145,0.181,0.674,0.03333,0.06667,-0.3333,construction
nyt://article/162e06b6-6aa0-5552-92ed-c06e7913d81f,1935-03-13,1935,PUBLIC HOUSING AGENCIES.; Management by Them Held Efficient and Economical in Some Cases.,Archives,Archives,0,0.4215,0.157,0.0,0.843,0.0,0.0,0.0,construction
nyt://article/00bb9cc9-dd53-5de5-aecc-b1c3f0c2491a,1935-03-16,1935,"JEWISH WOMEN BACK SOCIAL LEGISLATION; National Council Urges Wage Law, Job Insurance and PWA Slum Clearance.",Archives,Archives,0,-0.3612,0.073,0.127,0.8,0.0,0.04167,-1.0,construction
nyt://article/8996fa23-0ff6-5c89-8394-819aa9c747ba,1935-03-28,1935,SLUM CLEARANCE PLANS.; Mr. Post Sees Little Merit in State Commerce Board's Program.,Archives,Archives,0,0.4601,0.3,0.14,0.56,0.05556,0.05556,0.0,construction
nyt://article/df4af4f6-25b4-55d6-b19f-c5682103960e,1935-04-01,1935,"SLUM CLEARANCE.; Present Plans, It Is Held, Are Impossible of Sound Financing.",Archives,Archives,0,-0.6124,0.174,0.304,0.522,0.0625,0.125,-0.3333,construction
nyt://article/e5b85037-7b59-562b-860a-a1105bec82af,1935-04-04,1935,"BIG HOUSING PLAN FOR BROOKLYN WINS FEDERAL INSURANCE; Moffett Approves Joseph P. Day's $8,000,000 Project for Gravesend Bay Area.",Archives,Archives,0,0.7506,0.141,0.0,0.859,0.0,0.0,0.0,construction
nyt://article/9e626471-05f0-59c1-b415-c0d0e7c4301b,1935-04-11,1935,Mrs. Roosevelt on Housing Board,Archives,Archives,0,-0.0258,0.184,0.146,0.669,0.05263,0.05263,0.0,construction
nyt://article/e50a3f37-ae70-5fb1-8ea8-f7faf9bbec5a,1935-04-13,1935,"CITY CONDEMNATION FOR HOUSING UP HELD; Court, in Giving It Right to Acquire Land, Says Low Cost Homes Are a Public Use.",Archives,Archives,0,-0.7269,0.06,0.213,0.727,0.0,0.0,0.0,construction
nyt://article/ec218a04-bd1e-50f7-b90e-a81e4c0f63d5,1935-04-16,1935,Day Speaks on Slum Clearance.,Archives,Archives,0,-0.3612,0.148,0.259,0.593,0.0,0.1,-1.0,construction
nyt://article/0f28c679-55cd-5c1c-84a1-311cf44d6a62,1935-04-18,1935,TENEMENTS SOLD ON AUCTION BLOCK; Flats Form Bulk of Realty in Manhattan Put Up at Foreclosure Sales.,Archives,Archives,0,-0.5267,0.0,0.227,0.773,0.0,0.0,0.0,construction
nyt://article/b6d5013b-01c0-5213-88a4-d1f2939554c2,1935-04-20,1935,"TAX CONCESSIONS ON BUILDING URGED; 3-Year Exemption Would Spur Improvements, Mayor Is Told by Assessment Board.",Archives,Archives,0,0.6124,0.182,0.0,0.818,0.0,0.0,0.0,construction
nyt://article/8362464b-cc07-5ee6-8921-018f6cef6bd1,1935-04-24,1935,"NEW HOUSING PROJECT IS BEGUN BY MOFFETT; He Breaks Ground in Virginia for $1,000,000 Apartments -- To Leave Sunday for China.",Archives,Archives,0,-0.0516,0.0,0.04,0.96,0.0,0.0,0.0,construction
nyt://article/a161b5ff-dfad-534e-8c4d-6e8a4b151af7,1935-04-30,1935,"HOUSING PROJECTS SPURRED BY ICKES; ' Dirt Will Fly Soon' Here and in 27 Other Cities, He Says After White House Visit.",Archives,Archives,0,-0.2732,0.067,0.124,0.809,0.0303,0.0,1.0,reform
nyt://article/e9a8a66b-ce28-5c60-bfb7-8d3edf6bef8a,1935-05-05,1935,"PERMANENT PROGRAM FOR HOUSING IS URGED; Continued Government Aid in Slum Clearance Is Needed, Mrs. Simkhovitch Says.",Archives,Archives,0,-0.3612,0.07,0.123,0.807,0.04,0.04,0.0,construction
nyt://article/64fcd4ca-e636-5755-99c8-c15bc177e298,1935-05-14,1935,LA GUARDIA SEES ICKES.; Mayor Confers on Second Site for Housing Project Here.,Archives,Archives,0,-0.4404,0.0,0.104,0.896,0.0,0.0,0.0,construction
nyt://article/8cb7357a-b902-53da-bd4b-fbe861f0c436,1935-05-17,1935,REALTY HELD SNAG TO HOUSING GAINS; Vladeck Tells Neighborhood Group Speculators Hurt Slum Clearance -- Deutsch Disagrees.,Archives,Archives,0,-0.6705,0.214,0.296,0.49,0.06897,0.06897,0.0,construction
nyt://article/f5541dd5-97e2-541f-ab20-691ec18eaa64,1935-05-19,1935,CITY SPEEDS UP WORK ON SLUM CLEARANCE; Mayor and Housing Authority Plan to Rush Condemnation and Follow With Williamsburg Building,Archives,Archives,0,-0.7184,0.12,0.264,0.616,0.0,0.04762,-1.0,construction
nyt://article/b9532876-45c1-57ca-83c3-09ff0f9a81f7,1935-05-31,1935,NEW HOUSING HERE 'NEAR ACTION STAGE'; More Slum Clearance Sites Are Investigated by City and Federal Authorities.,Archives,Archives,0,-0.3642,0.095,0.158,0.748,0.05,0.05,0.0,construction
nyt://article/af507b6f-4829-5a8b-8f0a-696ae9fd9c9a,1935-06-03,1935,Wagner Bill Supported.,Archives,Archives,0,0.3612,0.341,0.171,0.488,0.07143,0.07143,0.0,construction
nyt://article/9778cc80-66e4-59a3-9276-e73c4d3f2715,1935-06-26,1935,"HOPKINS TO DECIDE HOUSING PROJECTS; Relief Chief Will Have Final Say on $249,000,000 Earmarked for Them. NEW YORK ON THE LIST Slum Clearance Fund Slashed With Direct Relief Still Costing 4 Millions a Day.",Archives,Archives,0,0.1531,0.151,0.116,0.733,0.07692,0.02564,0.5,reform
nyt://article/3e88c04a-4636-5c4f-b174-48749f65c2f6,1935-06-29,1935,To Dedicate Housing Project.,Archives,Archives,0,0.0,0.0,0.0,1.0,0.0,0.0,0.0,construction
nyt://article/8464415d-5e2f-5260-a12c-1b3144fcdc25,1935-06-30,1935,"GOVERNOR OPENS HILLSIDE HOMES; Ceremonies at Huge PWA Project on Boston Post Road Attract Throng of 5,000.",Archives,Archives,0,0.5859,0.179,0.0,0.821,0.0,0.0,0.0,construction
nyt://article/8b69c6e0-3011-59ca-8fd1-38d8173ee2b2,1935-07-03,1935,"$4,700,000 HOUSING PLANNED IN HARLEM; PWA Offers Funds if City Will Get Land Title by Condemnation in 30 Days. OWNED BY ROCKEFELLERS Negotiations for Purchase Failed -- Project Would Start Slum Clearance There. $4,700,000 HOUSING PLANNED IN HARLEM",Archives,Archives,0,-0.8402,0.098,0.19,0.712,0.01639,0.01639,0.0,construction
nyt://article/06e9fb77-4617-5fdc-afc3-764189e56e01,1935-07-07,1935,SLUM CLEARANCE SCHOOL.; Managers Will Learn How to Instruct Tenants on Modern Devices.,Archives,Archives,0,0.128,0.27,0.189,0.541,0.15385,0.07692,0.3333,reform
nyt://article/78473f25-2486-5a4e-9e22-61b6910b2e08,1935-07-13,1935,URGE SPEED ON HOUSING.; Conference Plans Drive to Push Low-Rent Flats.,Archives,Archives,0,-0.3612,0.062,0.108,0.831,0.03448,0.03448,0.0,construction
nyt://article/afdae15e-db28-5d6e-8db4-114980c7ee10,1935-07-17,1935,Slum Elimination.,Archives,Archives,0,-0.7184,0.167,0.583,0.25,0.16667,0.33333,-0.3333,construction
nyt://article/c051b127-4d73-5836-bb9d-88176ceb7df2,1935-07-22,1935,No Power to Abolish Slums.,Archives,Archives,0,-0.802,0.123,0.568,0.309,0.11111,0.11111,0.0,construction
nyt://article/836a0354-5a88-5b6e-acfb-a2e79022627d,1935-08-03,1935,"""Slum Clearance.""",Archives,Archives,0,-0.6124,0.25,0.438,0.312,0.11111,0.11111,0.0,construction
nyt://article/cb672f74-ea25-5e59-98df-25fbe0959f38,1935-08-04,1935,"HOUSING PROJECT DELAYED; Lack of Materials Holds Up Federal Work at Hightstown, N.J.",Archives,Archives,0,-0.6705,0.0,0.255,0.745,0.0,0.0,0.0,construction
nyt://article/ae992624-65c9-5ace-99ac-7e1be3543407,1935-08-21,1935,HARLEM GROUP NAMED.; Post Appoints Committee to Aid in Housing Work.,Archives,Archives,0,0.0,0.0,0.0,1.0,0.0,0.0,0.0,construction
nyt://article/fc976ce7-e79e-50b7-a6ba-5fc0c874d055,1935-08-25,1935,"$7,000,000 FOR PWA JOB.; Ickes Approves Low Cost Housing Project in Cincinnati.",Archives,Archives,0,0.5106,0.22,0.086,0.694,0.0,0.0,0.0,construction
nyt://article/95fbad2f-93ec-551f-90b2-7c3b2804c8d2,1935-09-08,1935,FIRST LADY PLANS TRIP.; She Will Go to Detroit to Attend Slum Clearance Exercises.,Archives,Archives,0,-0.3182,0.205,0.214,0.581,0.08333,0.08333,0.0,construction
nyt://article/ee04cde7-ce19-5a3f-b733-59e19e697679,1935-09-10,1935,'FIRST LADY' STARTS A HOUSING PROJECT; At a Signal From Her Workmen Pull Down First Detroit Structure.,Archives,Archives,0,0.0,0.0,0.0,1.0,0.0,0.0,0.0,conflict
nyt://article/5083fd78-444f-5902-82ec-b9b7b262e16a,1935-09-11,1935,NEW JERSEY LABOR FIGHTS SALES TAX; Convention Votes Unanimously in Favor of Repeal of 'Soakthe-Poor-Law.' HOFFMAN'S NAME BOOED Telegrams Sent Direct From the Floor Ask Roosevelt to Aid Slum Clearance Jobs.,Archives,Archives,0,-0.6597,0.096,0.186,0.717,0.025,0.025,0.0,construction
nyt://article/09a75a98-49e8-501f-a482-62f42d503629,1935-09-13,1935,SLUM CLEARANCE UP TO HIGH COURT; Government Appeals Decision Against Condemning Land for Modern Housing. CONSTITUTION IS CITED Reed Contends Welfare Clause Gives Power -- Program Is Held in Jeopardy.,Archives,Archives,0,-0.7964,0.112,0.217,0.671,0.04348,0.02174,0.3333,reform
nyt://article/e64c291a-4a57-532c-b3b7-63edfe619c05,1935-09-23,1935,MODERNIZED DWELLINGS.; Rehabilitation Regarded as First Move in Slum Clearance.,Archives,Archives,0,0.0,0.237,0.184,0.579,0.07143,0.07143,0.0,reform
nyt://article/b88039cd-0379-55df-9f1c-cad3c76c7230,1935-09-26,1935,HOUSING PAY PLEA DENIED.; Post Rejects Prevailing Rate Demand for Architects' Aides.,Archives,Archives,0,-0.6597,0.076,0.264,0.66,0.0,0.0,0.0,construction
nyt://article/0654988b-9a2f-5dcc-bedf-c0c291ff0958,1935-10-01,1935,SLUM CLEARANCE.; Some of the Contentions of Chairman Post Are Disputed.,Archives,Archives,0,-0.8126,0.068,0.32,0.612,0.0,0.09091,-1.0,conflict
nyt://article/f4c3dd33-8947-5fb0-a2f3-8b6cb0e69f0f,1935-10-02,1935,REALTY BOARD WARNS ON HARLEM HOUSING; Asserts City Project Should Be Limited to Low-Income Class to Avert 'Worse Conditions.',Archives,Archives,0,-0.7269,0.0,0.288,0.712,0.0,0.0,0.0,construction
nyt://article/72e2c3c9-2297-50b8-92ae-abd3a5f60d25,1935-10-12,1935,HOUSING PROJECTS HELD BEST FOR IDLE; Vladeck Cites Europe's Case to Show That Slum Clearance Eases Economic Strain.,Archives,Archives,0,0.3182,0.264,0.207,0.529,0.07143,0.07143,0.0,construction
nyt://article/08ee6505-251c-530f-9065-4a78abcf7749,1935-10-13,1935,"WPA JOBS SHORT 2,023,746 OF GOAL; Latest Figures Show Only 1,126,234 Placed in Drive for 3,500,000 Total by Nov. 1.",Archives,Archives,0,-0.3612,0.063,0.111,0.825,0.03571,0.03571,0.0,construction
nyt://article/6678a5cf-de2a-5d36-b44e-3e298879f99b,1935-10-20,1935,HOUSING PROJECT RUSHED.; Work on Brooklyn Beach Gardens Will Be Started Tomorrow.,Archives,Archives,0,0.0,0.0,0.0,1.0,0.0,0.0,0.0,construction
nyt://article/22caaa54-ff5f-550d-9fc3-3e8793c64595,1935-10-23,1935,"M'CARL BREAKS JAM IN WPA'S PROJECTS; $1,500,000,000 FREE; $700,000,000 Now Available to States and Job Peak in November Is Predicted.",Archives,Archives,0,0.2732,0.08,0.053,0.867,0.0,0.0,0.0,construction
nyt://article/0eb67d1b-0842-5760-925d-e9f60903c381,1935-10-25,1935,DAY HOUSING PROJECT ATTACKED BY ABRAMS; State Consultant Declares It Will Not Meet Need for Low-Rent Apartments.,Archives,Archives,0,-0.7096,0.0,0.174,0.826,0.0,0.0,0.0,construction
nyt://article/0095b6d0-3224-5808-af3c-a466a4f12348,1935-10-26,1935,APARTMENTS SOLD IN TWO BOROUGHS; Flats in Manhattan and the Bronx Are Purchased by Investors. AUCTIONED REALTY BID IN Tenements and Dwellings Go to Holders of Mortgages at Foreclosure Sales.,Archives,Archives,0,-0.128,0.0,0.049,0.951,0.0,0.0,0.0,construction
nyt://article/1f0c5ad7-39c1-54df-a848-3863e7a615e0,1935-11-01,1935,"$1,095,000 AWARDED FOR LAND FOR HOUSING; Court Fixes Figure on Harlem Site for Low-Rent Homes for Negro Families.",Archives,Archives,0,0.3612,0.157,0.085,0.758,0.0,0.0,0.0,crisis
nyt://article/8a4dc863-b408-54be-960d-48758c5fd6b9,1935-11-02,1935,"NEW HOUSING PROJECT.; Site Near Bound Brook, N.J., to Provide for 5,000 Families.",Archives,Archives,0,0.0,0.0,0.0,1.0,0.0,0.0,0.0,construction
nyt://article/d045a3d3-5343-5e41-b2c2-d9c590fc7bca,1935-11-03,1935,BUILDING WILL AID HOME FURNISHINGS; Sharp Gains in Sales This Fall Held to Be the Forerunner of Much Heavier Volume. EXPECT FEDERAL ACTION Housing Projects May Develop Into Major Feature in Plan to Spur Trade Recovery.,Archives,Archives,0,0.34,0.064,0.0,0.936,0.0,0.0,0.0,construction
nyt://article/b382b0b2-9523-53f9-a02d-21d707387541,1935-11-17,1935,"10-YEAR HOUSING PLAN PROPOSED BY WAGNER; Slum Clearance and Low-Rent Program, Costing Billion at Start, Urged on Roosevelt.",Archives,Archives,0,-0.3612,0.078,0.137,0.784,0.04545,0.04545,0.0,construction
nyt://article/dec11579-4ece-5cd9-90e3-75e7da7ddfdb,1935-11-20,1935,Housing Project Bids Rejected.,Archives,Archives,0,-0.5106,0.0,0.524,0.476,0.0,0.0,0.0,construction
nyt://article/d0ce6991-bc18-5185-b4f8-dd2f09c03409,1935-11-21,1935,"CITY-BUILT HOMES WILL OPEN DEC. 3; Gov. Lehman, Federal and Local Officials Will Participate in Dedicatory Program. NAMED THE 'FIRST HOUSES' 120 Families Will Move Into Modern Apartments on Site of Lower East Side Slums.",Archives,Archives,0,-0.4019,0.07,0.133,0.796,0.02703,0.0,1.0,reform
nyt://article/a84df02b-2f60-5f12-a5d7-738f9d317b3d,1935-11-22,1935,"TENEMENTS SOLD ON AUCTION BLOCK; Eleven Flats in Manhattan Bid In by Plaintiffs at Foreclosure Sales. EIGHT ARE TAKEN BY BANKS Dwellings, Loft and a Store Building Are Among Parcels Offered in the Bronx.",Archives,Archives,0,-0.5267,0.0,0.121,0.879,0.0,0.0,0.0,construction
nyt://article/0ea7e013-f93b-5edf-a2d4-abef0da4daeb,1935-12-04,1935,"""FIRST HOUSES.""",Archives,Archives,0,0.0,0.0,0.0,1.0,0.0,0.0,0.0,construction
nyt://article/82ef5809-88ac-56f0-9552-2861adf2ca1d,1935-12-04,1935,"'FIRST HOUSES' OPEN, ROOSEVELT HAILS NEW SLUM POLICY; East Side Block Thronged for Dedication of the City's Low-Rent Project.",Archives,Archives,0,-0.7506,0.0,0.186,0.814,0.0,0.03333,-1.0,construction
nyt://article/b91cd9b3-aa16-5612-9a5e-9605121777cd,1935-12-04,1935,WOMAN REPELS 7 IN FIGHT FOR HOME; Only Police Aid Evicts Her and Husband to Make Way for WPA Housing Project.,Archives,Archives,0,-0.6369,0.0,0.123,0.877,0.0,0.0,0.0,conflict
nyt://article/0fad6ada-8e97-52ca-88b3-6786bc223259,1935-12-06,1935,"WAGNER TO SPONSOR NEW HOUSING BILL ON PERMANENT PLAN; Measure Calls for Subsidies for Slum Clearance and an $800,000,000 Fund.",Archives,Archives,0,-0.3612,0.07,0.123,0.807,0.04,0.04,0.0,construction
nyt://article/c383c6b7-5bde-5e2c-8c6b-e00656a690aa,1935-12-06,1935,Obituary 1 -- No Title,Archives,Archives,0,-0.296,0.0,0.167,0.833,0.0,0.0,0.0,construction
nyt://article/61514d22-4cbb-5322-88d5-e50c47152e55,1935-12-15,1935,"RISE IN U.S. POWER OVER CITIES FOUND; Dr. Bronisch, Berlin Official, Sees the Centralization Trend Here Like That in Reich. HE CITES PWA AS EXAMPLE Slum Clearance and Power in New York Interested Him During 3-Month Tour of 30 Cities.",Archives,Archives,0,0.0,0.115,0.099,0.785,0.01852,0.01852,0.0,construction
nyt://article/e6b8ef65-e84c-5bc0-8ad4-46cd084062eb,1935-12-15,1935,"PWA HOUSING PLAN MEETS DEADLINE; Contracts Have Been Let on 47 of 50 Slum Clearance Projects, Clas Reveals. MAIN WORKS PLAN LAGS Spokesman Indicates $340,000,000 Construction Program Is Short of Roosevelt Goal.",Archives,Archives,0,-0.7906,0.058,0.164,0.777,0.02041,0.02041,0.0,construction
nyt://article/890f21eb-7c1d-5690-a291-0bb5756cb57b,1935-12-16,1935,"EAST SIDE TENEMENT DESTROYED BY FIRE; Six Families, Trapped, Flee Down Fire-Escape of 4-Story House in East 115th Street.",Archives,Archives,0,-0.9042,0.0,0.357,0.643,0.0,0.0,0.0,construction
nyt://article/05413c5c-2f2b-57c5-a4b4-86e5ac1d91d7,1935-12-18,1935,"HAUPTMANN PLANS 'SURPRISE WITNESS'; Lawyer He Consulted About Fisch Property May Appear Before Pardons Court. HOFFMAN IN WASHINGTON On Political Errand -- Wilentz, Also There, Calls on J. Edgar Hoover for 'Handshake.'",Archives,Archives,0,0.5106,0.087,0.0,0.913,0.0,0.0,0.0,construction
nyt://article/57281adb-5063-5ddf-8217-fd3e7c6df248,1935-12-18,1935,MORTGAGEES ACT TO PROTECT LIENS; Plaintiffs in Foreclosures Bid In at Auction Fifteen Manhattan Parcels. TENEMENTS ARE OFFERED Small Lofts and Residences Make Up Remainder of the Listings.,Archives,Archives,0,-0.2023,0.081,0.106,0.812,0.0,0.0,0.0,construction
nyt://article/57108d3f-4055-5267-b240-141b35dc93ab,1935-12-19,1935,HOUSING PROJECT SHOWN IN A MODEL; Design Depicts How 12-Block Williamsburg Area Will Look When It Is Finished. MORE AIR AND SUNLIGHT The Buildings Are to Overlook Greenswards -- Plans Call for Four Super-Blocks.,Archives,Archives,0,0.0,0.0,0.0,1.0,0.0,0.0,0.0,construction
nyt://article/d71cfeb4-2cb8-53cb-91e0-b168a9010c09,1935-12-19,1935,FIRST HOUSES' ASSAILED.; Kings Associated Builders See Extravagance in Project.,Archives,Archives,0,0.0,0.0,0.0,1.0,0.0,0.0,0.0,construction
nyt://article/e4fb129b-74c1-5609-9d02-91e8dc37ce0d,1935-12-19,1935,PUERTO RICAN UNIONS ATTACK HOUSING PLAN; Federation Opposes Apartments as Solution of Slum Problem -- Fears Control Over Tenants.,Archives,Archives,0,-0.9062,0.096,0.347,0.557,0.03125,0.0625,-0.3333,conflict
nyt://article/31d82085-8df0-5a0e-9033-9a98bbf22eef,1935-12-29,1935,'LANDLORD SCHOOL' IS OPENED BY U.S.; Course Will Train Managers to Direct Resettlement and Housing Projects.,Archives,Archives,0,0.0,0.0,0.0,1.0,0.0,0.0,0.0,construction
nyt://article/7c98d78c-6e26-5bd5-9c14-81c2cbfddae1,1936-01-12,1936,FEDERAL SLUM PLAN HELD RECOVERY DRAG; J.C. Nichols Says Rentals Under Program Are Too High to Aid the Poor.,Archives,Archives,0,-0.9287,0.048,0.376,0.576,0.03333,0.06667,-0.3333,construction
nyt://article/91520de1-bfcc-52f7-9723-c6aac05d6eb9,1936-01-14,1936,"Post, on Queens Tour, Opens Fight To End Slum Areas in Borough; Picks Out Houses in South Jamaica and Far Rockaway and Orders Them Vacated -- Plans Intensive Survey to Avert Spread of Bad Housing.",Archives,Archives,0,-0.9427,0.068,0.29,0.642,0.01818,0.05455,-0.5,construction
nyt://article/28543d5f-e236-5d34-8333-648aa117427b,1936-01-22,1936,"FIGHT ON HOUSING LOOMS IN CONGRESS; Ickes Declares Private Financing Cannot Provide for Lowest Income Groups. FOR WAGNER SUBSIDY PLAN FHA Warned to Stay Out of Slum Clearance Field, Recalling Tiff When Moffett Was Chief.",Archives,Archives,0,0.1451,0.149,0.142,0.709,0.01515,0.01515,0.0,construction
nyt://article/9bcee408-8367-5b63-a40d-a29246da728d,1936-01-29,1936,PWA CONTRACTOR INDICTED; Accused of Underpaying Workers on Hillside Housing Project.,Archives,Archives,0,-0.296,0.0,0.087,0.913,0.0,0.0,0.0,construction
nyt://article/33c0344b-6d53-5745-8c81-a1b97bc84fa6,1936-01-31,1936,TENEMENT HOUSES BID IN AT AUCTIONS; Flats Form Bulk of Properties Taken by Mortgagees at Sales in Manhattan.,Archives,Archives,0,0.0,0.0,0.0,1.0,0.0,0.0,0.0,construction
nyt://article/2af6d05a-3c83-5d12-b73d-592ce9a1ed76,1936-02-01,1936,ICKES TO FIGHT ON FOR HOUSING FUNDS; Undeterred in Subsidy Aims by Administration Coolness Toward Particular Plans. PRIVATE BUILDING URGED Chamber of Commerce Report Denies Slum Clearance Work Is a Government Field.,Archives,Archives,0,-0.9169,0.049,0.206,0.745,0.02899,0.02899,0.0,conflict
nyt://article/91edb2d8-bca6-573c-9ebe-d4cf7010649c,1936-02-05,1936,LOW COST HOUSING FOR SLUMS OPPOSED; C.R. Ward Tells Brooklyn Real Estate Men Other Sections Have to Make Up the Cost.,Archives,Archives,0,-0.802,0.06,0.169,0.77,0.01754,0.03509,-0.3333,conflict
nyt://article/ccc9fc57-bced-5a33-9a19-8917eaa1b8f3,1936-02-10,1936,SNARLS DELAY BILL ON PUBLIC HOUSING; Constitutional Basis Is Sought for Making Advances to Local Agencies. PRIVATE AID IS EXPANDING FHA Gives Data Showing Help to Low-Income Group From Routine Channels.,Archives,Archives,0,0.1027,0.066,0.056,0.878,0.0,0.0,0.0,construction
nyt://article/dc64d331-1dfe-56dd-b3e3-692af9e2a0f7,1936-02-12,1936,POOR LIVE BETTER THAN 10 YEARS AGO; Comparative Survey Reveals More Tenements Now Have Heat and Bathrooms.,Archives,Archives,0,0.3612,0.174,0.124,0.701,0.0,0.0,0.0,construction
nyt://article/8b69c2cb-3275-516f-92c4-7fe7cdcbd084,1936-02-15,1936,FIFTEEN PARCELS GO TO PLAINTIFFS; Variety of Properties Is Bid in at Foreclosure Sales in Manhattan. HOUSES DOMINATE LIST Tenements Form Bulk of the Defaulted Realty -- Mortgage Commission Among Bidders. ,Archives,Archives,0,-0.25,0.0,0.094,0.906,0.0,0.0,0.0,construction
nyt://article/380bdf7c-69b6-527b-939e-e7c657c2e0b1,1936-02-20,1936,New Deal Quoted Hoover In Slum Clearance Case,Archives,Archives,0,-0.5423,0.193,0.246,0.561,0.09524,0.09524,0.0,construction
nyt://article/f50e0119-8214-5281-bfdb-869d1bbf2f83,1936-02-22,1936,"FIXED LIFE SPAN FOR HOUSE URGED; Courts Should Have Power to End Existence of Obsolete Ones, Thomas Adams Says. WARNS ON SLUM PROBLEM Federal Approach to Problem Is Wrong, Consultant to the Regional Plan Asserts.",Archives,Archives,0,-0.872,0.13,0.302,0.569,0.02174,0.04348,-0.3333,construction
nyt://article/64083fd4-0859-5e76-965e-8d9997cc44f9,1936-03-03,1936,APARTMENTS SOLD ON THE EAST SIDE; Buyer Will Remodel Building in Twenty-seventh Street Bought From Church. DEALS MADE IN HARLEM Resale Is Pending on 138th St. Tenement -- Buyer Leases 134th St. Warehouse. ,Archives,Archives,0,0.0,0.0,0.0,1.0,0.0,0.0,0.0,construction
nyt://article/de7b1f71-2c5b-5d9e-8a46-0cb493b0d290,1936-03-06,1936,GOVERNMENT DROPS HOUSING LAND FIGHT; Suddenly Asks and Obtains Dismissal of Louisville and Detroit Condemnation Cases.,Archives,Archives,0,-0.9136,0.037,0.255,0.708,0.02326,0.02326,0.0,construction
nyt://article/6e5fc50f-7328-57be-9ab0-d065749f14ff,1936-03-07,1936,TENEMENT HOUSES BID IN AT AUCTIONS; Six Flags in Manhattan and Two in the Bronx Go to Mortgagees. ,Archives,Archives,0,0.0,0.0,0.0,1.0,0.0,0.0,0.0,construction
nyt://article/30eeacc3-a60e-5f92-b63d-1ba03e366ef2,1936-03-13,1936,EXPERTS APPROVE NEW HOUSING PLAN; Federal Group Agrees on Slum Clearance Program for Low Cost Homes. WILL SEE ROOSEVELT TODAY Proposals for Federally Issued or Guaranteed Mortgages Will Be Decided by Him.,Archives,Archives,0,-0.6486,0.114,0.179,0.707,0.04762,0.04762,0.0,construction
nyt://article/6c9749de-c3dd-5f82-9bb1-955049dccbd5,1936-03-17,1936,"HOUSING PROJECTED IN THREE BOROUGHS; Apartment Structures to Cost $235,000 Are Planned for Sites in the Bronx. DWELLINGS FOR BROOKLYN Bellerose, Queens, to Get Group of 35 Homes -- Manhattan Brewery to Be Altered.",Archives,Archives,0,0.0,0.0,0.0,1.0,0.0,0.0,0.0,construction
nyt://article/d7969f9f-cded-59f5-96d0-f43b0fb35165,1936-03-17,1936,ROOSEVELT AGREES TO AID IN HOUSING; Conference Evolves New Plan to Finance Low-Cost Homes and Slum Clearance. OUTRIGHT GRANTS BARRED McDonald Reveals 30 Per Cent Payroll Cut in FHA Is Set for April.,Archives,Archives,0,-0.4588,0.118,0.159,0.723,0.0,0.02439,-1.0,construction
nyt://article/d985a57a-43f5-5530-981f-563a6bdb526f,1936-03-24,1936,HOUSING PROJECTED FOR FOUR BOROUGHS; Apartment and Dwelling Units Included in Listings -- Industrial Plans.,Archives,Archives,0,0.0258,0.073,0.0,0.927,0.0,0.0,0.0,construction
nyt://article/3aa35ff3-eb2d-5db6-87a9-1089372bb91e,1936-03-28,1936,Senate Votes Housing Tax Bill,Archives,Archives,0,-0.1027,0.0,0.076,0.924,0.0,0.0,0.0,construction
nyt://article/2957db23-e7ba-5e8b-a708-e33b5f070600,1936-03-29,1936,"PWA BLOC PRESSES $700,000,000 DRIVE; PRESIDENT DEFIED; Congressional Group Seeks Support on Ground of Political Advantage in the Election. SPURRED BY CCC VICTORY Amount Would Finance Ickes Projects for Slum Clearance and Heavy Construction.",Archives,Archives,0,-0.0772,0.159,0.128,0.713,0.04444,0.04444,0.0,construction
nyt://article/9252e0e5-5d6d-56fd-add5-f9dbbfb82ae8,1936-04-05,1936,REFUSE TO SUPPORT NEW HOUSING BILL; Affected Federal Agencies Intend to Present Own Plans to President. A. F. OF L. BACKS WAGNER Creation of a Separate Agency to Direct Slum Clearance Is Crux of Opposition.,Archives,Archives,0,0.1779,0.189,0.175,0.637,0.02564,0.02564,0.0,conflict
nyt://article/2de9abbe-168b-5a78-ab14-8dd729bfc6df,1936-04-06,1936,THE HOUSING BILL,Archives,Archives,0,-0.3612,0.211,0.368,0.421,0.16667,0.16667,0.0,construction
nyt://article/b3049dbf-6985-5671-b475-6ea91e8dbe25,1936-04-06,1936,BUYERS TO ALTER TENEMENT HOUSES; Purchasers of Buildings in Manhattan Have Plans for Modernizing Them. BANK SELLS TWO FLATS Emigrant Industrial Disposes of Harlem Properties -- Orphanage Sells in Henry Street.,Archives,Archives,0,0.0,0.0,0.0,1.0,0.0,0.0,0.0,reform
nyt://article/d1260bf7-cd01-5c8f-9a4a-004e0aeaf305,1936-04-08,1936,PWA Construction Spurs Building in Neighborhood,Archives,Archives,0,0.0,0.0,0.0,1.0,0.0,0.0,0.0,construction
nyt://article/ccef2518-f1df-5805-a590-01ec503e453a,1936-04-09,1936,PWA ASKS HOUSING BIDS; Will Push Work on Low-Cost Apartments in Harlem.,Archives,Archives,0,-0.3612,0.078,0.137,0.784,0.04545,0.04545,0.0,construction
nyt://article/25fa015e-d0ed-5fe8-9606-68e5b61a99a2,1936-04-15,1936,LA GUARDIA HAILS HOUSING ADVANCE; Shovels First Concrete in New Phase of Construction on Williamsburg Project. PLEDGES WAGNER BILL AID Ceremonies Include Raising of Flag and Address -- Work on Foundations Rushed.,Archives,Archives,0,0.0516,0.085,0.063,0.851,0.02,0.02,0.0,construction
nyt://article/7033417d-dfa9-5113-b9bf-ca7e5626c5ae,1936-04-16,1936,BRITISH LABORITE SCORES RED POLICY; Third International Seen by Herbert Morrison as Step Toward Fascism. SPEAKS AT MECCA TEMPLE Earlier He Is Greeted at City Hall by Mayor Who Hails War on London Slums.,Archives,Archives,0,-0.6597,0.149,0.216,0.635,0.02632,0.02632,0.0,construction
nyt://article/10f662c2-254c-5a20-a256-499baba261cd,1936-04-17,1936,REALTY AUCTIONED TO SAVINGS BANKS; Garage and Tenement Houses in Manhattan Taken Over by Mortgagees.,Archives,Archives,0,0.0,0.0,0.0,1.0,0.0,0.0,0.0,construction
nyt://article/9606989d-f03e-5c0b-86cb-1c7ba80fbed8,1936-04-19,1936,HOUSING COMPROMISE PUT BEFORE CONGRESS; Wagner Bill Asks Federal Subsidies for Slum Clearance and Homes for Low-Income Groups Only,Archives,Archives,0,0.128,0.154,0.108,0.738,0.03704,0.03704,0.0,construction
nyt://article/8ed36f08-6321-59c4-ac8d-d12cd0195c51,1936-05-08,1936,"HOUSING PROJECTED FOR TWO BOROUGHS; Two Structures for Corners in Bronx and $168,000 Queens Home Group Planned. ",Archives,Archives,0,0.0,0.0,0.0,1.0,0.0,0.0,0.0,construction
nyt://article/f1956870-85b3-5933-b34b-e4edd8442320,1936-05-09,1936,"PLANS FOR BUILDINGS FILED BY ARCHITECTS; Projects Include Tenement in Manhattan, Small Homes in Brooklyn.",Archives,Archives,0,0.0,0.0,0.0,1.0,0.0,0.0,0.0,construction
nyt://article/6cb9491d-492e-547a-b7de-b8c62649c142,1936-05-10,1936,"ICKES ACTS TO CUT PWA STAFF 25%; 'PRIMING' NEAR END; Secretary, on Basis of House Vote, Calls for a List of 2,500 Who Can Be Let Out. A DRIVE FOR ECONOMY President Viewed as Standing Firm for Lower Outlays -- Beiter Fights On. ICKES ACTS TO CUT PWA STAFF 25%",Archives,Archives,0,-0.8934,0.026,0.192,0.782,0.01493,0.01493,0.0,construction
nyt://article/d66cc24b-a948-54d3-91c5-c9500a8ec0cb,1936-05-10,1936,LEADERS TO STUDY HOUSING PROGRAM; Group of Fifty Will Discuss Slum Clearance Problems at Session Here Tuesday. MRS. ROOSEVELT TO SPEAK Mrs. Simkhovitch and Fannie Hurst Also to Attend Luncheon at the East Side Project. ,Archives,Archives,0,-0.6369,0.05,0.154,0.796,0.02857,0.02857,0.0,construction
nyt://article/af7f6632-fe2f-529b-9442-795a439c295d,1936-05-13,1936,"HOUSING AID URGED BY MRS. ROOSEVELT; At Model Dwellings on Site of Former Slum, She Asks Women to Back Plea. PRAISES SOCIAL BENEFITS Subsidies to Improve Living Conditions Result in Tax Reductions, She Says.",Archives,Archives,0,0.6597,0.158,0.062,0.78,0.0,0.0,0.0,conflict
nyt://article/c21d5f97-eea7-5412-a82f-99b7e50b336e,1936-05-14,1936,Reports Housing Charge Bill,Archives,Archives,0,0.34,0.169,0.079,0.752,0.0,0.0,0.0,construction
nyt://article/cd1b4794-3719-5e24-8d35-f0e3c0fba5ff,1936-06-03,1936,SUGGESTS SUBSIDIES FOR SLUM CLEARANCE; Jury Group Urges That Private Builders Be Put on Par With Government Agencies.,Archives,Archives,0,0.34,0.167,0.085,0.749,0.0,0.02857,-1.0,construction
nyt://article/6b18211a-1c15-53de-a8cc-e8aef8047475,1936-06-09,1936,"MUSEUM TO SHOW EXPOSITIOH PLANS; Architecture of Many Fairs on View as Contribution to One to Be Held Here, EXHIBITS DATE TO 1914 Models and Illustrations of PWA Housing Projects Are Also to Be Displayed.",Archives,Archives,0,0.0,0.0,0.0,1.0,0.0,0.0,0.0,construction
nyt://article/a0ff7a69-c1f2-58ee-84a4-1c2a2c7d2127,1936-06-10,1936,PWA Rejects Housing Bids,Archives,Archives,0,-0.875,0.067,0.4,0.533,0.04762,0.04762,0.0,construction
nyt://article/1c1d5d30-7dfe-53db-b838-4b645a24de62,1936-06-14,1936,ARCHITECTURE OF EXPOSITIONS,Archives,Archives,0,0.0,0.0,0.0,1.0,0.0,0.0,0.0,construction
nyt://article/36dd833e-0a29-5413-9b31-1bca12063921,1936-06-14,1936,"New Standard in Harlem Housing Is Set by Clinic and Amphitheatre; Nursery and Wading Pool Also Are Included in Slum Clearance Project -- Ceremony Saturday, Attended by Ickes and La Guardia, to Mark Laying of First Bricks.",Archives,Archives,0,-0.3612,0.049,0.086,0.864,0.02703,0.02703,0.0,construction
nyt://article/763369db-d87d-5574-9e1a-e2819f165d29,1936-06-16,1936,EXHIBIT FILM TO AID N SLUM CLEARANCE; Picture Made by City Housing Authority and WPA Shows Old and New Homes.,Archives,Archives,0,-0.5267,0.145,0.154,0.702,0.02632,0.05263,-0.3333,construction
nyt://article/f3eb0ffa-4a53-5c76-bb29-a3050e73219e,1936-06-24,1936,FIRST HOUSES' OCCUPIED; Last of 122 Families Move Into Flats at Avenue A and Third St.,Archives,Archives,0,0.0,0.0,0.0,1.0,0.0,0.0,0.0,construction
nyt://article/45472ee5-ecc6-5ac1-8c6f-b6f79ab99600,1936-06-29,1936,CUMMINGS WANTS 'G-MEN' STRONGER; In Dodge's Magazine He Asks Congress to Pass Law to Register All Pistols. END OF BIG GANGS PRAISED Wagner Contributes Article Urging Slum Clearance as Best Curb on Crime.,Archives,Archives,0,0.25,0.193,0.165,0.642,0.01786,0.03571,-0.3333,pathology
nyt://article/ad303742-ef69-5377-aad0-47d9d47ceef8,1936-07-01,1936,MR. MOSES ON HOUSING; Commissioner's Views on Federal Program Meet With Criticism.,Archives,Archives,0,-0.8625,0.063,0.367,0.57,0.04348,0.04348,0.0,construction
nyt://article/31c3ef75-df47-5383-8738-f138b172764f,1936-07-02,1936,FOUR TENEMENTS LEASED; Flats in Manhattan Figure In Leasehold Deals.,Archives,Archives,0,0.0,0.0,0.0,1.0,0.0,0.0,0.0,construction
nyt://article/ce5fb446-a17a-57cf-86f9-90996f613a9d,1936-07-02,1936,Ceremony at First Houses,Archives,Archives,0,0.0,0.0,0.0,1.0,0.0,0.0,0.0,construction
nyt://article/6e02dfcd-8bde-5932-a901-39b81a30ce35,1936-07-03,1936,"CITY TAKES OVER HOUSING PROJECT; Hopkins and Mayor Criticize Private Enterprise as WPA Transfers First Houses. RIDDER GIVES KEY TO POST Relief Employes Are Praised for Work on Building That Cost $900,000.",Archives,Archives,0,0.1779,0.102,0.09,0.808,0.02041,0.0,1.0,reform
nyt://article/4f4bd8a9-8c21-57eb-b927-32a62bf73e86,1936-07-05,1936,"NEW BUILDING HERE SHOWS GAIN OF 150%; More Structures Are Being Erected in City Than for Last Five Years. LAID TO EASIER FINANCING Group of Tall Apartments, First Added in Years, Now Is Nearing Completion. TENEMENTS ARE ALTERED Permits in Manhattan for Six Months Total $23,525,650 as Against $9,666,020 in 1935. NEW BUILDING HERE SHOWS 150% GAIN",Archives,Archives,0,0.8625,0.151,0.0,0.849,0.0,0.0,0.0,construction
nyt://article/2f832cd7-f06e-57ba-8761-16e5df036fc0,1936-07-09,1936,"PUBLIC HOUSING ERA VISIONED BY MAYOR; In 20 Years Government Will Be as Concerned With It as With Water, He Says. HOLDS IT VITAL TO HEALTH Proper Home Facilities Help to Fight Disease, He Tells City's Young Students.",Archives,Archives,0,0.3182,0.088,0.047,0.865,0.0,0.0,0.0,reform
nyt://article/0e6e7751-d22b-5e3d-acd5-9033d40ffd09,1936-07-16,1936,"BRONX TAKES LEAD IN BUILDING PLANS; Six New Tenements and a Dwelling Planned at Cost of $1,030,000. FIVE ARE BY ONE OWNER Manhattan Projects Include a Service Station and Changes in Existing Buildings.",Archives,Archives,0,0.0258,0.033,0.0,0.967,0.0,0.0,0.0,construction
nyt://article/04b2cb58-4ba2-5271-be7c-857380780636,1936-07-22,1936,MANHATTAN FLATS ARE SOLD BY BANKS; Three in West 106th St. Were Recently Foreclosed by Poughkeepsie Savings. DEAL IN LA SALLE PLACE Tenement Near Broadway Will Be Altered -- Studio Building Sold in Forty-ninth St.,Archives,Archives,0,0.0,0.0,0.0,1.0,0.0,0.0,0.0,construction
nyt://article/d3c466c1-65f6-58b7-8309-d0420246c5db,1936-07-22,1936,"ASKS $15,000,000 GRANTS; City Applies to PWA for Funds for Housing Projects.",Archives,Archives,0,0.4767,0.212,0.0,0.788,0.0,0.0,0.0,construction
nyt://article/a2b57e98-b6b6-5eeb-a7bb-0d92d9e9eb33,1936-07-26,1936,CALLS PWA TRAFFIC AID; Report to Ickes Says Projects Are Planned With That in View.,Archives,Archives,0,-0.4019,0.0,0.088,0.912,0.0,0.0,0.0,construction
nyt://article/5b4cb352-4a93-5c47-b7e8-1a9116242d55,1936-08-06,1936,CASH OFFERS LEAD TO SALES OF FLATS; Attractive Terms Are Factor in Deals for Apartments in Manhattan. RESALE AT MARBLE HILL 50-Family House Near Harlem River Bought by Investor -- Yorkville Tenement Sold. ,Archives,Archives,0,0.4404,0.083,0.0,0.917,0.0,0.0,0.0,construction
nyt://article/5dffef08-cfda-57ff-a877-81117705b1d4,1936-08-08,1936,NEW PLAN SHAPED FOR HOUSING HERE; Proposal Calls for Subsidy of 45% by PWA and Guaranty of Rest by FHA Insurance. ISSUE BY CITY AUTHORITY Bank Would Underwrite Bonds for Slum Clearance Project to Go Before President.,Archives,Archives,0,-0.2263,0.077,0.058,0.865,0.01786,0.01786,0.0,construction
nyt://article/87c5df7d-42e1-5598-b584-add93e496f6e,1936-08-11,1936,"HOUSING PROJECT LOSES TAX APPEAL; Court Orders Knickerbocker Village Issue Tried -- Refuses to Cancel or Limit Levy. SAYS ISSUE MUST BE TRIED City Board, in Fixing $7,000,000 Assessment, Held Development Not Entitled to Exemption.",Archives,Archives,0,-0.7854,0.0,0.159,0.841,0.0,0.0,0.0,construction
nyt://article/0ed12f22-c566-5bac-be6c-40cb872f33d6,1936-08-12,1936,"TAX PLAN CALLED PERIL TO HOUSING; Move to Make Knickerbocker Village Pay Is Deplored by State Official. HELD BLOW TO WORKERS Many Investments Lost if City Wins Its Court Battle, Says Aaron Rabinowitz.",Archives,Archives,0,-0.7184,0.088,0.216,0.696,0.0,0.0,0.0,construction
nyt://article/644f8039-079d-5382-bb65-1b767832385e,1936-08-15,1936,"STARRETT BID WINS TEN EYCK CONTRACT; Superstructure of Brooklyn Housing Project to Be Built for $7,556,400. HOMES FOR 6,500 PLANNED WPA Development in Williamsburg Area Is Biggest of Its Kind in the Country.",Archives,Archives,0,0.7964,0.154,0.0,0.846,0.0,0.0,0.0,construction
nyt://article/f6bac5f0-0a02-55f0-8edb-523e536f34ac,1936-08-15,1936,"MANHATTAN FLATS WILL BE ALTERED; Architects File Plans for Making Changes in Many Tenements. FORTY-SECOND ST. PROJECT $75,000 to Be Spent Fitting Building for Restaurant and Billiard Rooms. ",Archives,Archives,0,0.0,0.0,0.0,1.0,0.0,0.0,0.0,construction
nyt://article/073081a3-023c-5089-9ffb-d391ec7f2d4e,1936-08-29,1936,Housing Projects,Archives,Archives,0,0.0,0.0,0.0,1.0,0.0,0.0,0.0,construction
nyt://article/00af313f-ea2d-5dc2-9dc9-a234400cb3ad,1936-08-30,1936,ROOSEVELT ROSE BUSH FOR HOUSING PROJECT; Shrub Will Be Set Out at Dedication of Techwood Homes in Atlanta on Tuesday.,Archives,Archives,0,-0.2732,0.0,0.05,0.95,0.0,0.0,0.0,construction
nyt://article/154cf937-b2ff-5f48-adb8-93dbb6b855b9,1936-09-01,1936,TAXPAYERS SEEK A BAN ON HOUSING PROJECTS; Milwaukee Apartment House and Resettlement Development Are Attacked as Invalid.,Archives,Archives,0,-0.765,0.0,0.216,0.784,0.0,0.0,0.0,construction
nyt://article/3f1c27c5-3495-56f7-90d4-c9cc18028ced,1936-09-04,1936,"WORKERS' HOMES STARTED; Business Machines Corp. Plans $2,000,000 Housing Project.",Archives,Archives,0,0.0,0.0,0.0,1.0,0.0,0.0,0.0,construction
nyt://article/a98d3506-2534-5556-85df-e2ec74a93ec4,1936-09-08,1936,"TENEMENT REPAIRS UP SHARPLY IN YEAR; Safety Features Added to Buildings Housing 70,000 Families, Post Says. SLUM CLEARANCE GAINS Erection of New Apartments Still Below Earlier Average, Report Declares.",Archives,Archives,0,0.6705,0.183,0.064,0.752,0.02174,0.02174,0.0,construction
nyt://article/70155f9d-5f3b-51b6-832f-a8044efa87ba,1936-09-09,1936,15 POISONED BY FOOD; Two in Hospital After Meal in East Side Tenement.,Archives,Archives,0,-0.7184,0.0,0.214,0.786,0.0,0.0,0.0,construction
nyt://article/d6f7dc39-a123-55f5-b191-0037deef6348,1936-09-10,1936,"ARCHITECTS FILE BUILDING PROJECTS; Garage and a Taxpayer to Be Erected in Manhattan -- Many Alterations. FLAT FOR SITE IN BRONX Eastburn Av. Tenement Will Cost $125,000 -- New Housing Planned in Brooklyn. ",Archives,Archives,0,0.0,0.0,0.0,1.0,0.0,0.0,0.0,construction
nyt://article/6e340dfd-dfb4-5a20-ba81-fa1c3c14e830,1936-09-22,1936,Bargain-Hunters' Mecca In London Is in Jeopardy,Archives,Archives,0,-0.4767,0.0,0.162,0.838,0.0,0.0,0.0,construction
nyt://article/77ca9684-ff52-592e-a9b6-93b2a297948a,1936-09-25,1936,"FIRST HOUSES' COST HELD $10,00 A ROOM; Total Expenditure $1,155,649, Against $328,621 Estimated, Survey Discloses.",Archives,Archives,0,0.0,0.0,0.0,1.0,0.0,0.0,0.0,construction
nyt://article/011876f6-a3c2-5532-bec1-0a9dec01388f,1936-09-26,1936,COSTLY PUBLIC HOUSING,Archives,Archives,0,-0.1027,0.0,0.412,0.588,0.0,0.0,0.0,construction
nyt://article/96729f20-b11b-5f33-902d-f8e62f454059,1936-09-26,1936," FIRST HOUSES' COST DEFENDED BY POST; $3,289-a-Room Charge 'False and Misleading,' Asserts Tenement House Head.",Archives,Archives,0,-0.4019,0.0,0.162,0.838,0.0,0.0,0.0,construction
nyt://article/1e1247a8-e9c8-519f-8a63-245660172279,1936-09-27,1936,"GIANT RELIEF DRIVE PICTURED IN REPORT; Voluminous Federal Survey Describes Operations With $4,679,473,143 Fund. $919,725,501 TO STATES New York Got $138,044,197 of Grants -- Nation's Roads Took $541,183,252. $529,539,963 FOR THE CCC Parks, Playgrounds, &c., Cost $272,765,141 and Housing Projects $22,800,497. GIANT RELIEF DRIVE PICTURED IN REPORT",Archives,Archives,0,0.7096,0.126,0.0,0.874,0.03922,0.0,1.0,reform
nyt://article/73d4e32e-880a-573d-bf07-02340c3493dc,1936-09-27,1936,'FIRST HOUSES' CRITIC SAYS WPA GAVE DATA; Tells How He Drafted Analysis of Costs Which Post Held Was Misleading.,Archives,Archives,0,-0.5859,0.0,0.202,0.798,0.0,0.0,0.0,construction
nyt://article/c4a48777-e4d1-535c-ad81-1515e20f9469,1936-10-02,1936,"BISHOP PRAISES MUSSOLINI; ' We Talk About Slums, He Tears Them Down,' Says Prelate.",Archives,Archives,0,-0.0258,0.246,0.249,0.504,0.04167,0.04167,0.0,construction
nyt://article/f0a6f4f7-c8fb-5c10-b4d3-77c09140b8f1,1936-10-05,1936,"MT. VERNON GETS BIG FHA PROJECT; Government Agency Announces First Large Development It Has Aided in This Area. COST WILL BE $1,613,540 Bank Here Will Make Loan for Landscaped Buildings to Accommodate 279 Families.",Archives,Archives,0,0.0,0.0,0.0,1.0,0.0,0.0,0.0,construction
nyt://article/3e9e7242-000f-5085-9c60-cf6707bc4371,1936-10-08,1936,"J.D. ROCKEFELLER JR. FILES FORECLOSURE; Suit Asserts Negro Housing Project Is in Arrears on $2,000,000 Mortgage.",Archives,Archives,0,-0.25,0.0,0.115,0.885,0.0,0.0,0.0,construction
nyt://article/d78fa3d3-1a8c-57b6-9e41-7776ca2e7148,1936-10-10,1936,"SLUM PLANS ASSAILED; Government Work Is 'Failure,' Edwards Tells Realtors.",Archives,Archives,0,-0.9118,0.055,0.372,0.574,0.03846,0.07692,-0.3333,crisis
nyt://article/9162d78d-cf90-5479-95b3-b5c9dc297d45,1936-10-14,1936,"DAILEY NEW HEAD OF REALTY BOARD; Owner-Member Named President of New York Organization for First Time. HITS HOUSING PROGRAM Federal Plans Are Unsound, New Leader Declares -- He Favors Simpler Title System.",Archives,Archives,0,-0.5267,0.072,0.116,0.812,0.02041,0.02041,0.0,construction
nyt://article/98ac2129-c51c-5cdd-a2e6-d0726c9567f1,1936-10-15,1936,BROOKLYN SLUM CLEARANCE,Archives,Archives,0,-0.3612,0.308,0.538,0.154,0.33333,0.33333,0.0,construction
nyt://article/0f942b6c-3b96-53ad-9c13-a903dd6cdf67,1936-10-22,1936,Views on Housing Projects,Archives,Archives,0,0.34,0.194,0.0,0.806,0.0,0.0,0.0,construction
nyt://article/3269df73-c139-5df3-870b-721774a63264,1936-10-29,1936,"$1,500,000 TO LACKAWANNA; Ickes Announces Fund for City Housing Project.",Archives,Archives,0,0.4767,0.147,0.0,0.853,0.0,0.0,0.0,construction
nyt://article/0dd4b2ed-cc26-51d6-b4f9-38af320a9e55,1936-10-30,1936,"BLEAKLEY SUMS UP WITH 19 PROMISES; In Garden Speech, He Pledges Balanced Budget, Social Security, Home Rule. BACKS RIGHTS OF LABOR He Would Extend Civil Service, Aid Industry, Education and Slum Clearance. BLEAKLEY SUMS UP WITH 19 PROMISES",Archives,Archives,0,0.6808,0.209,0.087,0.704,0.0,0.02222,-1.0,construction
nyt://article/b08d0111-20ad-5715-bba2-9c15e3d00a9d,1936-10-30,1936,EAST 74TH ST. SITE SOLD TO BUILDERS; Apartment to Replace Four Tenements Near First Av. Bought From Bank. MADISON AV. LEASE SOLD Investor Gets Option to Buy Building on 73d St. Corner -- Other Manhattan Deals.,Archives,Archives,0,0.0,0.0,0.0,1.0,0.0,0.0,0.0,construction
nyt://article/d519353f-3a3f-5e2d-a2d6-08e14adc2994,1936-11-04,1936,ELECTION BONFIRE IGNITES TENEMENT; Huge Blaze Set in East Side Street by Children Spreads to Vacant Building. 100 ALARMS IN 4 HOURS La Guardia Makes Tour of City to Inspect Fires -- Firemen Hampered by Debris.,Archives,Archives,0,0.296,0.125,0.102,0.772,0.0,0.0,0.0,construction
nyt://article/df2748a9-b224-50e3-93e8-996b4b173789,1936-11-04,1936,BOYS FIND BODY OF SUICIDE; Unidentified Man Hanged Himself in East Side Tenement.,Archives,Archives,0,-0.6705,0.0,0.143,0.857,0.0,0.0,0.0,construction
nyt://article/44fa1d55-4bc2-5a57-b6ec-4d1199b422a3,1936-11-06,1936,"HOUSING PROJECTED IN THREE BOROUGHS; Architects File Plans for Five New Multi-Family Buildings on Sites in the City. TOTAL COST IS $1,335,000 Two Units Each in Brooklyn and Jackson Heights Make Up Bulk of Aggregate. ",Archives,Archives,0,0.0,0.0,0.0,1.0,0.0,0.0,0.0,construction
nyt://article/67177b15-1d3e-512e-baa9-353bc6f1f700,1936-11-15,1936,"$1,000,000 PWA ORDER FOR REFRIGERATORS; Westinghouse to Supply 16,697 for Housing Projects in Cities With Low Power Rates.",Archives,Archives,0,0.2263,0.079,0.055,0.866,0.0,0.0,0.0,construction
nyt://article/855f81a6-d75a-58ed-b685-c0079dc95142,1936-11-21,1936,HOUSING PROJECTED IN THREE BOROUGHS; Dwellings to Be Built in Bronx and Brooklyn -- Apartments Planned for Queens. ,Archives,Archives,0,0.0,0.0,0.0,1.0,0.0,0.0,0.0,construction
nyt://article/c10d5d04-0f8a-582f-b624-76ad77936dcb,1936-11-22,1936,HOUSING PROBLEMS TO BE FORUM TOPIC; Meeting Tuesday at Home of Mrs. Eustace Seligman to Discuss Slum Clearance.,Archives,Archives,0,-0.7845,0.057,0.255,0.688,0.0,0.03571,-1.0,construction
nyt://article/91b41ac0-2ce8-531a-9b2d-b63cbbb2b7dc,1936-11-24,1936,Strike Halts Housing Project,Archives,Archives,0,-0.128,0.0,0.046,0.954,0.0,0.0,0.0,conflict
nyt://article/501008ef-7f26-5861-971a-36b5eaad2693,1936-11-25,1936,BOOM IS PREDICTED IN PUBLIC HOUSING; Unprecedented Development in Next Four Years Forecast by Adviser to City.,Archives,Archives,0,0.0,0.0,0.0,1.0,0.0,0.0,0.0,construction
nyt://article/813c4742-b5cb-5bc3-9c27-62429c3788b2,1936-11-29,1936,"OUT-OF-DATE LAWS; ASSAILED BY JUDGE Hackenburg Predicts Courts of Future Will Delve Into Reasons for Crime. BLAMES SOCIAL FACTORS More Jobs and Slum Clearance Would Do Much to Solve Problem, He Declares.",Archives,Archives,0,-0.9689,0.057,0.374,0.569,0.02083,0.02083,0.0,pathology
nyt://article/871eb9db-6baa-534d-8886-9dc08d6f2d45,1936-12-01,1936,"HOUSING PROJECT BEGUN; State and Federal Agents Break Ground for Grandyle, N.Y., Village",Archives,Archives,0,0.0,0.0,0.0,1.0,0.0,0.0,0.0,construction
nyt://article/c768d6a5-d4c2-58fd-acec-4d0cb8bc33ca,1936-12-02,1936,BACKS PUBLIC HOUSING; Counsel to State Board Says FHA Aid Is Not Enough.,Archives,Archives,0,-0.0516,0.0,0.036,0.964,0.0,0.0,0.0,construction
nyt://article/62895cb6-7fa0-5e1f-859b-0abfa6b26add,1936-12-05,1936,LA GUARDIA OPENS SEAL SALE DRIVE; Praises Work of Tuberculosis Association and Pledges City's Cooperation. CITES HOUSING PROGRAM Other Speakers at the Luncheon Attended by 500 See Success of Intensive Campaign.,Archives,Archives,0,0.6808,0.18,0.069,0.751,0.02381,0.02381,0.0,construction
nyt://article/e0073156-a59e-5c36-bed0-dd55d14a560c,1936-12-05,1936,"TOWN HOUSE SOLD IN NINETY-FIFTH ST.; Charles Morgan, Stock Broker, Will Alter Dwelling on the East Side. DEAL ON THE SAME STREET Investor Acquires Tenement for Cash -- Other Flats and Business Building Sold.",Archives,Archives,0,0.0258,0.032,0.0,0.968,0.0,0.0,0.0,construction
nyt://article/0db664f6-2657-5ac0-9559-0a8cfc700b6f,1936-12-06,1936,HOUSING GROUP PLANS FIELD TOUR TUESDAY; Trip Will Mark End of Study of Slum Clearance Conducted by National Committee.,Archives,Archives,0,-0.3612,0.066,0.115,0.82,0.03704,0.03704,0.0,construction
nyt://article/65c8c671-7d52-5e37-8543-9f682a452d4c,1936-12-17,1936,TENEMENT RESOLD ON ST. NICHOLAS AV.; Operators Turn Over Block Front After Ownership of One Week. INVESTORS LEAD BUYING They Acquire Houses and Business Buildings in Scattered Sections of Manhattan.,Archives,Archives,0,-0.4404,0.0,0.091,0.909,0.0,0.0,0.0,construction
nyt://article/40b86efc-d2b3-535e-b0d5-65c84914afdd,1936-12-18,1936,COOPERATIVE HOUSING PLANS; Tax Exemption Viewed as Aid in Civil Service Employes' Projects.,Archives,Archives,0,0.0,0.0,0.0,1.0,0.0,0.0,0.0,construction
nyt://article/c19093a8-ed28-5e5f-a987-8ba05e4ffbd4,1936-12-20,1936,FIRST HOMES' RENT ALWAYS IS ON TIME; None of 121 Families in City's Housing Project Has Been Delinquent in Year. ANNIVERSARY IS MARKED Tenants' Attitude and Activities Reflect Their Satisfaction With Model Shelter.,Archives,Archives,0,0.5106,0.118,0.051,0.832,0.0,0.02273,-1.0,conflict
nyt://article/0e29f5d7-08f2-5b15-bd41-8aeaf5baf14a,1936-12-24,1936,"BANKER DISPUTED ON HOUSING ISSUE; Mrs. Rosenman Says Hoguet Spoke 'by the Book' in Minimizing Holdings. CITES EAST SIDE SURVEY ERB Aide Testifies at Hearing It Pays $10,000,000 a Year on Old-Law Tenements.",Archives,Archives,0,-0.4215,0.037,0.079,0.883,0.01613,0.0,1.0,reform
nyt://article/cfe62827-b09a-5095-9dbd-2f6681f36155,1936-12-25,1936,FIRST HOUSES MURAL READY FOR CHILDREN; Painting in Playroom Shows Many Frolicking Animals Leaving Noah's Ark.,Archives,Archives,0,0.3612,0.094,0.0,0.906,0.0,0.0,0.0,construction
nyt://article/003e00d9-d58c-5482-89aa-f624c166aa7d,1936-12-27,1936,"Alumnae of 'Big Seven' Colleges Plan Joint Housing for Clubs; Ways and Means Being Discussed by Vassar, Smith, Wellesley, Bryn Mawr, Radcliffe, Barnard and Mount Holyoke Groups -- They Are Planning Many Events for the Winter.",Archives,Archives,0,0.0,0.0,0.0,1.0,0.0,0.0,0.0,construction
nyt://article/ae0effcc-c7ba-5dfb-a543-42084ecae52e,1936-12-29,1936,SUBSIDIZED SLUM CLEARANCE; Government Expenditures for Housing Viewed as Unfair Burden.,Archives,Archives,0,-0.875,0.148,0.481,0.37,0.0625,0.125,-0.3333,construction
nyt://article/f02e2aec-54a7-509d-b666-52cf93a13087,1937-01-01,1937,Letters to The Times; BENEFITS OF PUBLIC HOUSING,Archives,Archives,0,0.0772,0.104,0.092,0.803,0.0,0.0,0.0,construction
nyt://article/691da583-4c12-517e-9712-59c50f9b8f96,1937-01-14,1937,"ARCHITECTS FILE BUILDING PLANS; Alterations Will Be Made in Structures in Manhattan and Brooklyn. TENEMENTS FOR QUEENS Two Flats for 41 Families in Maspeth Will Cost $250,000--Bronx Projects.",Archives,Archives,0,0.0,0.0,0.0,1.0,0.0,0.0,0.0,construction
nyt://article/e0067f3a-f766-5c1f-a3d3-da15dfaf22d9,1937-01-16,1937,ROW OF FLATS BID IN BY BANK AT AUCTION; Tenements on Manhattan Av. Are Taken Over by the Emigrant Industrial.,Archives,Archives,0,0.0,0.0,0.0,1.0,0.0,0.0,0.0,construction
nyt://article/8db46dd8-18f7-5252-b409-22f2d0c633f8,1937-01-17,1937,"HOUSING PROJECTS BEGUN IN JERSEY; Builders Planning to Erect Medium-Priced Dwellings on Plainfield Tract. MORRISTOWN HOME SOLD Teaneck Broker Reports 751 Deals Closed in 1936, Aggregating $2,100,000. $2,100,000 in Realty Deals Home Sales Reported HOUSING PROJECTS BEGUN IN JERSEY",Archives,Archives,0,0.0,0.0,0.0,1.0,0.0,0.0,0.0,construction
nyt://article/a1faf0a3-3725-5328-8794-1ef3946d0654,1937-01-21,1937,REMODELING URGED AS NEED IN HOUSING; Realty Board Head Points to 'Logical and Economic' Plan for Slum Clearance,Archives,Archives,0,-0.6124,0.057,0.171,0.771,0.03333,0.03333,0.0,construction
nyt://article/a99e92d3-adbf-56dc-aeff-8b33b8e41dc7,1937-01-21,1937,ARCHITECTS FILE BUILDING PLANS; Six-Story Tenement Will Be Erected in Inwood Section of Manhattan,Archives,Archives,0,0.0,0.0,0.0,1.0,0.0,0.0,0.0,construction
nyt://article/a4e65a20-f469-529a-9450-f5d3ee98e985,1937-01-23,1937,CITY OF TOMORROW SEEN STARTING NOW; Planners Find Slum Clearance and Street Widening a Basis for Drastic Reforms,Archives,Archives,0,0.7003,0.192,0.06,0.748,0.02,0.02,0.0,construction
nyt://article/b92af98d-0e05-5f8a-a0b5-935ebee29173,1937-01-24,1937,MAX DICK IS DEAD; EAST SIDE FIGURE; The 'Mayor of Rivington Street' Owner of Tenement Called 'The House of Babies',Archives,Archives,0,-0.8225,0.0,0.286,0.714,0.0,0.0,0.0,construction
nyt://article/ed3cd5bd-624e-5366-8a95-df573b03d8e9,1937-01-27,1937,EAST SIDE TENEMENTS ARE SOLD AT AUCTION; Three Four-Story Houses With Stores in Second Avenue Are Bought In by Bank for Savings,Archives,Archives,0,0.0,0.0,0.0,1.0,0.0,0.0,0.0,construction
nyt://article/5e9f4ee4-0066-5d80-bfa6-ca60bdb6936e,1937-01-28,1937,"HOUSES ARE PLANNED IN FOUR BOROUGHS; Six-Story Tenement for Park Terrace West, Manhattan, Will Cost $180,000",Archives,Archives,0,0.0,0.0,0.0,1.0,0.0,0.0,0.0,construction
nyt://article/19fbf00a-d0e9-5c87-82e9-95b4805c4b97,1937-02-01,1937,"HOLD A BOND ISSUE FOR HOUSING LEGAL; John W. Davis and Other Lawyears See No Need for Amendment, Says Riegelman",Archives,Archives,0,-0.4939,0.081,0.132,0.787,0.02632,0.02632,0.0,construction
nyt://article/c2771263-05ee-5746-9fb6-dc3e4145ef59,1937-02-06,1937,Family of 15 on East Side So Poor That Clothes Are Worn in Relays; Widow of Miner and Her 14 Children Found Subsisting on Bread and Coffee in Bare Tenement--Case Revealed When Ambulance Is Called for Ill Daughter,Archives,Archives,0,-0.9299,0.0,0.232,0.768,0.0,0.0,0.0,construction
nyt://article/a34098a2-ee72-5b51-8d72-73e580123ed3,1937-02-07,1937,EARL OF ANCASTER IS HONORED BY KING; George VI Approves Him for the Post of Lord Great Chamberlain of England TWO BENEFITS ARE HELD Queen Mary Attends Premiere of One for Slum Clearance-- Other Distinguished Guests Mozelle Cairn Married Benefit Performances Held,Archives,Archives,0,0.9493,0.304,0.05,0.646,0.0,0.01887,-1.0,construction
nyt://article/691de430-736e-5232-9e35-2f4fa02b4e87,1937-02-08,1937,CHURCHES TO UNITE IN WAR ON SLUMS; Bishop Manning to Direct Plea to 'Civic Conscience' for Better Housing Drive,Archives,Archives,0,-0.802,0.144,0.356,0.5,0.0,0.04348,-1.0,reform
nyt://article/9527f031-f9cf-5ed9-97f2-bae40ccd0c97,1937-02-12,1937,QUEENS FARM BOUGHT FOR HOUSING PROJECT; 600 New Homes Planned for Jamaica-Hillcrest Site by Building Concern,Archives,Archives,0,0.0,0.0,0.0,1.0,0.0,0.0,0.0,construction
nyt://article/eb3cec19-f03a-5419-a28a-34f66cdb4501,1937-02-14,1937,"FHA HOUSING PROJECT GETS $725,000 LOAN; N. Y. Life Co. Finances Addition to Colonial Village on Potomac River",Archives,Archives,0,0.0,0.0,0.0,1.0,0.0,0.0,0.0,construction
nyt://article/90cd7001-147a-5b1d-b718-e0d9380bd39d,1937-02-15,1937,LA GUARDIA URGED TO ACT ON SLUMS; He and 200 Other Mayors Asked to Back National Housing Conference Plan,Archives,Archives,0,-0.5106,0.095,0.141,0.765,0.02381,0.02381,0.0,construction
nyt://article/5837567b-e801-5faf-8d05-c01931f2c263,1937-02-17,1937,HOOPINGARNER QUITS PW A HOUSING POST; Will Devote Himself Privately to Slum Clearance-Reported Irked by Lagging Program,Archives,Archives,0,-0.0516,0.159,0.165,0.676,0.0,0.03704,-1.0,construction
nyt://article/8c4809e9-2401-5b61-84fc-c488e44eca52,1937-02-20,1937,"APARTMENT SALES MARK DAY'S DEALS; $320,000 Building at 122 East 82d Street Is Bought by the Mercantile Holding Co. OPERATOR SELLS 4 UNITS Olga Bookman Disposes a Group of Tenement Parcels in Manhattan",Archives,Archives,0,0.0,0.0,0.0,1.0,0.0,0.0,0.0,construction
nyt://article/cce7b322-d7b0-5fc4-9c19-47d3a3c2cfaf,1937-02-22,1937,Move for a United Church War on Slums Praised as Inspiration of Holy Spirit,Archives,Archives,0,0.296,0.444,0.321,0.235,0.05882,0.11765,-0.3333,construction
nyt://article/e38b14c9-9a06-5289-aff9-5718ebc845f2,1937-02-22,1937,CATHEDRAL TO PUT A 'SLUM' ON DISPLAY; Nave of St. John's to Enclose Model of Poor Dwelling on Sunday as Drive Opens,Archives,Archives,0,-0.8481,0.09,0.328,0.581,0.0,0.03846,-1.0,construction
nyt://article/4d6198a2-255b-59d9-9b41-c8cfabbc3100,1937-02-25,1937,"HOLDS LEHMANPLAN BLOCKS LOW RENTSS; Riegelman Opposes Governor's $60,000,000 Bond Issue for Public Works MOFFAT BILL SUPPORTED Realty Men at Hearing Approve $100,000,000 for Slum Clearance Loans to Cities Disputes Need of Improvements. Calls Bond Issue Indefinite Real Estate Men Speak",Archives,Archives,0,-0.4588,0.122,0.177,0.701,0.02222,0.02222,0.0,conflict
nyt://article/9ca83cd5-d789-5238-abd7-ea0a2f0916fa,1937-02-25,1937,"Billion in Low-Rent Housing Work Over 4 Years Projected for Nation; Slum Clearance and Building of 375,000 Family Units, by Localities Under a Federal Authority, Provided in Bill by Wagner and Steagall--Funds From Bond Issue BILLION IN HOUSING IN WAGNER'S PLAN",Archives,Archives,0,-0.296,0.054,0.058,0.888,0.01754,0.01754,0.0,construction
nyt://article/b5fb9c72-41a1-5014-8b7c-998a7265afe6,1937-02-27,1937,"CITIZENS ORGANIZE TO AID SLUM FIGHT; Realty, Building, Labor, Tenant and Civic Groups Join Move to Spur Low-Rent Housing",Archives,Archives,0,-0.7506,0.092,0.21,0.699,0.02703,0.05405,-0.3333,conflict
nyt://article/563f8533-52cc-52c7-a88d-4f6cccd919e6,1937-02-28,1937,REPLIES TO HOUSING FOES; Capt. Reiss Cites Experience in England With Slum Clearance,Archives,Archives,0,-0.6705,0.098,0.317,0.585,0.06667,0.06667,0.0,construction
nyt://article/ea2a191c-8c24-5a34-b934-d11998e74240,1937-03-01,1937,"1,000ATCATHEDRAL SEE A SLUM HOME; ' Pitiful Exhibit' Is Set Up in Nave as Religious Leaders Open Housing Campaign",Archives,Archives,0,-0.8481,0.057,0.29,0.653,0.03704,0.07407,-0.3333,construction
nyt://article/65be2b48-4a47-56ce-9fbb-43cff42ced53,1937-03-02,1937,"DIVERGENT VIEWS HEARD ON HOUSING; Deniston, at Church Forum, Sees Wrong Arguments Put Forth in Slum Drive",Archives,Archives,0,-0.9531,0.047,0.455,0.498,0.03571,0.10714,-0.5,construction
nyt://article/50a04a82-c4d7-56de-ac78-5991441fd6e1,1937-03-05,1937,"INQUIRIES PUSHED IN FIRE FATAL TO 3; District Attorney, Tenement House and Fire Departments Study East Side Blaze BURNED HOUSES FAULTY But Owners Had Official Leave to Delay Vacating Them25 Persons Subpoenaed Exemption Provided by Law Roof Cave-Ins a Menace FOUR HURT IN OFFICE FIRE Blaze in Hat Concern Starts When Shaping Fluid Ignites WHERE THREE DIED IN EARLY MORNING FIRE ON LOWER EASY SIDE",Archives,Archives,0,-0.989,0.035,0.387,0.578,0.0,0.0,0.0,construction
nyt://article/e76add90-c8a5-5e89-bb6c-af89d1e4bef5,1937-03-05,1937,"ARCHITECTS FILE VARIETY OF PLANS; Garage, Stores, Tenements and Dwellings Projected for Sites in the City $200,000 FLAT FOR BRONX Alternations to Buildings in Manhattan Planned--Homes for Queens Borough",Archives,Archives,0,0.0,0.0,0.0,1.0,0.0,0.0,0.0,construction
nyt://article/e3f90cb9-64a1-5c55-aecd-5084cb026c4b,1937-03-08,1937,FIREMAN IS KILLED IN 5-HOUR BLAZE; 7 Hurt or Overcome by Dense Smoke in Dawn Battle Near Brooklyn Waterfront ANOTHER TENEMENT BURNS 18 East Side Families Driven Out--Protest March at Earlier Victims' Funeral Tin Cans a Hazard FIREMAN IS KILLED IN 5-HOUR BLAZE FIRE IN OLD TENEMENT 18 Families Driven Out of Building on Hester Street SERVICE FOR VICTIMS Procession Halts at Tenement Ruins to Pledge Fight on Slums,Archives,Archives,0,-0.9911,0.0,0.425,0.575,0.0,0.01389,-1.0,conflict
nyt://article/d11c6dda-0d68-5bd1-9d06-92809173b0c8,1937-03-13,1937,PRAISES HOUSING PROJECT; Post Says Municipal Development Has Been 150% Successful,Archives,Archives,0,0.802,0.444,0.0,0.556,0.0,0.0,0.0,construction
nyt://article/804932a4-cf44-513a-bfd4-5ead1ad7ecad,1937-03-16,1937,"POST IS DENOUNCED ON HOUSING POLICY; Realty Men and Tenants at Hearing Charge Politics in Tenement Evictions FIND EVILS EXAGGERATED Cathedral Exhibit Criticized as Untruthful-Rules for Safety Called 'Joke' Exhibit Defended by Post ""Dictatorship"" Is Charged",Archives,Archives,0,-0.8316,0.105,0.237,0.659,0.01887,0.01887,0.0,conflict
nyt://article/fd0360d1-f0bf-5068-a533-378ae5cec386,1937-03-16,1937,Letters to The Times; Tenements in Manhattan,Archives,Archives,0,-0.4215,0.0,0.203,0.797,0.0,0.0,0.0,construction
nyt://article/a7d24586-370c-5dc3-a94d-ac787ed0f0bc,1937-03-19,1937,41ST ST. TENEMENT SOLD ON WEST SIDE; Property at 356 Had Been Held in One Family for More Than 30 Years SALE IN WEST 85TH ST. Investor Acquires Flat at 233 East 121st St.-Other Realty Deals in Manhattan,Archives,Archives,0,0.0,0.0,0.0,1.0,0.0,0.0,0.0,construction
nyt://article/529f74f2-8102-59e9-8d6e-dad6d6b1dc2f,1937-03-20,1937,"HOUSING PROJECT READY; 1,121 Families Seek Apartments in Atlantic City PWA 'Village'",Archives,Archives,0,0.3612,0.122,0.0,0.878,0.0,0.0,0.0,construction
nyt://article/63785c3f-d036-598d-b888-8443e5748e55,1937-03-21,1937,"RIGID TENANCY RULES FOR HOUSING PROJECT; Applicants for Atlantic City's Low-Cost Flats Must Show Their Need, Ickes Says",Archives,Archives,0,-0.128,0.0,0.057,0.943,0.0,0.0,0.0,construction
nyt://article/95fae56e-4f26-51f2-b523-84304b438f23,1937-04-03,1937,QUEENS LANDMARK IN NEW OWNERSHIP; Farmhouse Built in Flushing in 1780 Will Figure in New Housing Project,Archives,Archives,0,0.5106,0.158,0.0,0.842,0.0,0.0,0.0,construction
nyt://article/51721d0e-980f-5eac-83a4-82e430353c06,1937-04-04,1937,"MANY SLUM PLANS CALLED FALLACIOUS; New but Higher Rent Buildings Do Not Solve Problem, Says Chicago Appraiser",Archives,Archives,0,0.0513,0.189,0.185,0.625,0.02778,0.05556,-0.3333,construction
nyt://article/e8255205-2919-5845-a3d8-82985f4876c2,1937-04-05,1937,"MAYORAND WAGNER IN HOUSING APPEAL; Slum Clearance an 'Absolute Necessity,' Says La Guardia, Urging Support for Bill",Archives,Archives,0,0.4404,0.212,0.1,0.688,0.03571,0.03571,0.0,construction
nyt://article/99426bb0-210e-546e-8b92-6a4eec9d2ed1,1937-04-10,1937,TENEMENTS SOLD FOR ALTERATIONS; Buyers Plan Improvements in Flats Acquired in Various Parts of Manhattan STUDIO APARTMENT DEAL Four-Story Building at 58 West 124th Street Bought by the Rev. Rebecca Belton,Archives,Archives,0,0.3182,0.071,0.0,0.929,0.0,0.0,0.0,construction
nyt://article/462ccf38-eb4c-5ad6-85c9-601590aa89ac,1937-04-15,1937,92 BRONX LOTS SOLD IN HOUSING PROJECT; Realty Firm Plans Homes in Area to Be Served by New Whitestone Bridge,Archives,Archives,0,0.0,0.0,0.0,1.0,0.0,0.0,0.0,construction
nyt://article/85ff6298-0181-52fa-9e6f-a89034de5825,1937-04-18,1937,STRIKES ON HOUSING BARRED BY UNIONS; 59 Labor Groups Will Have Differences Adjusted Before Construction Begins,Archives,Archives,0,-0.7269,0.078,0.268,0.654,0.0,0.0,0.0,construction
nyt://article/9b84de8e-6b0b-5611-a890-9e028c410229,1937-04-18,1937,CITES PROBLEMS FACING REALTY; Easier Financing for Housing Projects Deemed Essential by Clarke G. Dailey.,Archives,Archives,0,-0.3818,0.08,0.153,0.767,0.0,0.0,0.0,construction
nyt://article/88cda986-a136-5874-b2a6-70b9209372b2,1937-04-19,1937,"WATCHMAN ADMITS SETTING NINE FIRES; Bronx Incendiarism Is Laid to Prisoner, 47, Seized at Blaze in East Side Tenement",Archives,Archives,0,-0.6597,0.067,0.201,0.732,0.0,0.0,0.0,pathology
nyt://article/92615dc8-411d-5c79-a5e5-d68325862841,1937-04-19,1937,SLUM CLEARANCE ASKED; Federal Church Council Appeals for Better Housing,Archives,Archives,0,0.1531,0.348,0.254,0.399,0.11765,0.11765,0.0,reform
nyt://article/4bfaa098-e270-59a5-a022-db2f39ccaa6e,1937-04-25,1937,IMPROVE LINDEN TRACT; Plan Big Housing Project on 61-Acre Plot,Archives,Archives,0,0.4404,0.244,0.0,0.756,0.0,0.0,0.0,construction
nyt://article/1377fff3-3d88-5e85-bd4d-8149dcd4d806,1937-05-02,1937,BANKER DISCUSSES LOW-COST HOUSING; Declares Small Income Groups Must Find Rooms Outside of Manhattan Island; CITES CHANGES IN LABOR; Robert L. Hoguet Says Banks Are Not Making Difficulties for Tenement House Board,Archives,Archives,0,0.5978,0.117,0.0,0.883,0.0,0.0,0.0,construction
nyt://article/15385d58-773a-5bb6-9450-7746ef99115e,1937-05-14,1937,"$62,000 DWELLING SOLD IN E. 73D ST.; Stock Exchange MemberTakes Over Residence at 122 for His Own Occupancy INVESTOR BUYS TENEMENT House at 444 East 84th St. Changes Hands-Other Realty Deals in Manhattan",Archives,Archives,0,0.0258,0.033,0.0,0.967,0.0,0.0,0.0,construction
nyt://article/d1bd846b-88d9-53d3-aa66-d25ab92f2005,1937-05-15,1937,BRONX SITE BOUGHT FOR AN APARTMENT; Operators Acquire Walton Ave. Plot Near 183d Street in Housing Project,Archives,Archives,0,0.0,0.0,0.0,1.0,0.0,0.0,0.0,construction
nyt://article/263185a5-d818-5ac5-ae58-54b467447c7e,1937-05-16,1937,WOULD REMAP AREA AROUND WORLD'S FAIR; Plan Advises Federal Insurance of Investments in Housing Projects There,Archives,Archives,0,0.3182,0.069,0.0,0.931,0.0,0.0,0.0,construction
nyt://article/2aa5f76b-b11e-535c-bb0e-e91f2991360f,1937-05-16,1937,Stone Set at Housing Project,Archives,Archives,0,0.0,0.0,0.0,1.0,0.0,0.0,0.0,construction
nyt://article/7a888a16-160b-59d8-95ff-7ca0d89f1d4c,1937-05-16,1937,"EXHIBITION HOMES REVEAL COMFORTS; Show Indicates Need for LowCost Public Housing Plan, Says Evans Clark URGES HIGHER STANDARDS Declares Public Work for Small Income Class Will Benefit Private Enterprise",Archives,Archives,0,0.7269,0.152,0.0,0.848,0.0,0.0,0.0,construction
nyt://article/82af9b9b-20c0-5ac7-80b8-9f4881b9d5a6,1937-05-17,1937,CONFERENCE FAVORS REVISED WAGNER BILL; Public Housing Group Urges Action on Changes Outlined by Secretary Ickes,Archives,Archives,0,0.5106,0.142,0.0,0.858,0.0,0.0,0.0,construction
nyt://article/cd667e09-302a-5223-8fe8-0710b05f694c,1937-05-23,1937,"URGES ADOPTION OF WAGNER BILL; Federal Aid Is Essential for Slum Clearance, Declares Helen Alfred",Archives,Archives,0,-0.128,0.163,0.143,0.694,0.0,0.05,-1.0,construction
nyt://article/1cc7dabb-c417-5f59-94a8-8ced8c9dd974,1937-05-24,1937,EAST SIDE HOUSES IN GOOD DEMAND; Tenements in Yorkville Area Sold in Deals Reported Over Week-End FLAT AT AVENUE C RESOLD Two Dwellings in Harlem Acquired From a Bank Are Turned Over,Archives,Archives,0,0.34,0.084,0.044,0.872,0.0,0.0,0.0,construction
nyt://article/7c25cb38-706c-5a33-982e-60f65dc2022f,1937-06-04,1937,HOUSING BILL PRESSED BY AUTHORITY CHIEFS; Warn of Rent Strikes as They Endorse Wagner Measure for Slum Clearance,Archives,Archives,0,-0.4215,0.147,0.195,0.658,0.03226,0.03226,0.0,conflict
nyt://article/ce86e6b7-c10a-501f-a230-749281414f88,1937-06-11,1937,HOMES FOR TARRYTOWN; Former School Property Bought for Housing Project,Archives,Archives,0,0.0,0.0,0.0,1.0,0.0,0.0,0.0,construction
nyt://article/ef59dcaa-e514-5d42-832a-fef56bf73e4e,1937-06-17,1937,CITY AS LANDLORD HAILED IN HARLEM; Roosevelt and. La Guardia Are Cheered as Housing Project Is Put-.Under Local Control,Archives,Archives,0,0.6369,0.178,0.0,0.822,0.0,0.0,0.0,construction
nyt://article/a5aee4d9-2204-56dd-a90d-eeadd6dd7010,1937-06-20,1937,EXPERTS STUDYING COMMUNITY PLANS; Large-Scale Housing Projects Offer the Basis for Orderly Growth,Archives,Archives,0,-0.0258,0.092,0.095,0.813,0.0,0.0,0.0,conflict
nyt://article/a9ce5b30-9c21-5407-afc5-53acd1c6567e,1937-06-20,1937,"ADMITS COMPETITION IN PUBLIC HOUSING; Future Benefits, However, Will Help Real Estate Values, Says L. W. Post",Archives,Archives,0,0.8481,0.298,0.0,0.702,0.0,0.0,0.0,construction
nyt://article/9c6bf647-4577-5d53-beb1-4f4fdf41d473,1937-06-25,1937,123 E. 61ST STREET SOLD FOR ALTERING; Hampton Estate Disposes of Dwelling-Two Tenements on East Side Transferred HARLEM FLAT PURCHASED Corner Apartment House at 133d St. and Lenox Ave. to Be Remodeled After Sale,Archives,Archives,0,0.0,0.0,0.0,1.0,0.0,0.0,0.0,construction
nyt://article/06f6ac0f-3b67-59c6-8d06-20a23fd5afe0,1937-07-08,1937,DAILEY CRITICIZES HOUSING MEASURE; President of Board HereScores Some Features of WagnerSteagall Bill GIVES COUNTER PROGRAM Declares Federal Ventures in Past Have Proved Costly--Calls for 'Master Plan',Archives,Archives,0,-0.5994,0.051,0.152,0.797,0.02941,0.02941,0.0,construction
nyt://article/178444d5-0b51-587e-a843-289915182a0a,1937-07-11,1937,DECORATING SMALL HOMES TO FIT THE BUDGET; Three-Room Apartments in Low-Cost Housing Project Illustrate a Wide Variety of Styles,Archives,Archives,0,0.3612,0.122,0.0,0.878,0.0,0.0,0.0,construction
nyt://article/1b5cd77f-8c9b-5a92-9f7d-da5602550aa5,1937-07-11,1937,"INVESTMENT TREND BASED ON INCOME; Buyers Are Seeking Definite Revenue Possibilities, Says Realty Broker SEES ADVANCE IN VALUES Public Housing Will Not Injure Private Owning Interests, State I. Jerome Riker Sees Realty Soundness",Archives,Archives,0,0.7003,0.159,0.0,0.841,0.0,0.0,0.0,construction
nyt://article/4516f79a-8c71-54e3-995c-9049ab2faca8,1937-07-26,1937,Slum Clearance Project To Be on Display Today,Archives,Archives,0,-0.2732,0.201,0.207,0.592,0.07692,0.07692,0.0,construction
nyt://article/e3aea3fa-05b2-5ae8-901d-cd0337f8f1d7,1937-07-31,1937,HOUSING PROJECT DELAYED BY STRIKE; Iron and Bronze Craftsmen Walk Out Charging Breach of Agreement on Pay,Archives,Archives,0,-0.0258,0.085,0.168,0.747,0.0,0.0,0.0,construction
nyt://article/df0eb83d-4412-57a4-8108-f4941f851a68,1937-08-01,1937,"OWNERS REPAIRING OLD TENEMENTS; 312 Buildings on Lower East Side Have Been Renovated at Cost of $1,327,275 MANY ROOMS MODERNIZED Sanitary Appliances for 3,000 Families and Two Automatic Elevators Installed Outmoded Rooms Disappearing",Archives,Archives,0,0.0258,0.078,0.098,0.824,0.025,0.0,1.0,reform
nyt://article/41c675a3-dad6-5d97-88ca-130b4a4968d5,1937-08-04,1937,"DEBATE IS CURBED ON HOUSING BILL; Wagner Forces Limit in Move to Speed Final Action by Late Today AMENDMENTS ARE VOTED D. L. Hoopingarner, in Letter, Urges Careful Accounting to Assure Low Cost Would Force Slum Clearance Seeks Careful Accounting",Archives,Archives,0,-0.0,0.143,0.105,0.752,0.02174,0.02174,0.0,construction
nyt://article/b8731ec4-87c0-5dfd-87d0-a21f65be320e,1937-08-04,1937,2 HURT IN TENEMENT FIRE; 20 Families Routed by Blaze in 6-Story East Side Building,Archives,Archives,0,-0.886,0.0,0.388,0.612,0.0,0.0,0.0,construction
nyt://article/683e0975-f9c3-52f4-8311-b7fca1b486de,1937-08-06,1937,ICKES FIXES RENTS IN WILLIAMSBURG; Rates Set at $4.73 to $6.61 a Week for Apartments in New Housing Project,Archives,Archives,0,0.0772,0.039,0.0,0.961,0.0,0.0,0.0,construction
nyt://article/aa38b630-6d17-5d0e-9019-a4a8c27c0f62,1937-08-06,1937,PLANS HOUSING RENT RISE; Manager of PWA Financed Project in St. Louis Faces Fight,Archives,Archives,0,-0.7906,0.114,0.301,0.585,0.03571,0.03571,0.0,conflict
nyt://article/b8508c20-5ab9-5e40-aed7-16792d2a3078,1937-08-08,1937,"HOUSING PROJECT TO COST $9,000,000; Builders Start Work on Large Acreage Near Jamaica for 900 Homes NEW FLUSHING COMMUNITY Developers Report Sales ih Forest Hills, Hollis, Bayside and Other Areas More Flushing Activity Hollis Home Buyers HOUSING PROJECT TO COST $9,000,000 BUILDINGS FOR RESIDENTIAL OCCUPANCY IN THE CITY AND NEAR-BY LOCALITIES",Archives,Archives,0,0.0,0.0,0.0,1.0,0.0,0.0,0.0,conflict
nyt://article/f2b55c04-939d-525b-9ba0-5b9c24d06f0a,1937-08-17,1937,"BIG NEWARK TAX SALE OPPOSED AS MENACE; Putting 2,645 Properties on the Market at Once Seen as Decreasing Realty Values",Archives,Archives,0,-0.5106,0.052,0.116,0.832,0.0,0.0,0.0,conflict
nyt://article/c23abefd-8fc8-5693-8fa4-672a5dd12ec6,1937-08-22,1937,FIXES PUERTO RICO RENTS; PWA Announces Scale of Rates for Two Housing Projects,Archives,Archives,0,0.0,0.0,0.0,1.0,0.0,0.0,0.0,construction
nyt://article/90e94011-45f5-59d6-b743-40e3a2c41ac5,1937-08-30,1937,PWA SEEKS ACCORD IN PAINTERS' STRIKE; Union and Employers to Meet Today in Federal Move to Aid Housing Projects WIDE DELAY THREATENED 16 Units Here and Some in Other Cities Affected-Six Held in Attacks on Two Other Cities Affected Five Accused In Beating,Archives,Archives,0,-0.926,0.0,0.287,0.713,0.0,0.0,0.0,construction
nyt://article/865dbb5d-a81a-5458-bb34-b47324e9afb8,1937-09-04,1937,BUYING IN HARLEM FEATURES TRADING; Investor Purchases 3 Houses From Church--Tenements in 114th Street Sold 12-ROOM DWELLING IN DEAL Apartment at 117 East 97th Street in New Hands--Other Manhattan Transactions,Archives,Archives,0,0.0258,0.037,0.0,0.963,0.0,0.0,0.0,construction
nyt://article/2593d40f-fbd8-5c91-b732-9bdf5c18c6ba,1937-09-05,1937,"HOUSING ACT WILL OPEN NEW ERA IN SLUM CLEARANCE; AUTHORITY HERE MAY BUY HOUSING Post Believes Ownership Will Be More Satisfactory Than Leasing Plan FIRST LOAN PLEAS FILED Advances From $500,000,000 Federal Fund May Start Before End of the Year Lessons Not to Be Wasted May Buy PWA Housing To Be Permanent Body AUTHORITY HERE MAY BUY HOUSING",Archives,Archives,0,0.5455,0.153,0.053,0.794,0.0,0.01724,-1.0,construction
nyt://article/9f97a5be-594b-54be-b2b2-49fdeaebf2f4,1937-09-09,1937,FIFTH AVE. BANK SELLS EAST SIDE TENEMENT; Building at 348 East 46th St. Among Properties Listed in Realty Transfers,Archives,Archives,0,0.0,0.0,0.0,1.0,0.0,0.0,0.0,construction
nyt://article/b6033c85-4c0c-58fb-b567-d5a25d90ad8c,1937-09-18,1937,LAG IN CONSTRUCTION NOTED IN 37 STATES; August Totals Affected by Decline in Large Public Housing Projects,Archives,Archives,0,-0.4588,0.0,0.16,0.84,0.0,0.0,0.0,construction
nyt://article/b1b01e32-b2c4-59e8-a20d-b1373e1fabf8,1937-10-01,1937,SEES HOUSING SHIFT TO U. S. AUTHORITY; Ickes Expects New Body Will Handle Projects Under the Wagner-Steagall Act,Archives,Archives,0,0.1531,0.085,0.0,0.915,0.0,0.0,0.0,construction
nyt://article/baf60775-c45d-514d-9ba6-700813ba4d85,1937-10-03,1937,CAUTION IS ADVISED IN CLEARING SLUMS; Experts Warn That Excessive Demolition May Aggravate Housing Shortage,Archives,Archives,0,-0.9231,0.058,0.504,0.437,0.04348,0.04348,0.0,construction
nyt://article/e3319d7f-7e39-5d84-a2c2-db2a30746987,1937-10-08,1937,Public Housing Bonds Visioned by Post As High Grade Investments of the Future,Archives,Archives,0,0.0,0.0,0.0,1.0,0.0,0.0,0.0,construction
nyt://article/376d12cc-2995-552b-9707-f143f22d7fca,1937-10-10,1937,SEEK SOUND PLANS IN HOUSING PROJECTS; Wagner Bill Methods Will Be Discussed by Delegates at National Convention,Archives,Archives,0,0.0,0.0,0.0,1.0,0.0,0.0,0.0,construction
nyt://article/0f8dde12-f803-5aaa-8545-1b01c7338c63,1937-10-25,1937,SLUM CLEARANCE HAILED; Record of City in Housing Work Lauded by La Guardia,Archives,Archives,0,-0.1531,0.182,0.164,0.654,0.05882,0.05882,0.0,construction
nyt://article/770fd36e-0f96-5352-8eb4-2b9ef3eab4f0,1937-11-07,1937,STRAUS TO SPEAK ON PUBLIC HOUSING; Head of U. S. Authority Will Discuss Future Plans at the Washington Conference,Archives,Archives,0,0.0772,0.064,0.0,0.936,0.0,0.0,0.0,construction
nyt://article/f1d9f67d-1039-51db-8a46-6afc380e6c5f,1937-11-12,1937,"PROFIT TAX CHANGE 'MUST BE ENACTED, SAYS SENATE CHIEF; Harrison, Finance Chairman, States Demand in Praising Morgenthau's Speech STOCK LEVY MAY BE ENDED Repeal of Excess Profits Tax Also Studied by Vinson and House Subcommittee NEW HOUSING LOAN RULES FHA Takes Steps to Encourage Construction by Limited Dividend Corporations Simplify Mortgage Procedure Senator Harrison's Message PROFIT TAX CHANGE IS HARRISON'S AIM Committee Aims at Tax Exempts Proposal Aimed at Tax Exempts Larger Housing Projects in Mind Uncertainty a Big Factor Thinks Courts Would Back Plan Comment on Morgenthau Sp?? PROFIT TAX CHANGE IS HARRISON'S AIM Committee Aims at Tax Exempts Proposal Aimed at Tax Exempts Larger Housing Projects in Mind Uncertainty a Big Factor King Skeptical on Budget Comment on Morgenthau Speech",Archives,Archives,0,0.8796,0.142,0.086,0.772,0.0,0.0,0.0,construction
nyt://article/6908c963-9419-5476-a014-e338c56ca710,1937-11-13,1937,"HOUSING A 'MUST,' WAGNER DECLARES; Business Slump Should Not Be Basis for Indecision on Program, He Says",Archives,Archives,0,0.5574,0.167,0.1,0.733,0.02273,0.02273,0.0,construction
nyt://article/3d4a084f-8012-54b1-b39b-c8f719d3f9d9,1937-11-14,1937,"LAW TO LET STATE AID HOUSING URGED; Groups Will Seek Amendment at Convention Lifting Ban on Loans PINK EMPHASIZES NEED Says Wide Program of Slum Clearance Would Counteract New Letdown in Business POLETTI PLEDGES ACTION Wants $100,000,000 Revolving Fund--60 Organizations Represented at Meeting Will Sponsor Two Measures The Proposed Amendments LAW TO LET STATE AID HOUSING URGED Means to Broaden Program Mrs. Simkhovitch Presides",Archives,Archives,0,-0.7269,0.025,0.089,0.886,0.01351,0.01351,0.0,construction
nyt://article/2ca3a979-0c70-52ae-92b0-19c5999ba148,1937-11-24,1937,Two Large Areas on Lower East Side Studied as Sites for Public Housing,Archives,Archives,0,-0.5267,0.0,0.161,0.839,0.0,0.0,0.0,construction
nyt://article/f868df57-a146-52cd-9d58-ff50fc767254,1937-11-25,1937,NEW HOUSING PROJECTS WELCOMED BY STRAUS; Federal Administrator Says Regulations for Procedure Will Be Issued Dec. 20,Archives,Archives,0,0.34,0.085,0.0,0.915,0.0,0.0,0.0,construction
nyt://article/99272853-029f-52a5-8fdd-ce47bf095559,1937-11-30,1937,Housing Project Tenants To Issue Own Newspaper,Archives,Archives,0,0.0,0.0,0.0,1.0,0.0,0.0,0.0,conflict
nyt://article/de619fbc-33b8-506d-a3bb-003a4a3cea6b,1937-12-02,1937,NAMED FHA ADVISER; Donald Jones of New York Will Aid on Project Management,Archives,Archives,0,0.0772,0.053,0.0,0.947,0.0,0.0,0.0,construction
nyt://article/1768d55e-22dd-5073-a033-05d7a722901d,1937-12-03,1937,"BANKS SELL LOFT AND 2 TENEMENTS; Manhattan Deals Cover Two Parcels on West 25th Street, Building on West 23d",Archives,Archives,0,0.0,0.0,0.0,1.0,0.0,0.0,0.0,construction
nyt://article/92770f9d-099a-5f9d-a4f3-45111d1c9f23,1937-12-05,1937,REVISED RULES AID HOUSING PROJECTS; Local FHA Insuring Offices Get Authority to Expedite Rental Operations,Archives,Archives,0,0.34,0.152,0.0,0.848,0.0,0.0,0.0,construction
nyt://article/f5789bd8-a9eb-51cf-bd1f-4662d99a03e8,1937-12-05,1937,RENOVATING TENEMENTS; Twenty-five Old Lower East Side Houses to Be Remodeled,Archives,Archives,0,-0.296,0.0,0.18,0.82,0.0,0.0,0.0,construction
nyt://article/26230752-3759-5cf6-9281-9f650678baa6,1937-12-10,1937,"CITY AIDS FAMILIES ROUTED BY BLAZE; La Guardia, at Scene, Orders Relief for Victims as Tenement Burns MAN RESCUED ON ROOF Poised to Leap Six Stories.24 Groups Homeless in Fire on East Side",Archives,Archives,0,0.4215,0.189,0.135,0.676,0.04762,0.0,1.0,reform
nyt://article/8a42f7a0-eded-5357-8854-df8498afcd9f,1937-12-11,1937,34 FLATS BOUGHT ON ALL-CASH BASIS; 4 and 5 Story Tenements Are Purchased in Manhattan by Lewine Brothers,Archives,Archives,0,0.0,0.0,0.0,1.0,0.0,0.0,0.0,construction
nyt://article/fbf1aa7c-892e-5d1a-b9fc-5bdc447e8822,1937-12-11,1937,"FORD LAND TRANSFER HINTS AT HOMES PLAN; Detroit Hears He Will Build 4,000 Houses on 1,200 Acres Given to Foundation",Archives,Archives,0,0.0,0.0,0.0,1.0,0.0,0.0,0.0,construction
nyt://article/c30ec452-0ec0-537f-b44a-bc9b8c6bf63a,1937-12-17,1937,"SWEDISH HOUSING PRAISED, BY EARLE; Penhsylvania Governor on Return Says He Got Valuable Ideas on Slum Clearance",Archives,Archives,0,0.7579,0.31,0.099,0.592,0.03846,0.03846,0.0,construction
nyt://article/57810636-a363-5e36-8e34-f1ad8000b9f1,1937-12-27,1937,"LADY ASTOR URGES CIVIC NURSERY NEED; Visiting Brother in Virginia, She Cites England's Aid to Open-Air Schools",Archives,Archives,0,-0.3612,0.066,0.115,0.82,0.03704,0.03704,0.0,construction
nyt://article/22b7348a-7cc4-5878-a4ab-2bb305b80838,1937-12-28,1937,"HOUSING PROJECTS FEATURE OF PLANS; Morosini Estate to Build Seven Apartments in Riverdale Between 254th and 256th Sts. COST WILL BE $1,750,000 134 Small Dwellings Among Buildings to Rise in Queens--83 for Wolosoff Firm",Archives,Archives,0,0.0,0.0,0.0,1.0,0.0,0.0,0.0,construction
nyt://article/3edd60c4-01eb-5f59-8678-806e7f235800,1937-12-28,1937,"More Than $2,000,000 Expended This Year To Remodel 500 Old East Side Tenements",Archives,Archives,0,0.2023,0.115,0.084,0.802,0.0,0.0,0.0,construction
nyt://article/cde84214-3acd-51c4-b566-41187ed66a7a,1938-01-02,1938,WILL GIVE COURSE ON PUBLIC HOUSING; New York University Announces Series of Lectures on Management Policies CIVIC BODIES COOPERATE Aimed to Help Applicants in Examinations for Positions Under Housing Authority Lectures by Housing Experts,Archives,Archives,0,0.5106,0.099,0.0,0.901,0.0,0.0,0.0,construction
nyt://article/a4adf083-4531-52c8-84be-5de9382e785a,1938-01-07,1938,Would Use Security Fund,Archives,Archives,0,0.3182,0.259,0.133,0.608,0.05,0.05,0.0,construction
nyt://article/31c11d51-614b-53c4-86c4-6d1d41f051ed,1938-01-16,1938,CONFERENCE PLANS COYER WIDE FIELD; Varied Program Announced for All-Day Convention Here on Jan. 27 SLUM CLEARANCE A TOPIC Prominent Speakers Also Will Discuss Housing and Financing,Archives,Archives,0,-0.0516,0.135,0.11,0.755,0.03704,0.03704,0.0,construction
nyt://article/6d67e70b-f4a5-50e9-9f09-d317102a6917,1938-01-16,1938,"PARLEY ON HOUSING OPENS HERE FRIDAY; National Conference to Weigh Slum Clearance and Benefits of Federal Legislation BRITISH EXPERT TO SPEAK Capt. R. L. Reiss, Member of London County Council, Will Be Special Guest",Archives,Archives,0,0.34,0.177,0.119,0.704,0.02941,0.02941,0.0,construction
nyt://article/810c7ed7-9795-5c7c-affe-698e29eb9686,1938-01-24,1938,"THE SCREEN; ' Boy of the Streets' Opens at the Globe--'Kathleen,' an Irish Film, Is Seen at the Squire At the Squire At the Teatro Hispano",Archives,Review,826,-0.0026,0.095,0.095,0.811,0.0,0.01408,-1.0,construction
nyt://article/ea117e17-0ee1-543a-ac14-838174464819,1938-01-30,1938,"PLANS BEING DRAWN FOR PUBLIC HOUSING; Program for Low-Cost Suites Studied by Federal, State and City Officials",Archives,Archives,0,0.0,0.0,0.0,1.0,0.0,0.0,0.0,construction
nyt://article/92ee4b7d-7cae-53a0-be1c-271bd67690ab,1938-02-01,1938,Dailey Backs Slums Plan,Archives,Archives,0,-0.5859,0.224,0.418,0.357,0.08333,0.16667,-0.3333,construction
nyt://article/3381aee6-6288-5e9f-b685-6622ef6a281d,1938-02-16,1938,"PLOT IS PURCHASED IN RADIO CITY AREA; Casey, Ltd., Widens Holdings in Section by Buying Vacant Lot at 111 West 51st St. TENEMENT PARCELS SOLD Modernization Planned at 322 E. 34th St. and 111 E. 119th St. by New Owners Flats in East 34th Street Sold Deals on Upper West Side MANHATTAN TRANSFERS BUILDING PLANS FILED",Archives,Archives,0,0.0,0.0,0.0,1.0,0.0,0.0,0.0,reform
nyt://article/3b335429-f7ef-582d-828b-40654351ae9d,1938-02-17,1938,STRAUS PERMITS HALT IN SLUM CLEARANCE; Housing Head Authorizes Manicipalities to Concentrate on Low-Cost Homes,Archives,Archives,0,-0.6124,0.121,0.212,0.667,0.03846,0.07692,-0.3333,construction
nyt://article/72376424-0364-5524-b067-e67dcd9cd12c,1938-02-21,1938,"RED HOOK HOUSES TO BE OF 6 STORIES; Automatic Elevators to Stop at Fourth and Top Floors, Rheinstein Announces CHEAPER THAN A WALK-UP Rental to Be $4.75 to $7.50 a Room, Lower Than in Other City Projects Project to Take Year First Units Scattered ' BIRDSEYE' VIEW OF RED HOOK HOUSING PROJECT",Archives,Archives,0,-0.3818,0.03,0.074,0.895,0.0,0.0,0.0,construction
nyt://article/7e038243-0318-53d8-ae53-67afdb765f0e,1938-02-22,1938,FURNITURE MEN HAIL PROGRAM FOR HOUSING; E. M. Culligan of USHA Explains New Federal Role in Efforts at Slum Clearance,Archives,Archives,0,0.1531,0.176,0.101,0.723,0.03448,0.03448,0.0,construction
nyt://article/b8c9f83c-3909-5c70-b2e4-0cddfe3c0786,1938-02-26,1938,OPERATOR RESELLS 15 MANHATTAN LOTS; Parcels Bought From Bank Are Taken by Individuals and Realty Companies TENEMENT AND FLAT SOLD Five-Story Garage on East 73d St. Leased for 10 Years by New Deal Corporation,Archives,Archives,0,0.0,0.0,0.0,1.0,0.0,0.0,0.0,construction
nyt://article/7635cdb5-23b6-50b6-9529-460fbee9c7de,1938-02-28,1938,BUILDER ACQUIRES SITE ON WEST SIDE; Buys Three Flats in 64th St. and Will Raze Them for Apartment House RESALES BY OPERATORS Two Dispose of Eighth Avenue Corner-Harlem Tenement Will Be Modernized MANHATTAN MORTGAGES MANHATTAN TRANSFERS TRANSFERS IN THE BRONX,Archives,Archives,0,0.0,0.0,0.0,1.0,0.0,0.0,0.0,reform
nyt://article/06b91130-9cac-5383-bd39-379be82b2d33,1938-03-02,1938,Holland Called Leader in Public Housing; Cottage Groups Are Cited for Study Here,Archives,Archives,0,0.0,0.0,0.0,1.0,0.0,0.0,0.0,construction
nyt://article/84bd71b1-50b0-5b84-94df-23bde0e26f73,1938-03-04,1938,"195 SCHOOLS IN CITY HELD UNFIT FOR USE; Marshall Urges Legislators to Vote $200,000,000 for Replacement Program ALL CLASSED AS OBSOLETE 17 Ante-Date the Civil War, Many Are in 'Disgraceful' wCondition, He Says 20% of City's Schools Involved Linked to Slum Clearance",Archives,Archives,0,-0.8689,0.032,0.191,0.777,0.01887,0.01887,0.0,construction
nyt://article/8b8add6e-6c9f-51a9-9391-df004b8c836f,1938-03-06,1938,WOMEN ISSUE RECOMMENDATIONS FOR CONSTITUTIONAL CONVENTION; LOW-COST HOUSING FEATURES REPORTS Voters League and City Club Agree on Slum Clearance as Paramount Issue POLLING REFORMS URGED Permanent Registration and Extension of Jury Service Included in Programs Housing Fund Supported For Wider Condemnation Powers On Jury Service for Women,Archives,Archives,0,-0.3612,0.096,0.103,0.802,0.01613,0.01613,0.0,construction
nyt://article/f234bd1b-bd58-566e-b2fb-9f88ea3493a5,1938-03-13,1938,Few Small Apartments Vacant in Harlem; Building on Site of 'Old Swimming Hole'; TALL NEW APARTMENT BUILDINGS RISING IN MANHATTAN,Archives,Archives,0,0.0772,0.049,0.0,0.951,0.0,0.0,0.0,construction
nyt://article/f0af20ae-d993-52e8-ab2e-4a4f9160fe24,1938-03-19,1938,GARAGE PROPERTIES SOLD AND LEASED; Transactions in Brooklyn and Bronx Feature Brokers' Reports for the Day MANHATTAN HOME BOUGHT Dwelling at 319 W. 112th St. in New Hands--Operators Get Uptown Tenement,Archives,Archives,0,0.0258,0.035,0.0,0.965,0.0,0.0,0.0,construction
nyt://article/37dc6c95-24da-54db-94b4-41101ba6d603,1938-03-30,1938,"SYRACUSE GETS SLUM LOAN; Contract for $3,930,000 Housing Project Signed in Washington",Archives,Archives,0,-0.5423,0.0,0.171,0.829,0.0,0.05556,-1.0,construction
nyt://article/d8912142-941c-5d73-b636-1358393b334e,1938-04-04,1938,BANKER TO DIRECT HOUSING PROJECT; B. F. Hogan Is Named by the Mayor to Push Rehabilitation of the City's Tenements PLANS ENERGETIC DRIVE Officers From All Boroughs to Serve-Favorable Response to La Guardia Plan Noted Great Importance Noted Favorable Response Seen,Archives,Archives,0,0.9618,0.284,0.0,0.716,0.01695,0.0,1.0,construction
nyt://article/c8e4b309-9086-5fc5-a65e-e91827b4c3c8,1938-04-05,1938,Subway and Fair Foster Building Work; More States Pass Public Housing Laws,Archives,Archives,0,0.3182,0.099,0.0,0.901,0.0,0.0,0.0,construction
nyt://article/0c753c72-2b76-536e-ac78-f8fe72071488,1938-04-06,1938,"NAMED HOUSING ADVISER; Lane, New York Builder, Is Chosen by Straus",Archives,Archives,0,0.4588,0.2,0.0,0.8,0.0,0.0,0.0,construction
nyt://article/e3c4a1fb-aeaa-51d6-9b9c-72d5badb751e,1938-04-07,1938,"SLUM TOUR BARES EVILS TO COUNCIL; 13 Members, Including Morris, Leave City Hall and Visit East Side Tenements AWED TENANTS CORDIAL Apartments Without Baths, Hot Water or Heat Inspected in the Housing Survey Procession of Motor Cars Family Head Is Amused",Archives,Archives,0,-0.8442,0.049,0.206,0.745,0.0,0.04167,-1.0,conflict
nyt://article/4e0b8dfd-ccfe-575a-a3f1-64d84b555d92,1938-04-08,1938,Duffy Lists Five Plans For Ending Recession,Archives,Archives,0,-0.3612,0.191,0.251,0.558,0.05556,0.05556,0.0,construction
nyt://article/a8e373a7-8b7e-5fb9-8fc3-58adf7ec566e,1938-04-10,1938,East Side Chimney Falls,Archives,Archives,0,-0.296,0.0,0.145,0.855,0.0,0.0,0.0,conflict
nyt://article/a14aed44-6dab-5d3b-9dc6-836f22d3590e,1938-04-12,1938,REHOUSING BUREAU FOR TENANTS ASKED; Permanent Unit to Find New Homes Urged as a Part of Slum Clearance Plans,Archives,Archives,0,-0.3612,0.085,0.149,0.766,0.05,0.05,0.0,conflict
nyt://article/84ae1249-c3b7-5f64-93bf-ac2f912f4cc3,1938-04-19,1938,TO SHOW LONDON HOUSING; Conference Tonight Will Offer Film of Slum Clearance,Archives,Archives,0,-0.3612,0.098,0.171,0.732,0.05882,0.05882,0.0,construction
nyt://article/b8d4f15a-0c08-5a2e-8638-35566acad05e,1938-04-25,1938,LA FOLLETTTE WARNS OF ARMS PROGRAM; Senator Fears 'Revolution' if Expansion Stops After Industry is Geared Up WANTS HOUSING INSTEAD Tells Chicagoans All of City's Idle Could Be Put to Work on Such Slum Projects,Archives,Archives,0,-0.8689,0.037,0.238,0.725,0.02222,0.04444,-0.3333,construction
nyt://article/60e52521-ddb6-5563-839e-cb5474b9c882,1938-04-27,1938,"HOUSING PROJECTS OBTAIN $55,000,000; Straus Earmarks Funds for 19 Cities, 11 Participating in Program for First Time $900,000 FOR MONTCLAIR Additional $2,900,000 Is Set Aside for Bridgeport, Making Total of $6,500,000 Funds for Eight Other Cities",Archives,Archives,0,0.0,0.0,0.0,1.0,0.0,0.0,0.0,construction
nyt://article/7e87b954-f435-53c9-9043-e6ebca77df21,1938-04-28,1938,"LOW RENTS URGED IN PUBLIC HOUSING; More Than Fourth of City's Dwellers Cannot Pay Above $30 Monthly, Expert Says Cannot Afford High Rent Savings Banker Heard",Archives,Archives,0,-0.4946,0.03,0.126,0.845,0.0,0.0,0.0,construction
nyt://article/5cd61e98-d483-5815-9c23-e08e6537f812,1938-05-05,1938,"STATE REPUBLICANS FIRE UPON WAGNER; Dowsey Opens Attack on 'Wild' Lending Plan for 'Sunshine-settlements' FEARS 'CHAOS' FOR TOWNS Bleakley Group Apparently Feels That It Is Time to Speak Up at Law Convention Predicts ""Chaos"" for Towns Housing Proposals Still Coming",Archives,Archives,0,-0.9349,0.073,0.282,0.645,0.01923,0.01923,0.0,construction
nyt://article/6d9a7d32-b9c9-5e26-b007-507208d16fe9,1938-05-05,1938,"BRONX TAXPAYER SOLD TO INVESTOR; Deal Completed on 1,300-18 Castle Hill Ave., Near Site of Housing Project SUITES ARE PURCHASED Houses in Colgate and Bryant Aves. Among Parcels in New Ownership",Archives,Archives,0,0.0,0.0,0.0,1.0,0.0,0.0,0.0,construction
nyt://article/e65109b7-26cc-5514-b21e-999b45726605,1938-05-05,1938,City Gets Site in Red Hook Tomorrow; To Raze 161 Buildings for Housing Project,Archives,Archives,0,-0.5859,0.0,0.112,0.888,0.0,0.0,0.0,conflict
nyt://article/367f878f-9c40-51a0-89ec-2a08ea4716be,1938-05-07,1938,PLANS FOR BUILDINGS FILED BY ARCHITECTS; Tenement in Manhattan and Brooklyn Homes Projected Bronx,Archives,Archives,0,0.0,0.0,0.0,1.0,0.0,0.0,0.0,construction
nyt://article/e59f5910-c4a7-58fe-abf7-7cae4ebeeabc,1938-05-07,1938,City Pushes. Housing Project,Archives,Archives,0,0.0,0.0,0.0,1.0,0.0,0.0,0.0,construction
nyt://article/a7ce127b-f28e-514f-abee-815a998f542d,1938-05-08,1938,REHOUSING CALLED PRIME CIVIC DUTY; Creation of Bureau Advised to Assist Evicted Tenants to Find New Quarters SCARCITY IS PREDICTED Albert Mayer Says New Rental Projects Will Not Equal Demolition Total Housing Scarcity Problem Cited,Archives,Archives,0,-0.7239,0.08,0.179,0.741,0.02326,0.02326,0.0,conflict
nyt://article/bc7f797a-5ed9-561c-84d5-eb49b6bb3f23,1938-05-08,1938,"REVIEWS CHANGES IN EAST SIDE AREA; Joseph Platzker Dates Start of Lower City District to 1638 Dutch Land Grants 1861 SAW TENEMENT BOOM Majority of the 5,000 MultiFamily Houses Still There Built Before 1901 Better Housing Hope Early Bowery Grants Later Developments",Archives,Archives,0,0.8591,0.199,0.034,0.767,0.0,0.0,0.0,reform
nyt://article/3be72e78-14c1-5dc0-80c7-229a1dbfc341,1938-05-10,1938,TENEMENTS TRAED ON THE-EAST SIDE; Five-Story House Containing 79 Occupied Rooms Bought on 119th Street RIVINGTON ST. HOUSE SOLD Five-Story Building Had Been Held by Bank-Buyer Plans Extensive Repairs,Archives,Archives,0,0.0,0.0,0.0,1.0,0.0,0.0,0.0,construction
nyt://article/3c4dc953-5edf-5bcb-92ee-8e3b290da662,1938-05-14,1938,Public Housing Projects Here May Exert Vital Influence on Future Architecture,Archives,Archives,0,0.6124,0.278,0.0,0.722,0.0,0.0,0.0,construction
nyt://article/896dc7c5-060e-548c-a273-6565a3a30270,1938-05-15,1938,"Mayor Signs Contract Speeding $30,000,000 Housing Project; Agreement Between City and Authority Required for Federal Loan-Red Hook Razing to Begin Soon",Archives,Archives,0,0.5859,0.195,0.0,0.805,0.0,0.0,0.0,construction
nyt://article/8bb68962-3315-50ec-bfd2-32fae4d34068,1938-05-15,1938,ZONING SYSTEMS HELP HOME AREAS; Future Planning Lies Chiefly in Small Communities,Archives,Archives,0,-0.0258,0.115,0.119,0.766,0.0,0.0,0.0,construction
nyt://article/c03d4abe-5f8e-5e8d-aa9c-7dcd92a1c869,1938-05-16,1938,PRIVATE CAPITAL AND PUBLIC HOUSING,Archives,Archives,0,-0.296,0.0,0.087,0.913,0.0,0.0,0.0,construction
nyt://article/d7832773-1d11-54de-ad94-12f28d849ecd,1938-05-22,1938,METHODISTS BACK REFORM PROGRAM; Liberal Report Adopted Over Objection to 'Thrust at Capitalist System' BIRTH CONTROL ENDORSED New York East Conference Closes Here With Pastorate Changes Announced Slum Clearance Favored Works Program Advocated,Archives,Archives,0,0.3182,0.165,0.085,0.751,0.02857,0.02857,0.0,construction
nyt://article/e9294d3a-ebd4-54eb-ab12-7fa0ec57db83,1938-05-22,1938,"HISTORY OF BRONX IN PAGEANT TODAY; Housing Project Residents to Re-enact Land Purchase of 300 Years Ago TEN EPISODES IN SHOW Indian War Whoops, Dances, Stately Gavotte, Big Apple Will Be Contrasted Ten Episodes In Pageant Land Purchase Re-enacted A Colonial Promenade",Archives,Archives,0,-0.5994,0.0,0.087,0.913,0.0,0.0,0.0,construction
nyt://article/5a8cb02f-879c-5a89-a0ce-3b913fd49acb,1938-05-27,1938,MANHATTAN HOUSES GO TO NEW OWNERS; Purchasers on East 72d St. and Montgomery St. Will Make Large Alterations EAST SIDE TENEMENT SOLD Rube Goldberg Leases 5-Story Residence on West 75th St. to Music School,Archives,Archives,0,0.0,0.0,0.0,1.0,0.0,0.0,0.0,construction
nyt://article/a2616e1c-a888-5636-a193-42a53bfa6a59,1938-05-28,1938,GREENHILLS LEASE IS SIGNED BY CO-OP; Consumer Services to Manage Commercial Center at Housing Project PROFITS GO TO RESIDENTS Agreement Calls for Rents Based on Percentages of Gross Receipts,Archives,Archives,0,0.4588,0.127,0.064,0.809,0.0,0.0,0.0,construction
nyt://article/54525139-1380-5bc2-a3b0-9dee77527934,1938-06-01,1938,RAZING WILL START AT RED HOOK TODAY; Wrecking Crews Will Begin the Work on 161 Buildings on Site of Housing Project REMOVAL AGENT WORRIED He Has Yet to Find Homes for Many of the Occupants of the Old Houses,Archives,Archives,0,-0.25,0.078,0.094,0.828,0.0,0.0,0.0,construction
nyt://article/9a4425ed-334d-5283-8d9f-fb764d1cb4d6,1938-06-03,1938,BUYERS TO ALTER TENEMENT HOUSES; Complete Modernization to Be Made in 20-Unit Building at 326 East 73d St. 316 EAST 83D ST. BOUGHT Parcel Will Be Improved to Accommodate 15 Families--Other Manhattan Deals,Archives,Archives,0,0.3612,0.072,0.0,0.928,0.0303,0.0,1.0,reform
nyt://article/fbd9a0fe-19a3-5e2c-ae7e-f86526eaae7a,1938-06-03,1938,"$4,000,000 PAID FOR HOUSING SITE; Details of Insurance Firm's Deal for Protectory Land Shown in Transfer PLANS BEING SPEEDED Title to Land for Apartment Colony in Bronx Passes to Metropolitan Life",Archives,Archives,0,0.0,0.0,0.0,1.0,0.0,0.0,0.0,construction
nyt://article/55fe5889-21e8-5c7c-b560-fe975ccfa1c0,1938-06-05,1938,SAVED AT EAST SIDE BLAZE; Unconscious Man Carried Out of Tenement by Fire Captain,Archives,Archives,0,-0.7096,0.092,0.285,0.623,0.0,0.0,0.0,construction
nyt://article/ac9bebfd-631a-5f47-ae9d-d46a029d94dd,1938-06-05,1938,"WOMAN IS KILLED, 11 INJURED IN FIRE; Spectacular Rescues Mark Blaze That Sweeps 5-Story Tenement on East Side",Archives,Archives,0,-0.9607,0.047,0.422,0.531,0.0,0.0,0.0,construction
nyt://article/cf321185-3f8c-543a-9f09-6df6b076499d,1938-06-05,1938,FHA Offices Face Big Task in Handling Growing List of Rental-Housing Projects,Archives,Archives,0,0.1779,0.091,0.0,0.909,0.0,0.0,0.0,construction
nyt://article/58af4cc3-c002-561b-86d4-06063e897044,1938-06-06,1938,BUILDER WILL ERECT HOMES IN BRONXVILLE; Buys 11 Acres on Palmer Road for Housing Project,Archives,Archives,0,0.0,0.0,0.0,1.0,0.0,0.0,0.0,construction
nyt://article/5c3ee7bd-cca3-54d2-b45a-c22c6225439a,1938-06-06,1938,"CITY HOUSING AIMS HELD NOT REALIZED; Spellman Criticizes Methods of Choosing Tenants for Williamsburg Homes FINDS NO SLUM REMEDY. Counsel Tells Council Only 98 Families of 1,300 in Area Got Apartments There Little Benefit to Group Warns of Legislative Curbs",Archives,Archives,0,0.5849,0.14,0.07,0.791,0.0,0.02083,-1.0,conflict
nyt://article/def54381-4549-522f-ad03-445d09584d33,1938-06-07,1938,EAST SIDE HOUSES FIGURE IN TRADES; Operator Buys 55 E. 88th St. From Hannah Monahan After 14 Years 6TH ST.PARCEL ASSEMBLED Tenements in East 117th St. Are Bought by Syndicate for Modernizing,Archives,Archives,0,0.0,0.0,0.0,1.0,0.0,0.0,0.0,reform
nyt://article/92f0118e-6a17-594c-9acb-709d0ca29d43,1938-06-10,1938,"LARGER WPA FUND MEETS APPROVAL; $1,425,000,000 Voted in Senate and Urged by President Agreed Upon by Conferees APRIL RELIEF COSTS RISE Social Security Board Reports the Total of $242,931,000 Aided 20,000,000 Persons Demands Vote in House April Relief Total, $242,931,000 Administration Additional",Archives,Archives,0,0.8442,0.235,0.056,0.709,0.05882,0.01961,0.5,reform
nyt://article/d505a584-dd48-5a6c-a8e0-992659369129,1938-06-11,1938,"MODEL HOMES FACE A TENANT PROBLEM; Already 16,000 Apply-to Rent Total of 6,000 Apartments in Two Housing Projects STRICT, RULES DEVISED Process for Admission to Red Hook and Queensbridge Apartments Outlined How Applications Are Made System of Scoring",Archives,Archives,0,-0.4019,0.0,0.053,0.947,0.0,0.0,0.0,conflict
nyt://article/feb621a5-5bfd-5e50-8308-8e1da2c332fb,1938-06-19,1938,"CALLS ASSESSMENTS HIGH ON EAST SIDE; C. W. Morrison Says Parkways Will Not Bring Values Up to City's Tax Levies MANY INEQUALITIES CITED Old Tenements in Lower Area, He Holds,No Longer Add Anything to Land Value Excessive Land Values Suburban Trend",Archives,Archives,0,0.1635,0.107,0.094,0.799,0.0,0.0,0.0,construction
nyt://article/15733301-f956-55f5-b8a3-b0a05fe58322,1938-06-20,1938,"RELIEF AIDES TELL OF SPENDING AIMS; Wallace, Hopkins; Straus, Gray and.General Kingman Outline Big Program Recalls Changed World Condition RELIEF AIDES TELL OF SPENDING AIMS Straus Notes Housing Projects Specific Items Summarized",Archives,Archives,0,0.6124,0.122,0.0,0.878,0.05263,0.0,1.0,reform
nyt://article/14af1e33-d321-5edc-bb37-b54929fd0855,1938-06-25,1938,"FIRST RED HOOK UNIT WILL COST $2,631,9000; Housing Authority Files Plans for Brooklyn Project Manhattan Alterations",Archives,Archives,0,0.0772,0.058,0.0,0.942,0.0,0.0,0.0,construction
nyt://article/61e7fa9b-3595-5675-9b9d-c03bb404a87a,1938-06-25,1938,"SALES AT COST PLANNED; Brighton, England, Program Aids Public Housing Tenants",Archives,Archives,0,0.0,0.0,0.0,1.0,0.0,0.0,0.0,conflict
nyt://article/6a67249b-5dd8-5112-909a-c3f5bbfbdaee,1938-06-28,1938,Signs Puerto Rico Slum Bill,Archives,Archives,0,-0.7184,0.111,0.389,0.5,0.08333,0.16667,-0.3333,construction
nyt://article/22c7dc00-5d00-5c50-a5c9-019a8780dc44,1938-06-29,1938,PROJECT SPURS SALES; Red Hook Slum Clearance Aids Near-By Realty Market,Archives,Archives,0,-0.3612,0.138,0.241,0.621,0.09091,0.09091,0.0,construction
nyt://article/5fa66a9e-2dcd-5b6d-8aa8-cb9bd6e2a753,1938-06-30,1938,' Adequate Budget' for Housing Authority Urged to Meet Slum Clearance NeedsHere,Archives,Archives,0,0.0772,0.239,0.144,0.617,0.10526,0.05263,0.3333,construction
nyt://article/09fd1815-ecf6-56b9-bc5c-ad6a104acd56,1938-07-03,1938,"HOUSING PROJECT STIRS MONTCLAIR; Real Estate Men and Planning Expert Oppose Low-Rent Apartment Plan Sees Report ""Unjustified"" Might Upset Rents",Archives,Archives,0,-0.3818,0.0,0.12,0.88,0.0,0.0,0.0,conflict
nyt://article/f5390ef0-60a7-549d-8c30-122491a2a020,1938-07-03,1938,FOR CITY SLUM PROJECTS; Merchants Believe Manhattan Should Receive Preference,Archives,Archives,0,-0.7184,0.062,0.219,0.719,0.03846,0.07692,-0.3333,construction
nyt://article/7ff6b2a1-6142-53f9-bc00-a87ebe364126,1938-07-10,1938,"TO FAR-OFF 'AMERICA'; Increasingly Today's Traveler Visits Our Possessions, Now Being Brightened Up Housing Projects Plans for St. Thomas More Go by Air Parks in Alaska",Archives,Archives,0,0.4767,0.11,0.0,0.89,0.0,0.0,0.0,construction
nyt://article/5f711f70-7368-5ced-acd4-4581c0c97a61,1938-07-14,1938,"$50,000,000 LOANS MADE FOR HOUSING; Straus Provides Funds for Slum Clearances in 12 Municipalities CITY MAY GET $20,000,000 La Guardia Visits Federal Capital in a Quest for More Aid From PWA Political Activity Denied Mayor Sought Relief Aid",Archives,Archives,0,-0.5994,0.049,0.126,0.825,0.02222,0.02222,0.0,reform
nyt://article/aad08e22-ef3c-52ec-ab4d-a583e236f161,1938-07-14,1938,Large-Scale Housing Projects Give Hope Of Better Town-Planning in the Future,Archives,Archives,0,0.7003,0.225,0.0,0.775,0.0,0.0,0.0,construction
nyt://article/316aca5f-f02a-512d-a4a3-fbea16b0bbdc,1938-07-15,1938,TENEMENT BOUGHT IN UPPER WEST SIDE; Building at 304 West 145th St. Conveyed to Holding Firm by Franklin Bank DEAL AT 263 WEST 19TH ST. Operator Acquires Flats Near 8th Ave.--Transactions in Manhattan and Bronx,Archives,Archives,0,0.0,0.0,0.0,1.0,0.0,0.0,0.0,construction
nyt://article/c8442243-6e81-50cc-b16f-e9d328061da6,1938-07-15,1938,"BOARD VOTES FUND FOR CITY HOUSING; $300,000 Provided for Site of First Municipal Slum Clearance Project BONDS WILL REPAY LOAN Estimate Body Praises Choice of Two-Block Area on the Lower East Side Prompt Action Acclaimed Queens Vote Is Only Dissent",Archives,Archives,0,-0.0772,0.112,0.119,0.769,0.02439,0.02439,0.0,construction
nyt://article/db79a916-57ca-5495-aefd-13beaf47abe1,1938-07-17,1938,AMOTT DISCUSSES SECURITIES' VALUE; Tells Bankers Future Depends Largely on the Policies of Government Agencies DANGER SIGNS INDICATED Curb on Private Enterprise Seen in Possible Programs of HOLC and FHA Policy on Slum Clearance Basis of Equity Valuation,Archives,Archives,0,-0.3182,0.131,0.137,0.733,0.02381,0.02381,0.0,construction
nyt://article/eb267346-ccde-5438-be14-8cd5f7ef4c7d,1938-07-17,1938,HOME SALES BRISK ON LONG ISLAND; Forest Hills Developer Buys Additional Tract for Early Improvement MANHASSET HOME OPENING Building Projects Enlarged in Many Localities to Meet Rising Demand Open New Manhasset Home Homes Selling Rapidly HOME SALES BRISK ON LONG ISLAND CITY AND SUBURBAN HOUSING PROJECTS FIGURING IN SUMMER MARKET ACTIVITY,Archives,Archives,0,0.5719,0.113,0.027,0.859,0.0,0.0,0.0,construction
nyt://article/bbbf4585-a693-5e78-9403-8edfd40ec641,1938-07-21,1938,"$43,458,000 IS LENT ON HOUSING PROJECTS; Roosevelt Approves Contracts for Work in 13 Cities",Archives,Archives,0,0.6597,0.231,0.0,0.769,0.0,0.0,0.0,construction
nyt://article/73c31eff-ec16-54e1-a245-877d2b09261d,1938-07-22,1938,"40,444 'Walk-Up' Tenements in Manhattan, Against 3,498 Elevator Apartment Houses",Archives,Archives,0,0.0,0.0,0.0,1.0,0.0,0.0,0.0,construction
nyt://article/c3c0b70c-91e5-51df-aaf0-5a232a7f036b,1938-07-24,1938,"BANKS LIQUIDATING OUTMODED HOUSES; Half of Open-Market Sales in Manhattan Being Made in Tenement Areas HARLEM LEADS TRADING Realty Board's Report Shows 359 Deals There During First Half of Year 1,104 Sales Are Recorded Sales in Harlem Districts Activity in Times Square BANKS LIQUIDATING OUTMODED HOUSES TREND IN MANHATTAN REALTY SALES",Archives,Archives,0,0.0,0.0,0.0,1.0,0.0,0.0,0.0,construction
nyt://article/7b09ba9e-6702-580a-b1b4-b038c5992244,1938-07-25,1938,BUYERS TO ALTER MANHATTAN FLATS; Investor Plans Changes in Row of Three Tenements on First Avenue DEAL ON WEST 25TH ST. |Holding Enlarged in Sale by St. Joseph's Seminary--Bank Sells Dwelling,Archives,Archives,0,0.0258,0.035,0.0,0.965,0.0,0.0,0.0,construction
nyt://article/eab3445d-e8c9-54c9-b3f3-d25a51ae1087,1938-07-29,1938,HUGE HOUSING PLAN GETS CITY CONSENT; Estimate Board Approves the Street Layout for Metropolitan Life Project in Bronx QUEENSBRIDGE PLANS FILED They Are for First 4 of 85 Units in City Housing Project,Archives,Archives,0,0.7096,0.169,0.0,0.831,0.0,0.0,0.0,construction
nyt://article/7bb08d50-b513-5c8e-9927-78a4709fb447,1938-08-03,1938,BUYING IS ACTIVE IN MIDTOWN AREA; Investor Acquires Tenements in Forty-seventh Street for Remodeling 52D STREET HOUSES SOLD Bank Closes Apartment Deal on Lower East Side-Lease Renewals Reported,Archives,Archives,0,0.128,0.087,0.071,0.841,0.0,0.0,0.0,construction
nyt://article/b3fdd456-d01a-52f0-afd6-8fed7e1359b9,1938-08-09,1938,NEW HOUSING PLAN PROPOSED BY PINK; He Would Allow Life Insurance Companies to Construct Low-Cost Projects SUBMITS CHANGE IN LAW Superintendent Says Use of Funds for This Purpose Would Aid Employment,Archives,Archives,0,0.4215,0.079,0.0,0.921,0.0,0.0,0.0,construction
nyt://article/0b94fb2b-8635-5e94-9732-69ce2341ffd6,1938-08-14,1938,Presenting New Ideas On Public Housing; A Study of Federal and State Efforts to Provide Low-Cost Shelter,Archives,Archives,0,0.0,0.0,0.0,1.0,0.0,0.0,0.0,construction
nyt://article/104a8bb2-7d5a-5d39-a5c9-746dcb832757,1938-08-14,1938,ALTER OLD TENEMENTS; Remodeling Eight East Side Houses Into Small Suites,Archives,Archives,0,0.0,0.0,0.0,1.0,0.0,0.0,0.0,construction
nyt://article/57d3ab42-2b1b-5c0c-b5b0-2f7d3af88ac3,1938-08-17,1938,BUYERS TO ALTER EAST SIDE HOUSES; Ambulance Company Acquires Lexington Ave. Building and Will Occupy It DEAL IN YORK AVENUE Investor Purchases Group of Tenements--Apartment in East 85th St. Sold Sale Near Bridge Approach Estate Given in Deal,Archives,Archives,0,0.0,0.0,0.0,1.0,0.0,0.0,0.0,construction
nyt://article/09376bf2-12f2-5a86-bf77-e759e10312ca,1938-08-18,1938,"HOUSING PROGRAM, NO TAX ON REALTY, PASSED AT ALBANY; SMITH WINS TEST Gets Exemption in'Levy for Any Loan, Except in Emergency, by 74-60 50-YEAR PLAN SET FORTH Republican Redistricting Bill Advanced, 91-57-Democrats Threaten Fiaht at Polls Observation of Test Vote For $300,000,000 In Bonds HOUSING PROGRAM PASSED AT ALBANY Smith Takes Up Challenge Slum Clearance Terms- Put In Moffat Persuades Him Finance Article Adopted",Archives,Archives,0,-0.4404,0.114,0.138,0.748,0.01493,0.01493,0.0,construction
nyt://article/b33bf79d-ecf6-5240-a35c-014cc61ef5d7,1938-08-19,1938,HOME GROUPS PLANNED; Second Project in Week Announced in Atlantic City,Archives,Archives,0,0.0,0.0,0.0,1.0,0.0,0.0,0.0,construction
nyt://article/5a454f32-0772-5d33-9648-f752f23ff6a3,1938-08-20,1938,"Letters to The Times; Financing Public Housing Entire Burden, It Is Held, Should Not Fall on Real Estate Owners Rentals in Manhattan Municipal Bond Owners Case of the Business Man The Plight of This Member of Society Regarded With Commiseration The World Youth Congress Baseball Seen in No Danger Campaign Posters THE SUN-DIAL",Archives,Archives,0,-0.4632,0.042,0.087,0.871,0.0,0.0,0.0,construction
nyt://article/51947586-19ca-5975-ae5b-ac33eab4b5f8,1938-08-21,1938,"HOUSING PROJECT FOR LARCHMONT; $1,650,000 Loaned for Erection of Sixteen Garden-Type Apartment Buildings Provide Three Exposures",Archives,Archives,0,0.0,0.0,0.0,1.0,0.0,0.0,0.0,construction
nyt://article/cf22275d-84c1-5d3c-b981-115a7e63c994,1938-09-02,1938,"INVESTORS ACTIVE IN TWO SECTIONS; Purchase Housing Properties on Lower East Side and in Harlem Area DEAL ON NORFOLK STREET Buyer Acquires Tenement Held by Emigrant Savings Bank--155th St. Flat Sold Stokes Society Sells Building $4,000,000 Erie Lien Assigned Bronx Apartment Resold Brooklyn Tenement Bought Realty Federation Elects' Brede Long Beach Flat Purchased Buys 17 Acres in North Bergen",Archives,Archives,0,0.128,0.04,0.033,0.927,0.0,0.0,0.0,construction
nyt://article/0b55030e-82ab-5560-80d2-fcc4dbb137ad,1938-09-03,1938,EAST SIDE BUSINESS DOUBLES ITS SPAGE; Hartz Mountain Company Buys 7-Story Building at 34-36 Cooper Square 18-FAMILY TENEMENT SOLD Bank Transfers 400 Madison Street-Investor Takes Over House on West 89th Street,Archives,Archives,0,0.0,0.0,0.0,1.0,0.0,0.0,0.0,construction
nyt://article/0e232b6a-4a72-5aef-ae53-aa4c6c25f426,1938-09-04,1938,"ATTACK ON CO-OPS IS WATCHED HERE; Reported Drive at Green Hills Said to Be First to Line Up Independent Stores RESIDENTS FOUND JITTERY Their Jobs Declared Involved--Evans Says FTC May Be Told of Situation Store's Weekly Volume $1,200 Grocers Protested to Wallace",Archives,Archives,0,-0.5574,0.0,0.078,0.922,0.0,0.0,0.0,conflict
nyt://article/f38b5857-6fc6-5516-9c92-7c54a22b4758,1938-09-11,1938,"$2,000,000 Apartments Planned On Old Estate in Plainfield, N. J.; Private Capital Sponsors 300-Family Project to Consist of Fifty Two-Story Buildings--Formal Gardens to Be Retained",Archives,Archives,0,0.0258,0.032,0.0,0.968,0.0,0.0,0.0,construction
nyt://article/16d7271c-a25b-5157-84b6-594c769f991c,1938-09-17,1938,"VASTBUILDING NEED TOLD BY REALTORS; Home Building Boom Required to Avoid Shortage, Syracuse Convention Hears LAG IN DEPRESSION CITED Demand for New Houses in State Put at 600,000--Public Housing Criticized Public Housing Criticized Burdens on Real Estate Cited Opportunity Is Stressed Punitive' Taxes Denounced",Archives,Archives,0,-0.9648,0.04,0.387,0.573,0.0,0.0,0.0,construction
nyt://article/4b293bed-f7ca-509f-97c3-2f4c642509de,1938-09-18,1938,"E. D. DUFFIED DIES; INSURANCE LEADER; President of the Prudential Company Succumbs at His Home-- Had Stroke Friday LAWYER AND LEGISLATOR Was Acting President of Princeton, 1932-33-Sponsor of Vast Housing Program Practiced Law in Jersey Supported Housing Project Served on Education Board",Archives,Archives,0,0.3182,0.053,0.0,0.947,0.0,0.0,0.0,construction
nyt://article/8a213b87-d641-5acd-b9d8-05048ff183d0,1938-09-18,1938,STEEL WINDOWS MADE IN STANDARD SIZES; Casement Types Developed for Low-Cost Houses,Archives,Archives,0,0.0,0.0,0.0,1.0,0.0,0.0,0.0,construction
nyt://article/19400617-2e8f-5510-8766-53249b140665,1938-09-25,1938,DEMAND FOR HOMES RISING IN QUEENS; Builders in Many Localities Are Enlarging Their Fall Construction Plans BUYING SHOWS NO DECLINE New Dwelling Group Started in Forest Hills--Activity in Other Centers Home-Selling Activity Construction Progress DEMAND FOR HOMES RISING IN QUEENS,Archives,Archives,0,-0.0772,0.076,0.102,0.822,0.0,0.0,0.0,construction
nyt://article/222c60c8-711e-5255-8f22-278b18bb8a53,1938-09-25,1938,"TENEMENTS ALTERED IN EAST SIDE AREA; Half-Year Plans Involve 230 Buildings to Cost $787,700",Archives,Archives,0,-0.296,0.0,0.095,0.905,0.0,0.0,0.0,construction
nyt://article/81fcc293-f93b-5648-afe7-79c07703f09f,1938-09-29,1938,LEASES HOUSING PROJECT; Camden Housing Authority to Operate Westfield Acres,Archives,Archives,0,0.0772,0.126,0.0,0.874,0.0,0.0,0.0,construction
nyt://article/f1355b70-4968-52ed-bac2-553fe106f2f3,1938-09-30,1938,Platform Adopted by State Republican Convention; Agriculture Education Law Enforcement Peace Youth Relief State Constitution Finance Slum Clearance Highways Bureaucracy Business Home Rule Social Welfare Civil Rights Labor Civil Service Utilities Unemployment Insurance,Archives,Archives,0,0.2732,0.212,0.143,0.646,0.05714,0.02857,0.3333,reform
nyt://article/3ccbbe59-6011-5985-9aa7-32c82bbfc097,1938-10-01,1938,Broad Program of Public Housing Work Opens New Field of Realty Management,Archives,Archives,0,-0.4019,0.0,0.13,0.87,0.0,0.0,0.0,construction
nyt://article/c63eb933-a7fc-5da7-953e-61ce8a88a1bc,1938-10-01,1938,Platform Adopted by State Democrats; Party Principles and Performance National Administration Social Welfare Sound Finance Civil Service Business Labor Farley Raises Laugh By Thanks for Ticket Agriculture Water Power Crime Unemployment and Relief Equality Education and Youth Civil Rights Constitutional Convention 1. The General Amendment 2. Legislative Apportionment 3. Grade Crossing Elimination 4. Slum Clearance and Low Renting Housing 5. Judiciary 6. Labor 7. Proportional Representation 8. Social Welfare 9. Transit Unification. Conclusion,Archives,Archives,0,0.4019,0.175,0.125,0.7,0.02564,0.01282,0.3333,pathology
nyt://article/f14d0f78-ab56-58af-b728-9e47346d5085,1938-10-01,1938,INVESTORS ACTIVE IN REALTY MARKET; Manhattan Sales Include an Apartment in Stuyvesant Square Section BANKS IN SEVERAL DEALS Tenement in Henry St. and Suites in West 115th St. Among Parcels Traded,Archives,Archives,0,0.4019,0.083,0.0,0.917,0.0,0.0,0.0,construction
nyt://article/e0b2b22c-f96a-5aca-931f-e0fb76b1dc8e,1938-10-04,1938,Text of Platform Adopted by American Labor Party at Convention Here for Its Third Campaign; Expects Break-Up of Old Parties Affirms Faith in Roosevelt Labor Agriculture Consumer Social Security and Health Insurance Unemployment Housing Power Taxation Education Youth Civil Service Crime Bill of Rights State Constitution Amendment No. 1 Amendment No. 2--Legislative Apportionment Amendment No. 3--Grade Crossing Elimination Amendment No. 4--Slum Clearance and Low Rent Housing Amendment No. 5--Judiciary Amendment No. 6--Labor Amendment No. 7--Proportional Representation Amendment No. 8--Social Welfare Amendment No. 9--Transit Unification,Archives,Archives,0,0.743,0.163,0.082,0.755,0.01136,0.0,1.0,pathology
nyt://article/73a218a5-7b33-571a-a80e-9708714f1cba,1938-10-05,1938,TO HOUSE 545 FAMILIES; Loan Agreement Is Signed for Yonkers Housing Project Certificate Holders Get Cash,Archives,Archives,0,0.5423,0.158,0.0,0.842,0.0,0.0,0.0,construction
nyt://article/ca9a4c96-3b93-5b74-a9b1-660f50fac8f7,1938-10-05,1938,PRIVATE DWELLING SOLD ON WEST SIDE; Transfer of 64 West 82d St. Among Transactions in Manhattan Realty INVESTORS IN THE MARKET Tenements at 109 West 1 00th St. and 64 West 115th St. Listed in Property Purchases,Archives,Archives,0,0.0258,0.03,0.0,0.97,0.0,0.0,0.0,construction
nyt://article/a1277d32-4849-52a0-adc0-76e809ee66ea,1938-10-08,1938,"APARTMENTS, HOMES LEAD BUILDING PLANS; New Tenements Projected for Manhattan and Brooklyn",Archives,Archives,0,0.0,0.0,0.0,1.0,0.0,0.0,0.0,construction
nyt://article/4ec1385d-2f49-523a-b232-96e610f98118,1938-10-11,1938,"Civic Leaders Make All-Day Tour in Queens Of Parks, Beaches and Housing Project",Archives,Archives,0,0.0,0.0,0.0,1.0,0.0,0.0,0.0,construction
nyt://article/46e34b83-3f77-5f58-9035-a709a39e2ab5,1938-10-12,1938,"STRESS HOUSING FOR RELIEF GROUPS; Federal, State and Municipal Officials Make This the Keynote of Conference STRAUS TELLS USHA PLAN Administrator Says Federal Project Will Fit the Purses of Small Income Families Rentals for Small Incomes Cites Demand for Homes Reports Lag in Rural Housing Urges Slum Clearance Now",Archives,Archives,0,-0.4939,0.116,0.169,0.714,0.04,0.02,0.3333,reform
nyt://article/297c3bd4-44a4-5f66-ac1f-3bd6aa384f3b,1938-10-16,1938,HOUSING PROJECT ON SUMMIT ESTATE; First Unit Completed on New Jersey Acreage on FHA Financing Plan,Archives,Archives,0,0.0,0.0,0.0,1.0,0.0,0.0,0.0,construction
nyt://article/77edfa57-bcbc-59ae-86d3-067a245ed267,1938-10-18,1938,HOUSING AND SLUM CLEARANCE,Archives,Archives,0,-0.3612,0.16,0.28,0.56,0.11111,0.11111,0.0,construction
nyt://article/2308c203-314d-550d-8bc3-365f3ba8b68e,1938-10-21,1938,New Residential Zone in Bronx Limited To Boundaries of Vast Housing Project,Archives,Archives,0,-0.2263,0.0,0.147,0.853,0.0,0.0,0.0,construction
nyt://article/4ac6e5da-5af4-51fd-966f-c8bb8d4b2513,1938-10-21,1938,TENEMENTS FIGURE IN SALES REPORTS; Banks Dispose of Multi-Family Properties in Scattered Sections of Manhattan ROW OF 3 FLATS IN DEAL Private Dwelling at 31 West 75th St. in New Hands After Two-Week Ownership,Archives,Archives,0,0.0258,0.032,0.0,0.968,0.0,0.0,0.0,construction
nyt://article/8aa1aa7f-64e8-502f-b3f2-38973bb2ee2a,1938-10-22,1938,Letters to The Times; Housing Authority Program Mr. Straus Explains General Policies Which Have Been Pursued Local Contributions Danger of Overcrowding Lower East Side Prices Politics Not for Judges Attention of Judiciary Is Called to the Bar Association Canon Professor Eugenio Colornl. Force vs. Reason Subway Delays,Archives,Archives,0,-0.8074,0.022,0.149,0.829,0.0,0.01923,-1.0,construction
nyt://article/ae6d1572-756d-57c4-80db-6248154324e2,1938-10-22,1938,BUILDERS DISCUSS VIEWS WITH LABOR; Contractors and Union Heads Confer on Wages and Costs in Washington PRIVATE HOUSING URGED Federal Slum Clearance Is Criticized as Futile by Realty Executive Union Officials Present Private Building Advocated Federal Activity Assailed,Archives,Archives,0,-0.872,0.038,0.225,0.737,0.02273,0.02273,0.0,construction
nyt://article/36a7d71f-c58b-55fe-b872-d619dbb31a53,1938-10-25,1938,Urges Bronx Slum Clearance,Archives,Archives,0,-0.5719,0.218,0.288,0.494,0.11765,0.11765,0.0,conflict
nyt://article/a8db79ca-70f8-5aac-bdae-d3ea9500edf7,1938-10-25,1938,WEST SIDE PARCELS LEAD CITY TRADING; Three West Street Properties Are Taken for Future Use as a Freight Terminal UPTOWN TENEMENTS SOLD Building Near Metropolitan's Housing Project Goes Into New Ownership,Archives,Archives,0,0.0,0.0,0.0,1.0,0.0,0.0,0.0,construction
nyt://article/276b0fa3-1cfd-52c3-9f69-416ab9d69140,1938-10-28,1938,Razing of Tenements on Lower East Side Brings Vacant Plots to Fifty-Year Peak,Archives,Archives,0,-0.5267,0.0,0.161,0.839,0.0,0.0,0.0,construction
nyt://article/01692079-524a-550c-a82d-e8a41b4cc6f6,1938-10-29,1938,"TENEMENTS SOLD IN TWO CITY AREAS; House at 145 Madison St., Conveyed by Bank, to Be Altered by Buyer 2D AVE. FLATS ARE TRADED Parcel Near East 72d St. in Deal--Other Transactions in Manhattan Realty",Archives,Archives,0,0.0,0.0,0.0,1.0,0.0,0.0,0.0,construction
nyt://article/3b84532d-a8a9-58fd-9430-2378f22a38ef,1938-10-30,1938,HOUSING PROJECT LEASED; Straus Turns Over Buildings to Atlantic City Authority,Archives,Archives,0,0.1531,0.14,0.0,0.86,0.0,0.0,0.0,construction
nyt://article/413b6f2e-be59-564a-a7f4-18687b06b85c,1938-11-01,1938,"102-FAMILY HOUSE SOLD IN THE BRONX; 6-StoryApartment at 1,625-31 Fulton Ave. Bought by Syndicate From Trust Co. TO IMPROVE INWOOD BLOCK Taxpayer Near Housing Project of Metropolitan Is Resold--Other City Deals",Archives,Archives,0,0.5106,0.167,0.078,0.755,0.0,0.0,0.0,construction
nyt://article/b1f20b86-a1f5-59b0-bdfb-9bffcbc04298,1938-11-02,1938,HOUSING PROJECT MAPPED; Low Cost Development Starts This Week Near Newark,Archives,Archives,0,-0.2732,0.0,0.077,0.923,0.0,0.0,0.0,construction
nyt://article/1f89bb23-b877-5e78-aaff-c1e1dcfdea11,1938-11-03,1938,"DEWEY ACTS CITED; Governor Says District Attorney Tried to Put Force on Exempt List RECKLESS' ERRORS HIT Executive Asserts He Has Resisted All Attacks on the Competitive System Proud"" to Stand on Record DEWEY CALLED FOE OF CIVIL SERVICE Elmira Speech Attacked Five Candidates With Governor Wagner Points to Housing Project Bennett Asks Support",Archives,Archives,0,-0.4404,0.155,0.166,0.679,0.0,0.0,0.0,construction
nyt://article/ff11cd9d-ec22-5b7d-8383-f4bbc7c5113c,1938-11-03,1938,"48-SUITE BUILDING SOLD IN YORKVILLE; $250,000 Property at 222-30 East 82d St. Is Acquired as an Investment DEAL AT 229 EAST 81ST ST. Tenement at 1,487 Amsterdam Ave. Also Among Parcels Traded in Manhattan",Archives,Archives,0,0.0,0.0,0.0,1.0,0.0,0.0,0.0,construction
nyt://article/5b66ab16-9d02-52f9-b244-29f64c9c539b,1938-11-04,1938,CORSI TO FIGHT SLUMS; Pledges End of Them Here in 10 Years If He Is Elected,Archives,Archives,0,-0.8807,0.057,0.347,0.597,0.03846,0.03846,0.0,construction
nyt://article/b33cf166-9348-57ff-8c08-101501a96144,1938-11-06,1938,COL. WALDO ESTATE BEING SUBDIVIDED; Consists of Several Hundred Acres at Garrison in Putnam County HOUSING PROJECT FOR RYE Syndicate Formed to Purchase--Acreage Plot for Medium Priced Homes,Archives,Archives,0,0.0,0.0,0.0,1.0,0.0,0.0,0.0,construction
nyt://article/c8167e8c-8e0c-570d-a49b-7eb29daf8a92,1938-11-06,1938,PLEA FOR AMENDMENT 4; 500 Clubs in State Urged to Aid in Slum Clearance,Archives,Archives,0,-0.3612,0.114,0.2,0.686,0.07143,0.07143,0.0,construction
nyt://article/40e9a44a-6d0e-5172-a4d8-d7f83ee38d70,1938-11-07,1938,"Letters to The Times; For Subsidized Housing Governmental Financial Aid Held Needed for Slum Clearance Worst Evils Attacked Another Objective Won Golf Course Fees Effects of Bill Feared TO THE PORTRAIT OF AN UNKNOWN MAN Objecting to 'Daggers' His Record, It Is Contended, Entitles Him to Re-election Favoring Senator Wagner",Archives,Archives,0,-0.875,0.12,0.246,0.634,0.01887,0.01887,0.0,construction
nyt://article/e9486180-5865-5b80-91c2-82bb6d9abf75,1938-11-13,1938,"RENTING OUTLOOK CALLED BRIGHTER; Market Held Up Well This Year Despite Conditions, Says Donald Jones FEDERAL SPENDING HAILED Slum Clearance Seen Paving Way for Private Enterprise in 1939 Helping Low-Income Groups Apartment Situation",Archives,Archives,0,0.7845,0.269,0.07,0.661,0.025,0.025,0.0,construction
nyt://article/cc099cdd-309f-5216-b67e-b965021686be,1938-11-16,1938,"MONTCLAIR DROPS HOUSING PROJECT; $1,000,000 Slum - Clearance Plan to Be Abandoned for 'Lack of Support' MAYOR IS DISAPPOINTED Opponents, However, Feared the New Structures Would Hurt Realty Values",Archives,Archives,0,-0.9287,0.147,0.362,0.491,0.025,0.05,-0.3333,conflict
nyt://article/6e149474-e1ef-5593-af53-5184cfc69fef,1938-11-20,1938,Belmont Estate Being Divided for Homes; First Houses Rise on Hempstead Property,Archives,Archives,0,0.0,0.0,0.0,1.0,0.0,0.0,0.0,construction
nyt://article/ee6f4eb6-dba9-57d5-b087-f1c142c88a68,1938-11-21,1938,Letters to The Times; Slum Clearance Handicaps High Prices for Property Held to Be Due to Overassessments High Assessments Remedy in City's Hands Measures of Defense Need Is Seen for Social Preparedness as Well as Armed Forces Brooklyn Court Undermanned Reprobating German Course Persecution Viewed as Self-Inflicted Blow to Whole Nation Not Available for Aliens Mountain Folk Need Clothing THE UNDEFENDED,Archives,Archives,0,0.0258,0.078,0.049,0.874,0.01493,0.01493,0.0,construction
nyt://article/f067fc57-101b-5e5f-81e8-e4c9d08026cd,1938-11-23,1938,"Moses Urges City to Spend $2,45,000,000 on Housing; His 3-Year Program Calls for Huge State Loan, an Added 1-Cent Tax on Cigarettes and Limited-Dividend Companies HUGE HOUSING PLAN OFFERED BY MOSES $180,000,000 for New Housing LOCATIONS OF HOUSING PROJECTS PROPOSED BY MOSES Limited Dividend Projects ST. MARY'S PARK Smith Sounds Warning Isaacs Hails Attack on Slums",Archives,Archives,0,-0.743,0.059,0.141,0.8,0.0,0.01471,-1.0,construction
nyt://article/88275cba-2c26-5d44-a28e-4329b79397ff,1938-11-26,1938,"HOUSING AUTHORITY PLANS QUEENS UNIT; Files for Four Buildings in Queensbridge Project for 540 Families COST PUT AT $1,940,000 Group of Small Houses to Be Erected by Building Concern in Queens Village Manhattan Alterations Brooklyn Queens",Archives,Archives,0,0.1531,0.06,0.0,0.94,0.0,0.0,0.0,construction
nyt://article/91c36514-9187-568e-bb43-77a444e4a426,1938-12-02,1938,CITY HOUSING WORK PRAISED BY VINTON; Chief Economist of USHA Hails Design and Economy Here,Archives,Archives,0,0.6249,0.268,0.109,0.623,0.04167,0.04167,0.0,construction
nyt://article/9c151dd5-65d4-5d76-8929-cf7296855bdb,1938-12-03,1938,Realty Expert Urges Private Purchase Of Land for Public Housing Projects,Archives,Archives,0,0.0,0.0,0.0,1.0,0.0,0.0,0.0,construction
nyt://article/675fa276-4e4a-50dc-91ad-654621553a2d,1938-12-04,1938,ORANGE HOUSING PROJECT; 100 Homes Planned on Colgate and Sequinn Estates,Archives,Archives,0,0.0,0.0,0.0,1.0,0.0,0.0,0.0,construction
nyt://article/2364c91f-5816-5d60-be0b-433c31da2f34,1938-12-06,1938,"STORE ADDS SECOND EAST SIDE PARCEL; Furniture Dealer Buys From Bank Tenement and Shops on Fourth Street FLAT WILL BE MODERNIZED I Five-Story Building Sold on Rivington St. -- Another on , East 73d St. to Be Altered",Archives,Archives,0,0.0,0.0,0.0,1.0,0.0,0.0,0.0,reform
nyt://article/7318f863-4e3f-57fe-b7d2-ecc7579079d1,1938-12-12,1938,Eden to Inspect Housing Projects Today; Spends Sunday With Friends in Country,Archives,Archives,0,0.7003,0.234,0.0,0.766,0.0,0.0,0.0,construction
nyt://article/9547b662-b34d-532e-bbfe-a72c6774d245,1938-12-13,1938,EDEN MAKES TOUR OF CITY'S HOUSING; Inspects Williamsburg and Red Hook Projects During Busy Day of Sight-Seeing DEPARTS FOR WASHINGTON Final Day of British Party's Visit Also Includes View of Metropolitan Art Tour Conducted by Straus Federal Share Explained Eden Kisses Tiny Pupil Downtown Crowd Applauds,Archives,Archives,0,0.8519,0.147,0.0,0.853,0.0,0.0,0.0,construction
nyt://article/5dbcacc0-9424-5221-993f-543252da96fb,1938-12-14,1938,"HEATING SALES GAIN; Slum Clearance Requires Less Equipment, Cutting Total",Archives,Archives,0,0.1725,0.335,0.293,0.372,0.1,0.1,0.0,construction
nyt://article/e4a181db-e8e8-524d-bf19-1dae045ec535,1938-12-14,1938,"HOUSING FUNDS' USE FOR SCHOOLS URGED; Board Committee Warns New Needs Created by Projects Are Beyond Its Means CURTAILED BUDGET CITED Priority Program to Stand Till Present Demand Is Met, Buck Declares",Archives,Archives,0,-0.25,0.039,0.098,0.863,0.0,0.0,0.0,construction
nyt://article/a0d7708e-72e7-56d1-b470-a4b3c40b04da,1938-12-15,1938,VACANT PLOT SOLD IN WEST 97TH ST.; Operators Acquire Site at No. 163 Which Had Not Been Traded in 30 Years SUITES PLANNED THERE Tenement at 30 East 3d St. Is Conveyed by Bank--Other Deals in Manhattan,Archives,Archives,0,0.0,0.0,0.0,1.0,0.0,0.0,0.0,construction
nyt://article/06cf2fea-4faf-552e-98c6-1b7304df9171,1938-12-17,1938,NEW LIGHT RATE AIDS LOW-COST HOUSING; Charitable Institutions' Cost Extended to Projects,Archives,Archives,0,0.4404,0.165,0.078,0.757,0.0,0.02632,-1.0,construction
nyt://article/6c12e3fb-6316-538e-a2bc-cbd90ae5f9eb,1938-12-17,1938,20 SAVED AT FIRE ON THE EAST SIDE; 10 Women and 10 Children Are Carried Down Ladders by Firemen at 401 E. 19th St.,Archives,Archives,0,-0.3612,0.072,0.136,0.793,0.0,0.0,0.0,construction
nyt://article/7c5341be-65fa-5d66-b321-4377366a30a5,1938-12-18,1938,PROGRAM OF C. I. O. IS PUT TO LEHMAN; Union Leaders Show Governor 24-Point Proposal Drafted for the Legislature WAGE-HOUR LAW INCLUDED More Rigid Anti-Injunction Statute and Child Labor Ratification Sought Other Items on Program Housing and Slum Clearance,Archives,Archives,0,-0.5095,0.038,0.099,0.863,0.02041,0.02041,0.0,construction
nyt://article/83dcd5cc-7bfe-5f1f-a826-557a14b0c719,1938-12-21,1938,TWO DEALS CLOSED IN FIFTY-FIFTH ST.; Eleventh Avenue Corner Tenements to Be Razed for Gasoline Station EAST SIDE PARCEL SOLD Guggenheim Interests Dispose of Building Occupied by a Night Club,Archives,Archives,0,0.25,0.065,0.0,0.935,0.0,0.0,0.0,construction
nyt://article/74ee194c-a3c3-5373-9663-7a572a69dcab,1938-12-24,1938,EAST SIDE TENEMENT IS CONVEYED BY BANK; Parcel at 626 East 5th St. Is Listed Among Day's Sales,Archives,Archives,0,0.0,0.0,0.0,1.0,0.0,0.0,0.0,construction
nyt://article/88c27f01-78f4-5660-b06b-021a5188c460,1938-12-25,1938,"ELEVEN CITY PARKS TO SHARE WPA FUND; More Than $1,000,000 Will Be Expended on 8 Areas Under Program Sent to Capital OTHERS GET LESSER SUMS Bicycle Paths, Picnic Grounds, Tennis Courts and Athletic Fields Are Projected Crotona Park Program Parks for Housing Projects",Archives,Archives,0,0.296,0.041,0.0,0.959,0.0,0.0,0.0,construction
nyt://article/f9a498e2-bf5a-5a34-96c8-5254be7fca11,1939-01-01,1939,"BLOCK PLAN URGED TO CLEAR SLUMS; Limited Dividend Groups Are Suggested for Remodeling of Old Tenements RENTS WOULD BE PEGGED Cigarette Tax Is Advised by Engineer, Who Praises Moses's Program",Archives,Archives,0,-0.5859,0.161,0.237,0.602,0.02703,0.02703,0.0,construction
nyt://article/ad6ba3da-6f2f-50b9-9680-9f34b6ac83a2,1939-01-04,1939,RUDLEY CHAIN GETS COMMUNITY CENTER; Stryker's Lane Neighborhood House Sells Old Home on West 52d Street GROUP OUTGREW QUARTERS Tenements in Harlem and on Lower East Side Change Hands in Day's Deals,Archives,Archives,0,-0.296,0.0,0.058,0.942,0.0,0.0,0.0,conflict
nyt://article/f1e440fa-e817-5f98-841a-79073ab99f09,1939-01-04,1939,ASKS 'REALISTIC' VIEW OF SLUM CLEARANCE; Gifford Group Sees Rehabilitation as Best Solution Now,Archives,Archives,0,0.7579,0.468,0.149,0.383,0.07143,0.07143,0.0,construction
nyt://article/7a2423aa-cc95-5d0d-9d7a-eba4d28a456a,1939-01-12,1939,"FORD HOUSING PLAN TOLD; Details Given for First Half of 1,200-Acre Dearborn Project",Archives,Archives,0,0.0,0.0,0.0,1.0,0.0,0.0,0.0,construction
nyt://article/7a2ed8ed-f3d3-57fe-a1e4-91e61b4e52d7,1939-01-12,1939,JERSEY UNION WAIVES HOUR FIGHT FOR USHA; Will Not Apply Demands to Housing Projects,Archives,Archives,0,-0.4019,0.046,0.134,0.82,0.0,0.0,0.0,construction
nyt://article/5f5bae0f-773f-5825-a3d8-0f6501321e11,1939-01-13,1939,"PUBLIC WORKS PLAN OUTLINED BY CHILE; Government Will Spend 500,000,000 Pesos Annually onFar-Reaching ProgramFINANCING IS A PROBLEMHousing Project Is AnnouncedAlong With Scheme to Feedand Clothe Poor Children",Archives,Archives,0,-0.6369,0.0,0.136,0.864,0.0,0.0,0.0,construction
nyt://article/f74044ae-d75d-5c02-ae0b-4cb8bdf6fcfd,1939-01-13,1939,STRIKE IS SETTLED AT HOUSING PROJECT; Carpenters Waive Objections to Prefabricated Molds,Archives,Archives,0,-0.128,0.0,0.12,0.88,0.0,0.0,0.0,conflict
nyt://article/0e32f216-57fb-5754-86c9-bf953d03d86f,1939-01-18,1939,VANDERBILT HOME SOLD IN FIFTH AVE.; Five-Story Residence Near 83d St. Was Bought by the Late Yachtsman in 1917 HAS 40-FOOT FRONTAGE Upper West Side and East Side Tenements Also Figure in Day's Realty Deals,Archives,Archives,0,0.0,0.0,0.0,1.0,0.0,0.0,0.0,construction
nyt://article/aa8d9c05-b350-51ed-89f5-9c2db111b7df,1939-01-22,1939,La Guardia Heads the List of Speakers For National Public Housing Conference,Archives,Archives,0,0.0,0.0,0.0,1.0,0.0,0.0,0.0,construction
nyt://article/cedeacf1-f61e-5b5c-ae8e-d93077bbaf9a,1939-01-22,1939,Clubs Set Forth Legislative Aims; Public Housing Continues to Lead as Objective of Two Women's Organizations,Archives,Archives,0,0.0,0.0,0.0,1.0,0.0,0.0,0.0,conflict
nyt://article/47868607-bff1-5565-8b63-ca855cf229e0,1939-01-24,1939,SEES SMALL TAX LOSS FROM PUBLIC HOUSING; Vinton Gives Formula for Cost to Community,Archives,Archives,0,-0.3182,0.0,0.15,0.85,0.0,0.0,0.0,conflict
nyt://article/d12a73df-489c-52ec-ae52-47aa2ff3be98,1939-01-29,1939,SHARP RISE IS DUE THIS YEAR IN LARGE-SCALE HOUSING; SMALL HOMES LEAD IN BUILDING UPTURN Builders Watch Experiments in Mass Production of Small Dwellings PUBLIC HOUSING 'ARRIVES' Some Improvement in Rentals and Sales Prices Anticipated by Realtors More Low-Cost Housing Rentals and Prices Firm Eyes Focused on Flushing SMALL HOMES LEAD IN BUILDING UPTURN Building Permits Rose,Archives,Archives,0,0.6808,0.092,0.0,0.908,0.0,0.0,0.0,construction
nyt://article/6f4a4259-1a9f-50fd-909a-5a8132d90041,1939-02-01,1939,"SLUM CLEARANCE TO SPEED IN 1939; Straus Says Work Will Begin This Year on Homes for About 75,000 Families USHA MAKES FIRST REPORT 140 Projects Are Covered by Loans and Funds Are Earmarked for 123 More",Archives,Archives,0,-0.3612,0.047,0.082,0.871,0.02564,0.02564,0.0,construction
nyt://article/e9c7a86c-6e69-5bfb-bd36-75be15deb769,1939-02-05,1939,OPEN HOME GROUPS ON LONG ISLAND; THREE LARGE-SCALE RENTAL-HOUSING PROJECTS BEING BUILT UNDER THE FHA MORTGAGE PLAN OPEN HOME GROUPS ON LONG ISLAND,Archives,Archives,0,0.0,0.0,0.0,1.0,0.0,0.0,0.0,construction
nyt://article/8924421b-b0f4-53d8-91d4-04a44845634d,1939-02-06,1939,LEGISLATORS STUDY WEST SIDE HOUSING; Phelps Takes Them on Tour to Impress Upon Them the Need for Slum Clearance Senator Desmond Impressed Phelps Praises Non-Partisanship,Archives,Archives,0,0.7845,0.254,0.078,0.668,0.02857,0.02857,0.0,construction
nyt://article/28a22e7b-4ff1-5b3a-8277-4fe0819172b1,1939-02-07,1939,TENEMENTS BOUGHT ALONG EAST SIDE; Operators Take Over Three 4-Story Houses in Cash Deal on Avenue A DON MARQUIS HOME SOLD Harlem Properties Purchased Include 33-Apartment House to Be Modernized,Archives,Archives,0,0.0,0.0,0.0,1.0,0.0,0.0,0.0,reform
nyt://article/392501ed-e1f5-53b9-99d6-5d12b8924bc7,1939-02-10,1939,"TRADING FEATURED BY UPTOWN DEALS; Tenements in Yorkville and Harlem Figure in Bulk of Manhattan Transfers 2,371 2D AVE. PURCHASED Greenwich Bank Conveys the 5-Story Apartment at 84 Lenox Ave. to Investor",Archives,Archives,0,0.0,0.0,0.0,1.0,0.0,0.0,0.0,construction
nyt://article/21c72743-f79e-527b-9a05-c6d2bf27ae0c,1939-02-11,1939,THE SCREEN; Dudley Murphy's Film of 'One-third of a Nation' Opens at the Rivoli--'Tail Spin' at Roxy,Archives,Review,1550,-0.9892,0.082,0.125,0.794,0.0,0.00369,-1.0,construction
nyt://article/1363a529-c172-59c0-ae4d-b60a34361cf0,1939-02-12,1939,"Children's Centers Linked To Great Housing Projects; They Provide Not Only a Place to Play but Health Service and Nursery Schools and, Besides, a New Community Interest",Archives,Archives,0,0.9052,0.271,0.0,0.729,0.02703,0.0,1.0,reform
nyt://article/2c6f0f93-8b21-5822-b749-34aed9a655a5,1939-02-14,1939,Activities in Real Estate; Building Owners Ask FHA to 'Go Slowly' In Approval of Rental-Housing Projects,Archives,Archives,0,0.4767,0.103,0.0,0.897,0.0,0.0,0.0,construction
nyt://article/9905c4f6-92ef-50cb-986b-f506e454fc24,1939-02-15,1939,CONTRACT AWARDED ON HOUSING PROJECT; Plans Pushed for First Units of Interlaken Apartments,Archives,Archives,0,0.6597,0.252,0.0,0.748,0.0,0.0,0.0,construction
nyt://article/7da5b5e5-059a-5017-9b0c-4a28c3ff63d0,1939-02-16,1939,HOUSING PROJECTS LEAD NEW PLANS; Metropolitan Life Files for More Units in Its Bronx Development HOMES ON BROOKLYN SITE Trump Extends Operations in East 58th St.--Theatre for Clinton Street,Archives,Archives,0,0.128,0.051,0.0,0.949,0.0,0.0,0.0,construction
nyt://article/a8edc44a-f641-53ea-81b5-af0b9a818c99,1939-02-18,1939,Housing Project Attracts Retail Stores; Old Landmark in Queens to Be Remodeled,Archives,Archives,0,0.4588,0.286,0.0,0.714,0.0,0.0,0.0,construction
nyt://article/f7b11f80-983f-5287-8966-42257a97394b,1939-02-20,1939,SUITES TO BE IN USE OCT. 1; Date Set for Completion of Bronx Housing Project,Archives,Archives,0,0.0,0.0,0.0,1.0,0.0,0.0,0.0,construction
nyt://article/2add3120-f24c-5325-add6-3694bf24c23f,1939-02-24,1939,36-ACRE ESTATE BOUGHT IN JERSEY; Holly Farm at Rumson Has Colonial Home Dating Back to the Revolution TRACT ON HUDSON SOLD 100-Year-Old Holding at Croton Will Be Cut Up for Housing Project,Archives,Archives,0,-0.2732,0.0,0.063,0.937,0.0,0.0,0.0,construction
nyt://article/415f3967-3b8a-59e5-b110-6962226d2e0d,1939-02-24,1939,"KIDNAP HIDE-OUT FOUND ON EAST SIDE; Police Identify the Tenement Where Boy, 4, Was Held Till Ransom Was Paid RENDEZVOUS NEXT DOOR Intermediary Shows Where He Dropped Money--Underworld Aid Is Sought",Archives,Archives,0,0.0,0.0,0.0,1.0,0.0,0.0,0.0,construction
nyt://article/e7d6a9eb-afba-5b6d-88f6-1abc26bcc6f9,1939-02-25,1939,"TWO FLATS BOUGHT IN EAST SIDE DEALS; Tenements at 2,055 and 2,095 First Avenue Acquired by Same Realty Firm 123 PARK ROW IS LEASED Builders Sell Apartment at 2,344 Davidson Avenue in Bronx Transaction",Archives,Archives,0,0.0,0.0,0.0,1.0,0.0,0.0,0.0,construction
nyt://article/61094884-085d-5489-80ac-9b380e66a8de,1939-02-28,1939,HOUSING 'VICTIM' CHIDES THE MAYOR; LAYING CORNERSTONE FOR BIG HOUSING PROJECT,Archives,Archives,0,-0.2732,0.0,0.075,0.925,0.0,0.0,0.0,construction
nyt://article/ec5765f6-dd9b-5e02-8f1a-829601cebdbc,1939-03-03,1939,JAMAICA SITE CHOSEN FOR HOUSING PROJECT; Land Already Acquired in Slum Area Near South Road,Archives,Archives,0,-0.5423,0.0,0.2,0.8,0.0,0.06667,-1.0,construction
nyt://article/5f3ed534-4921-5f96-8869-e88a590d95f3,1939-03-05,1939,TENEMENT REMODELED; East Side Structure Converted Into Small Apartments,Archives,Archives,0,0.0,0.0,0.0,1.0,0.0,0.0,0.0,construction
nyt://article/a78f59b7-9ea5-5e0b-912d-9533578f6468,1939-03-15,1939,"'POOR' EAST SIDE MAN DIES LEAVING $28,000; Retired Barber's Only Luxury Was Loudly Played Radio",Archives,Archives,0,-0.1779,0.079,0.102,0.82,0.0,0.0,0.0,construction
nyt://article/7876e366-edce-58f1-b424-565f92fe77c6,1939-03-17,1939,"WAGNER DEFENDS HOUSING EXPANSION; Senator Says Plan to Increase Slum Clearance Would Cost $44,000,000 a Year 'EASILY PAID OUT OF TAXES' These Are Figures, He Asserts, Which Stir Tydings 'Fears of National Bankruptcy'",Archives,Archives,0,-0.1531,0.163,0.154,0.683,0.0303,0.0303,0.0,crisis
nyt://article/1a86093c-76ca-537e-94ee-df977272ff00,1939-03-18,1939,"PRIOR LIEN LAW PUT TO SUPREME COURT; City Appeals for Validation for Safety of 2,000,000 in Old-Law Tenements NATIONAL PRECEDENT SEEN Question Is Linked With Slum Clearance Procedure in the Cities of the Country",Archives,Archives,0,0.5994,0.2,0.084,0.716,0.02941,0.02941,0.0,construction
nyt://article/8d440700-d984-565b-aabe-ed74a0a762c6,1939-03-19,1939,TREASURY STATEMENT,Archives,Archives,0,0.2023,0.231,0.0,0.769,0.0,0.0,0.0,construction
nyt://article/8ddadf7b-6c18-5848-a8f8-637c2b708368,1939-03-24,1939,OLD FLATS 6.1% VACANT; Average Shown in Study of 11 Typical Areas in Manhattan,Archives,Archives,0,0.0,0.0,0.0,1.0,0.0,0.0,0.0,construction
nyt://article/809cbdaa-3c7a-5192-8822-6bab7b8c2267,1939-03-29,1939,BACKS HOUSING AID BILL; National Group Urges Speedy Action on Slum Clearance,Archives,Archives,0,-0.4404,0.074,0.219,0.706,0.04348,0.04348,0.0,construction
nyt://article/ef6ca530-9774-58b9-ac58-b1237b487bf3,1939-04-01,1939,Owners in Tompkins Sq. Area Take Lead In Fire-Retarding Their Old Tenements,Archives,Archives,0,0.0,0.0,0.0,1.0,0.0,0.0,0.0,construction
nyt://article/be9885ad-7590-56db-ab91-177258933bab,1939-04-06,1939,Conventions of Realty Groups Will Study Public Housing and Problems of Taxation,Archives,Archives,0,-0.4019,0.0,0.197,0.803,0.0,0.0,0.0,construction
nyt://article/15badf4e-d44f-5f99-8542-09ac31621c8b,1939-04-07,1939,101-ROOM BUILDING SOLD ON EAST SIDE; Apartment House at 492-4 East Houston St. Is Taken Over by an Investor TRANSFER IN MADISON ST. Tenement at No. 218 Conveyed by Bank--Meister Buys 3 Harlem Properties,Archives,Archives,0,0.0,0.0,0.0,1.0,0.0,0.0,0.0,construction
nyt://article/67f9c746-19dc-5eb7-871d-5ee1cd2444d7,1939-04-11,1939,AN ASTOR RETURNS TO REALTY BUYING; Mrs. Spender-Clay Invests in East Side Apartment in All-Cash Transaction E. 12TH ST. TENEMENT SOLD Buyer From Emigrant Bank Will Alter 5-Story House for Twenty Families,Archives,Archives,0,0.0,0.0,0.0,1.0,0.0,0.0,0.0,construction
nyt://article/7173ce04-f3eb-5ca6-924f-12f640cf43dd,1939-04-12,1939,"HOUSING PROJECTS PUSHED IN HOLLAND; Jan Bommer, Here on a Visit, Tells of Clearing Slums Despite War Threats CITES GOVERNMENT AID Sub-Standard Dwellings Cut From 10 Per Cent to 4 Per Cent Under Program What War?"" He Asks Cellars of Old Days Cited",Archives,Archives,0,-0.3009,0.134,0.154,0.712,0.0,0.02,-1.0,construction
nyt://article/63940b08-7244-5cfb-9813-07e71f263ab3,1939-04-13,1939,TENANT GROUP AID BY STATE OPPOSED; Rheinstein and Backer Raise Objections to Proposal to Use Public Housing Funds CONFERENCE BACKS PLAN Resolution Favoring It Voted --Netherlands Expert Tells of Its Success Abroad,Archives,Archives,0,0.743,0.152,0.028,0.82,0.0,0.0,0.0,conflict
nyt://article/786624ee-fba3-5008-97f6-ca58bc4625a2,1939-04-15,1939,ARCHITECTS FILE BUILDING PLANS; Projects Include Groups of One-Family Dwellings for Brooklyn Sites STORES FOR BRONX PLOT Owners Plan Alterations in Tenement Properties in Manhattan,Archives,Archives,0,0.0,0.0,0.0,1.0,0.0,0.0,0.0,construction
nyt://article/98855eb0-ba2e-503a-a856-201b41aa2df3,1939-04-16,1939,"LOW-COST HOUSING CALLED PRIME NEED; First Consideration Should Be for Small Income Groups, Says H.U. Nelson SLUM CLEARANCE URGED Closer Cooperation Essential Between Government and Private Interests",Archives,Archives,0,-0.128,0.127,0.111,0.762,0.03704,0.03704,0.0,construction
nyt://article/ee3c36c0-3c4c-58e8-8e26-56354defd48d,1939-04-20,1939,YONKERS HOUSING BIDS IN; Psaty & Fuhrman Offer Lowest for 552-Family Apartments,Archives,Archives,0,-0.6369,0.0,0.224,0.776,0.0,0.0,0.0,construction
nyt://article/8df5a218-04a4-51f4-a643-2af18373f055,1939-04-21,1939,"FRANK E. WARREN, CIVIL ENIGNEER, 55; Construction Manager for the George A. Fuller Company Dies in Brooklyn 25 YEARS WITH THE FIRM Supervised Work on the U.S. Supreme Court Building-- Housing Project Chief",Archives,Archives,0,0.5574,0.093,0.0,0.907,0.0,0.0,0.0,construction
nyt://article/90af3cfb-9f54-5201-9a6d-9ae30fe1ce3b,1939-04-22,1939,"71 LOTS PURCHASED NEAR FAIR GROUNDS; Norman Zaubler Buys Site in Forest Hills for New Housing Project LAND IN AREA IN DEMAND Sales to Developers in Last Two Months Are Put at Total of $500,000",Archives,Archives,0,0.2023,0.062,0.041,0.897,0.0,0.0,0.0,construction
nyt://article/28a58f3b-1e45-55b2-a453-0917c487b450,1939-04-23,1939,Big Glass Contract Let For Bronx Development,Archives,Archives,0,0.0,0.0,0.0,1.0,0.0,0.0,0.0,construction
nyt://article/75309798-0765-5c0d-8e9c-bd299bd8a22b,1939-04-23,1939,HOUSING CONFERENCE CONVENES THIS WEEK; National Leaders to Study Steps for Slum Clearance,Archives,Archives,0,-0.6124,0.174,0.253,0.573,0.07143,0.07143,0.0,construction
nyt://article/e69aeacf-1e93-5e1f-8142-9c872c03b1ec,1939-04-23,1939,VAST LOW-RENT HOUSING PROJECT RISING IN LONG ISLAND CITY,Archives,Archives,0,0.0,0.0,0.0,1.0,0.0,0.0,0.0,construction
nyt://article/a36333dc-778e-59c9-9e05-de5bfd0b6c8f,1939-04-25,1939,WOULD MAP SLUMS TO GUIDE OWNERS; Housing Council Asks the City to Designate Areas Fit for Improvement LENDERS NOW 'HESITANT' Charting of Sections Not Needed for Slum Clearance Sought to Spur Remodeling. Approved by Realty Men Would Aid Orderly Growth,Archives,Archives,0,0.85,0.249,0.087,0.664,0.02,0.04,-0.3333,construction
nyt://article/1553a4d1-e446-526d-a3a4-66a8d9ea3c86,1939-05-02,1939,Lower East Side Making Steady Progress In Fire-Retarding Old Tenement Houses,Archives,Archives,0,0.1531,0.2,0.157,0.643,0.0,0.0,0.0,construction
nyt://article/1fd10c8a-f195-5fb0-915d-8517b93a151d,1939-05-04,1939,"TENEMENT HOUSES TRADED IN HARLEM; Investor Takes Over Group of 3 Buildings at 2,144 to 2,148 Seventh Ave. FLATS SOLD IN W.121 ST ST. Bank Disposes of Property at Nos. 219 and 221--Other Deals in Manhattan",Archives,Archives,0,0.0,0.0,0.0,1.0,0.0,0.0,0.0,construction
nyt://article/faf40dbf-3904-5b6e-8eeb-bcc825c447dd,1939-05-04,1939,Jersey Making Progress in Public Housing; 17 Low-Rental Projects Are Well Advanced,Archives,Archives,0,0.7351,0.406,0.0,0.594,0.0,0.0,0.0,construction
nyt://article/ea8a782e-9336-5139-a451-8be89d5f2306,1939-05-05,1939,"MODEL OF HOUSING DISPLAYED AT FAIR; Metropolitan Life's Project in Bronx to Be Known as 'Parkchester' SITE LINKED TO HISTORY Fifty-one Groups of Apartment Buildings Will House 12,000 Families",Archives,Archives,0,0.5574,0.106,0.0,0.894,0.0,0.0,0.0,construction
nyt://article/5a26725a-736c-5685-a3ba-591b29f0f009,1939-05-07,1939,"BUILDING FACULTY HOMES; $100,000 Being Spent by New York Military Academy",Archives,Archives,0,0.0,0.0,0.0,1.0,0.0,0.0,0.0,construction
nyt://article/62cff471-113d-57d0-bcf3-e85d8446f98c,1939-05-07,1939,"START HOUSING PROJECT; Low-Rent Operation in New Orleans to Cost $4,213,000",Archives,Archives,0,0.0,0.0,0.0,1.0,0.0,0.0,0.0,construction
nyt://article/3e58cdd5-6c36-5d5a-b96e-21a2c333cfe9,1939-05-11,1939,"APARTMENT HOUSE TO RISE IN 2D AVE.; Builder Buys Property at 106th St., Including Site for New Structure DEAL AT HOUSING PROJECT Multi-Family Parcel at 417 Grand St. Sold--26 West 97th St. Transferred",Archives,Archives,0,0.4588,0.086,0.0,0.914,0.0,0.0,0.0,construction
nyt://article/6f678acf-9023-5f98-8786-a8592a7324e1,1939-05-12,1939,SYNDICATE OBTAINS 604 WEST 115TH ST.; 7-Story Apartment House in Columbia University Area Passes to New Owners 152 WEST 75TH ST. SOLD Manhattan Deals Also Include Transfers of Tenement and Downtown Loft Building,Archives,Archives,0,0.0,0.0,0.0,1.0,0.0,0.0,0.0,construction
nyt://article/25fced9d-371b-52cf-b16a-4f42a44d8057,1939-05-13,1939,"2 QUEENS HOLD-UPS NET THUGS $13,000; One Contractor Loses $11,000 in Long Island City, Another $2,100 in Kew Gardens ROBBERIES WELL PLANNED Four Invade Office at Housing Project, Draw Pistols Then Escape With Loot",Archives,Archives,0,0.128,0.09,0.055,0.855,0.0,0.0,0.0,construction
nyt://article/78970bb1-cb6f-551c-bb98-69405be29b5f,1939-05-15,1939,Letters to The Times; 'Monopolistic' Advertising Testimony Before the TNEC Evokes Comment on Marketing Technique Horsing Project Favored Tenants of Old Buildings Look Forward to New Quarters More Policemen Wanted Keeping the Library Open Suggestion of Fee for Use of Special Rooms Is Endorsed Using Our Cotton Surplus The Law Aids Romance,Archives,Archives,0,0.8779,0.171,0.0,0.829,0.0,0.0,0.0,conflict
nyt://article/f63eee1f-48fc-5efe-93b5-9fb08a67e55f,1939-05-21,1939,ASKS COOPERATION IN FIGHT ON SLUMS; Donald T. Pomeroy Suggests Joint Action by Realtors and City Agencies MARKET TREND UPWARD Survey in Central Atlantic States Shows Promising Outlook for Realty,Archives,Archives,0,-0.7096,0.09,0.184,0.727,0.0,0.02326,-1.0,construction
nyt://article/2e0e0756-d4a5-5f63-8483-9331d3adb823,1939-05-25,1939,FOREIGN ZONE ACTS DEFENDED BY JAPAN; Spokesman Rejects the AngloAmerican Opposition to AnyChange in Policy NowHOLDS MOVES ARE LEGAL French Liner Aramis ReportedBoarded by Japanese andHeld for an Hour,Archives,Archives,0,-0.4019,0.038,0.081,0.882,0.0,0.0,0.0,conflict
nyt://article/a2030904-7ace-54ba-a19c-3e576bc7535b,1939-05-25,1939,"BIG GARAGE PLANNED IN HOUSING PROJECT; Metropolitan Life Files for $200,000 Bronx Unit",Archives,Archives,0,0.0,0.0,0.0,1.0,0.0,0.0,0.0,construction
nyt://article/eb64ae04-8a23-5dbd-aced-894e0361fda1,1939-05-26,1939,TENEMENTS ARE SOLD; East Side Properties Are Listed in New Ownerships,Archives,Archives,0,0.0,0.0,0.0,1.0,0.0,0.0,0.0,construction
nyt://article/9d85eb90-0571-530f-b12e-33a40e74681a,1939-05-28,1939,ARDSLEY ACREAGE OPENED FOR HOMES; Initial Group in Westchester Housing Project Will Be Ready in June,Archives,Archives,0,0.3612,0.143,0.0,0.857,0.0,0.0,0.0,construction
nyt://article/9fc1d283-918d-5907-943f-e811ce03ceb2,1939-05-28,1939,"MANY REALTY BILLS IN LEHMAN'S HANDS; Measures Relating to Taxes, Housing and Mortgages Adopted in Albany SLUM CLEARANCE AIDED Moratorium on Foreclosures Is Extended--Realty Security Buyers Protected Loan Moratorium Continued Must Meet Health Standards MANY REALTY BILLS IN LEHMAN'S HANDS Repeals Old Housing Law",Archives,Archives,0,-0.1531,0.137,0.13,0.733,0.02273,0.02273,0.0,reform
nyt://article/c4bffdab-7a98-5782-b203-56e3146f9dc3,1939-05-28,1939,"JERSEY DEAL PENDING; Syndicate Plans $500,000 Housing Project in Springfield",Archives,Archives,0,0.0,0.0,0.0,1.0,0.0,0.0,0.0,construction
nyt://article/a0b05a33-cc85-5b01-9db2-8e8e756f1a42,1939-05-31,1939,"172-Unit Model-Housing Project to Rise On Site of 'Jungle' in North Bergen, N.J.",Archives,Archives,0,0.4019,0.109,0.0,0.891,0.0,0.0,0.0,construction
nyt://article/20e21009-b074-5768-8462-2be82db7af4c,1939-06-04,1939,RHEINSTEIN QUITS CITY HOUSING POST; Chairman of Commission to Give Whole Time to State and U.S. Slum Clearance TO STAY WITH AUTHORITY He Sent Resignation to Mayor Several Weeks Ago--Press of Work on 2 Jobs Too Heavy Dual Job Too Much for One Means to Assure Pay Studied,Archives,Archives,0,-0.5719,0.093,0.154,0.753,0.01887,0.01887,0.0,construction
nyt://article/18749424-5f0a-5f7e-85ba-014732c4032f,1939-06-08,1939,"CORNERSTONE LAID AT EASTCHESTER; Ceremony Marks Progress on $2,500,000 Housing Project in Westchester County PLANNED FOR 52 FAMILIES Tenants Will Have Access to 60-Acre Lake for Swimming and Skating",Archives,Archives,0,0.4215,0.091,0.0,0.909,0.0,0.0,0.0,conflict
nyt://article/66a144d0-8479-5985-a918-0b60bd65c3d4,1939-06-11,1939,"WINNERS SELECTED IN PHOTO CONTEST; Picture of Forlorn Tenement Entitled 'Allen Street, Rear' Wins First Prize SLUM CLEARANCE AIDED Awards Will Be Made Thursday at Museum of theCity of New York Awards to Be Made Thursday Personnel of Judges",Archives,Archives,0,0.9403,0.35,0.061,0.589,0.02381,0.02381,0.0,construction
nyt://article/f3a72f4a-4ff4-588f-a9e3-878c5ce524f4,1939-06-11,1939,ROYAL GUESTS VISIT THE IRISH EXHIBIT; King Puts Queries About the Display Depicting Slum Clearance Program QUEEN PRAISES OFFICIALS Both Sign Names on Special Page in Book Reserved for Distinguished Persons,Archives,Archives,0,0.5574,0.186,0.08,0.734,0.02778,0.02778,0.0,construction
nyt://article/a52188dc-170a-52a0-8dda-dbfcd0194935,1939-06-13,1939,FIGHT NAVY YARD SLUMS; Residents of Brooklyn Area Urge Better Housing,Archives,Archives,0,-0.4215,0.227,0.279,0.494,0.04348,0.04348,0.0,reform
nyt://article/2daff4d3-b00a-5ca6-a267-6c2eb62fd1c6,1939-06-17,1939,"SITE IN KEARNY, N.J., BOUGHT FOR HOUSING; Owner Plans 8 Garden-Type Low-Rent Apartments",Archives,Archives,0,0.0,0.0,0.0,1.0,0.0,0.0,0.0,construction
nyt://article/95cafbad-75b2-56fe-b4ac-29501f854718,1939-06-22,1939,"LAND VALUE FIXED IN CORLEARS SLUM; Tentative Award Is $1,594,437 for Site of Federal and City Housing Projects COURT ACTION IS SPEEDY Reaches Total $170,563 Less Than Assessed Valuation-- Protests to Be Heard",Archives,Archives,0,-0.0258,0.201,0.183,0.616,0.0,0.0,0.0,conflict
nyt://article/f813a0ee-2b5c-5db6-b067-80fc9a31f9b5,1939-06-22,1939,"MAYOR BACKS WPA TO SOCIAL WORKERS; La Guardia Flies to Buffalo and Tells Plea He Will Make in Washington Today ASKS SHORTER WORK WEEK Public Housing, Child Labor and Wages and Hours Law Are Other Topics Discussed",Archives,Archives,0,-0.0516,0.0,0.027,0.973,0.0,0.0,0.0,construction
nyt://article/c96bbfb2-212a-5965-afb6-5f70a54cd3bc,1939-06-25,1939,"GRANTS $30,193,000 FOR NEW HOUSING; President Approves Projects for Jersey City, Newark, Harrison and New HavenLOANS PASS $460,000,000 USHA Aid for Slum ClearanceIncludes Reconstructionof 25 Areas",Archives,Archives,0,0.0258,0.118,0.09,0.793,0.0,0.02941,-1.0,construction
nyt://article/1b642090-c837-52ed-a57a-9f7634c317b6,1939-06-28,1939,"HARLEM TENEMENT IS SOLD BY ESTATE; House With Five Stores at 1,766 Madison Ave. Goes Into New Ownership DEAL AT 308 E. 121ST ST. Two Properties Forming El at 2d Ave. Deeded by Bank-- Other Manhattan Sales",Archives,Archives,0,0.0,0.0,0.0,1.0,0.0,0.0,0.0,construction
nyt://article/b453c99d-d5f9-5f74-b58e-05566b6c987c,1939-06-30,1939,Lotteries for Chicago Housing,Archives,Archives,0,-0.3612,0.103,0.179,0.718,0.0625,0.0625,0.0,construction
nyt://article/29d55eb7-a96c-5b85-ad62-caa37b2606ff,1939-07-03,1939,TENEMENT HOUSES SOLD IN MANHATTAN; Harlem and East Side Flats Figure in the Trading,Archives,Archives,0,0.0,0.0,0.0,1.0,0.0,0.0,0.0,construction
nyt://article/614f8c3e-e5ef-55d9-970c-618ade8684ee,1939-07-04,1939,"MANHATTAN DEALS LED BY INVESTORS; Bulk of Trading is Concerned With Tenements and Small Residential Parcels 70 WEST 107TH ST. BOUGHT Flats Assessed at $40,000 Go to Syndicate--House at 177 Sullivan St. Sold",Archives,Archives,0,0.0,0.0,0.0,1.0,0.0,0.0,0.0,construction
nyt://article/0461a1e2-43d2-5ae0-a22d-e5d5a1ca4844,1939-07-09,1939,"I.L.SEIDE, 51, DIES; REALTY APPRAISER; Expert Was Often Retained by City--Aided Corlears Hook Housing Project COOLIDGE CLUB ORGANIZER Member of Republican County Committee--Candidate for Assembly in 1914",Archives,Archives,0,0.0258,0.041,0.0,0.959,0.0,0.0,0.0,construction
nyt://article/a4398c2c-610d-52ac-9bbc-b01702493794,1939-07-13,1939,Article 1 -- No Title,Archives,Archives,0,-0.296,0.0,0.196,0.804,0.0,0.0,0.0,construction
nyt://article/5968441b-c5d5-5d98-a0df-7ca310fcc0f1,1939-07-20,1939,"TENEMENT HOUSES FEATURED IN SALES; Buildings in Scattered Areas of Manhattan Are Passed to New Ownership 3,820 BROADWAY BOUGHT Investor Takes Over 38-Suite Elevator Apartment--General Foods Renews Lease",Archives,Archives,0,0.0,0.0,0.0,1.0,0.0,0.0,0.0,construction
nyt://article/1df25998-5795-5e71-8a28-b73c73cb5224,1939-07-21,1939,EAST SIDE PARCELS IN NEW OWNERSHIP; Five Tenement Properties in Downtown Area Bought by Management Firm DENTIST BUYS DWELLING Dr. Paymer Takes Over House at 126 E. 73d St. for Use as Home and Office,Archives,Archives,0,0.0258,0.031,0.0,0.969,0.0,0.0,0.0,construction
nyt://article/14f0c3d6-aafe-5d94-8c2a-34b120fd7d05,1939-07-25,1939,Scot Inspects City Housing,Archives,Archives,0,0.0,0.0,0.0,1.0,0.0,0.0,0.0,construction
nyt://article/3ce6cb67-f836-518d-92de-4b04ecec3c1a,1939-07-26,1939,VETOES ILLINOIS LOTTERY; Horner Finds Slum Clearance Fund-Raising Plan Illegal,Archives,Archives,0,-0.7269,0.117,0.415,0.468,0.09091,0.09091,0.0,construction
nyt://article/e82c9815-42a1-5b1e-ba7d-fc25a62daacc,1939-08-01,1939,RAZING 75 OLD BUILDINGS; Workmen Start Slum Clearance in South Jamaica,Archives,Archives,0,-0.3612,0.138,0.241,0.621,0.09091,0.09091,0.0,construction
nyt://article/2dab1f1f-83f7-5cc0-9359-0dfef0402456,1939-08-02,1939,"PRESIDENT REPORTS; Shelving of Works Plan Will Keep Relief and Taxes High, He Says PUTS ONUS ON CONGRESS He Warns Housing Bill Loss Will Bar Slum Clearance for Smaller Communities",Archives,Archives,0,-0.7506,0.101,0.268,0.631,0.05714,0.02857,0.3333,reform
nyt://article/64a49098-507e-5e02-bf50-8a3d3949fd8d,1939-08-03,1939,"LENDING BILL FATE BLASTS CITY PLANS; Hope Fading for $65,000,000 Battery Tunnel and Housing Projects, Officials Say",Archives,Archives,0,-0.0258,0.094,0.097,0.809,0.0,0.0,0.0,construction
nyt://article/cfaf91b2-dd74-5c47-8f6c-ef2a64d31c73,1939-08-08,1939,Shortage Noted of Experienced Managers To Handle New Public-Housing Projects,Archives,Archives,0,-0.4588,0.0,0.174,0.826,0.0,0.0,0.0,construction
nyt://article/8fb24d93-39f0-5fe3-8dab-816239905e10,1939-08-15,1939,"HOUSING BID APPROVED; Laying Foundations in Corlears Hook to Cost $454,913",Archives,Archives,0,0.6808,0.237,0.0,0.763,0.0,0.0,0.0,construction
nyt://article/bd7e4b9b-f69b-5f4b-84da-2ddab8b05f75,1939-08-16,1939,LOWER EAST SIDE SCENE OF TRADING; Group of Three Tenements at 4th St. and Avenue C Sold by Realty Firm 57 EAST 93D ST. DEEDED Dr. Herbert Parsons Buyer of Private Dwelling--Other Deals in Manhattan,Archives,Archives,0,-0.296,0.0,0.061,0.939,0.0,0.0,0.0,construction
nyt://article/49c9348c-04dd-565d-96fb-d57266fc407d,1939-08-19,1939,ARCHITECTS FILE BUILDING PLANS; New Housing Projects Include a 66-Family Apartment for Brooklyn Site,Archives,Archives,0,0.0,0.0,0.0,1.0,0.0,0.0,0.0,construction
nyt://article/71678faa-cff0-53dd-bc6c-9319b725e517,1939-08-19,1939,Utility Rate Cuts to Aid Public Housing; Revolutionary Landmark Sold in Jersey,Archives,Archives,0,0.0258,0.232,0.119,0.649,0.0,0.0,0.0,construction
nyt://article/16b290c9-a71b-5b20-a3f3-6340da683fef,1939-09-01,1939,WAR THREAT IN EUROPE HASTENED THEIR RETURN; Ponce Slum Clearance Plan Awaits USHA Order to Start,Archives,Archives,0,-0.8934,0.174,0.377,0.449,0.08,0.08,0.0,construction
nyt://article/1d5f1a2a-628c-561a-b33e-a6f69559bc41,1939-09-11,1939,NEWS OF METROPOLITAN REAL ESTATE; BRONX SITE BOUGHT FOR NEW TAXPAYER Plot on Olmsfead Ave. Near Big Housing Project Will Be Improved DEAL ON CLAREMONT AVE. Invesfor Buys Six-Story Flat From Operator-Dwelling Sold by Builders,Archives,Archives,0,0.3612,0.068,0.0,0.932,0.02857,0.0,1.0,reform
nyt://article/63f1dcb7-7c85-51e0-b7ae-d880d12003db,1939-09-25,1939,TO PRESS FOR MOUSING; National Conference to Seek New Projects Despite the War,Archives,Archives,0,0.1645,0.218,0.148,0.634,0.05556,0.05556,0.0,construction
nyt://article/03a8f3da-017e-53de-8bb1-64c9b731f4de,1939-09-29,1939,RENTS ARE ADOPTED FOR HOUSING PROJECT; Schedules Announced for Huge Bronx Development,Archives,Archives,0,0.3182,0.108,0.0,0.892,0.0,0.0,0.0,construction
nyt://article/21c126c2-4d42-594b-b0fc-e92fd11ccf2e,1939-10-01,1939,ARTHUR T. REMICK; New Yorker Dies as He Tours Federal Housing Project,Archives,Archives,0,0.0,0.0,0.0,1.0,0.0,0.0,0.0,construction
nyt://article/15725799-8430-5ba9-ba37-388e8241bcd7,1939-10-07,1939,"Mystery Strike Halts Bronx Housing Job; $50,000,000 Work Tied Up by 100 Men; MYSTERY WALKOUT HALTS HOUSING JOB",Archives,Archives,0,-0.6486,0.0,0.156,0.844,0.0,0.0,0.0,construction
nyt://article/be18cea7-ee81-5641-8c9f-4c9f3169389e,1939-10-13,1939,SPURS HOUSING PROJECT; Atlantic City Begins Buying Site With Federal Funds,Archives,Archives,0,0.0,0.0,0.0,1.0,0.0,0.0,0.0,construction
nyt://article/91a7c2a5-77b3-54c0-bd4d-7e90b6b70888,1939-10-14,1939,"PRIVATE HOUSES FIGURE IN SALES; Three-Story Dwellings of 12 Rooms in Harlem Will Be Occupied by Buyer 5-STORY TENEMENT SOLD Metropolitan Life Disposes of Lower East Side Property Assessed for $24,000",Archives,Archives,0,-0.296,0.0,0.068,0.932,0.0,0.0,0.0,construction
nyt://article/6d8a9d2d-44e3-5c78-b34e-1e4649dfc86c,1939-10-15,1939,OPEN COST CENTER TO AID BUILDERS; Will Give Information on LowCost Housing Projects,Archives,Archives,0,0.0,0.0,0.0,1.0,0.0,0.0,0.0,construction
nyt://article/b22e8a25-d3a1-5a47-929b-ac613ee64bad,1939-10-16,1939,OPPOSES PUBLIC HOUSING; Bronx Realty Leader Says That Borough Does Not Need It,Archives,Archives,0,-0.4215,0.0,0.113,0.887,0.0,0.0,0.0,conflict
nyt://article/09157c5c-5d72-514d-91ea-3bc5fde755d2,1939-10-21,1939,EAST SIDE PARCELS FIGURE IN BUYING; Trustee Sells 27-Family House With Four Stores at 49-51 Prince Street TWO TENEMENTS TRADED Buyer of Second and Division Streets Properties Intends to Improve Them,Archives,Archives,0,0.5994,0.145,0.0,0.855,0.0,0.0,0.0,construction
nyt://article/245b4e33-eb35-5f85-94a3-12d0b2c79a66,1939-10-23,1939,INVESTORS ACTIVE ON SECOND AVENUE; Tenement Properties Bought for Modernization in Upper East Side Area HOLC SELLS MANY HOUSES Federal Agency Disposes of Dwellings in Scattered Sections of Bronx,Archives,Archives,0,0.4019,0.088,0.0,0.912,0.0,0.0,0.0,reform
nyt://article/32367b0d-a411-58c7-a772-04e7aae49f8b,1939-10-23,1939,INSURANCE REDUCED ON HOUSING PROJECTS; USHA to Pass On the Savings to Low-Income Tenants,Archives,Archives,0,0.0,0.0,0.0,1.0,0.0,0.0,0.0,conflict
nyt://article/bfd7d06c-62c9-5614-b6f3-4383b9fd953c,1939-10-24,1939,185 FAMILIES ENTER NEW HOUSING PROJECT; Less Confusion Attends Second Moving Day in Queens,Archives,Archives,0,-0.228,0.0,0.101,0.899,0.0,0.0,0.0,construction
nyt://article/16427e97-c834-5526-8bf4-748a119b5802,1939-10-26,1939,MAYOR ACCLAIMS HOUSING PROJECT; INFORMAL WELCOME TO TENANTS AT QUEENSBRIDGE HOUSES,Archives,Archives,0,0.4588,0.176,0.0,0.824,0.0,0.0,0.0,conflict
nyt://article/b4e2f4a2-fdf6-54a5-af12-bd7dc52ed743,1939-10-30,1939,"NEW USHA PROGRAM SAVES 2 P.C. IN COST OF PUBLIC HOUSING; Financing During Construction Period to Be by Notes Sold on Competitive Bidding RATE OF P.C. EXPECTED This, on Short-Term Basis, Compares With Federal Interest Charge of 3 to 3 % $50,000,000 Issue Due Soon Plan Acclaimed by Straus HOUSING COSTS CUT BY NEW USHA PLAN",Archives,Archives,0,0.7003,0.103,0.027,0.87,0.0,0.0,0.0,construction
nyt://article/55e3dd32-3580-5de1-945a-a58ebbbf2eac,1939-11-01,1939,"LOW BID OF $4,605,659 IS MADE ON HOUSING; City Sends Tenders on Vladeck Project to the USHA",Archives,Archives,0,-0.128,0.056,0.073,0.871,0.0,0.0,0.0,construction
nyt://article/e29f3912-c817-5b6a-b471-69a17cc3783c,1939-11-01,1939,HOUSING CONTRACTS LET; Asbury Park Clearance Project to Be Started Next Week,Archives,Archives,0,0.296,0.246,0.129,0.625,0.09524,0.04762,0.3333,construction
nyt://article/de166e5a-ba98-5b96-ab48-58fdd425d837,1939-11-02,1939,"USHA TO CONTINUE ON PRIVATE FUNDS; Straus Says $50,000,000 Loan With Government Backing Will Be Offered Soon ISSUES TO BE HALF-YEARLY $521,317,000 Program Reviewed--Roosevelt, LaGuardia Hail Results",Archives,Archives,0,-0.4404,0.096,0.094,0.809,0.01852,0.01852,0.0,construction
nyt://article/65b5d339-9395-56b9-b82a-b50b56efca74,1939-11-05,1939,NEW ISSUES FROM AFAR; South American Stamps Direct Attention to Housing Projects,Archives,Archives,0,0.0,0.0,0.0,1.0,0.0,0.0,0.0,construction
nyt://article/a80b20dd-799b-5cb7-bad1-c5cc0181fc1c,1939-11-05,1939,"NEW BEAUTY FOR OLD EAST SIDE; Parks, Playgrounds and New Drive Reclaiming The Drab Waterfront Arterial Highway NEW BEAUTY FOR OLD EAST SIDE Service Streets Planned Residents Avidly Watch Pageant of the Water",Archives,Archives,0,0.7269,0.165,0.06,0.775,0.02041,0.02041,0.0,construction
nyt://article/45cde95e-959a-5cc7-b1de-ef9b1943f18d,1939-11-06,1939,APARTMENT SOLD ON THE EAST SIDE; Six-Story Building at 40 East Seventy-second Bought by Stanley Guzak FLATS ON FIRST AVE. TO GO Two Tenements on Twentythird St. Corner Will BeRazed for Gas Station,Archives,Archives,0,0.0,0.0,0.0,1.0,0.0,0.0,0.0,construction
nyt://article/1797a759-eda3-50c3-903d-6dde6bca71f8,1939-11-12,1939,200 Colleges Now Are Offering Varied Courses in Public Housing; Educational Institutions Are Giving Recognition to Wider Interest in This Problem--New York State Takes Lead,Archives,Archives,0,0.6597,0.178,0.0,0.822,0.0,0.0,0.0,construction
nyt://article/56ed56b0-a03f-5681-92ab-00d70a6f5271,1939-11-12,1939,"'CITY WITHIN CITY' FAST TAKING FORM; Vast Private Housing Project for 12,200 Families Under Construction on 129-Acre Landscaped Site in the Bronx",Archives,Archives,0,0.4215,0.094,0.0,0.906,0.0,0.0,0.0,construction
nyt://article/b1bf4254-87a2-55a0-a99d-db8a75c64788,1939-11-13,1939,4 BUILDINGS SOLD BY SAVINGS BANK; Investor Acquires Tenement Houses on Third Avenue From the Bowery DEAL ON EAST 66TH ST. Buchtenkirk Family Adds Flat to Holdings and Will Modernize It... Washington Heights Deal Enlarges East Side Holdings,Archives,Archives,0,0.0,0.0,0.0,1.0,0.0,0.0,0.0,reform
nyt://article/07f8d5c2-cf8a-515d-8256-8cbbfd4f9838,1939-11-15,1939,To Mark Vladeck Houses Start,Archives,Archives,0,0.0,0.0,0.0,1.0,0.0,0.0,0.0,construction
nyt://article/7dcd626e-434d-58b7-b954-818d2e65e813,1939-11-16,1939,USHA APPROVES BID FOR VLADECK HOUSES; George A. Fuller Company Will Erect East Side Dwellings,Archives,Archives,0,0.6597,0.205,0.0,0.795,0.0,0.0,0.0,construction
nyt://article/ff201616-8194-5224-98e4-f9acc5208ce5,1939-11-16,1939,"BRONX PROPERTIES IN ACTIVE TRADING; Investor Acquires Control of Large Apartment House at 1,804 Harrison Ave. BUSINESS PARCEL BOUGHT New Owner Plans Alterations in Starling Ave. Building Near Housing Project",Archives,Archives,0,0.4019,0.085,0.0,0.915,0.0,0.0,0.0,construction
nyt://article/0fb3abfe-2f0f-578c-8056-1f4277652fda,1939-11-23,1939,"2 TENEMENTS SOLD IN UPPER EAST SIDE; Realty Firms Are Principals in Transfer of Houses in Ninety-sixth St. 2,107 EIGHTH AVE. TRADED Store-Apartment Building Is Deeded by Estate--Other Manhattan Transactions",Archives,Archives,0,0.0,0.0,0.0,1.0,0.0,0.0,0.0,construction
nyt://article/8368dc82-6366-5329-8002-72be930f9bf1,1939-11-24,1939,ELECTRICIANS ACCEPT CUT; Elizabeth Local Votes $8-Day to Aid Housing Projects,Archives,Archives,0,0.4215,0.196,0.084,0.72,0.0,0.0,0.0,construction
nyt://article/a513aa58-e75b-5cce-b7ff-5c4eef05f411,1939-11-24,1939,VLADECK HOUSES,Archives,Archives,0,0.0,0.0,0.0,1.0,0.0,0.0,0.0,construction
nyt://article/c8b76fd5-0d98-5d88-89bc-fb255300eb71,1939-11-25,1939,East Side Tenement Is Sold,Archives,Archives,0,0.0,0.0,0.0,1.0,0.0,0.0,0.0,construction
nyt://article/1e107378-cd64-5833-adcc-354e86629b03,1939-11-28,1939,EAST SIDE TRADES FEATURE SELLING; Seven-Story Business Building Near Roosevelt Shrine Bought From Bankers Trust Co. HARLEM TENEMENT SOLD Buyer Takes Over Structure of 3 Stores and 28 Apartments on East 124th St.,Archives,Archives,0,0.5106,0.093,0.0,0.907,0.0,0.0,0.0,construction
nyt://article/35d79e08-05d5-5d70-854f-a048ae8a3104,1939-11-30,1939,Lower East Side Tenements Modernized; Mortgages Made at Low Interest Rates,Archives,Archives,0,-0.0772,0.196,0.281,0.523,0.0,0.0,0.0,reform
nyt://article/77df039f-74f1-522b-8d54-02a59913a834,1939-12-07,1939,Blockfront of Old Flats Undergoes Change; Small Cities Participate in Slum Clearance,Archives,Archives,0,-0.3612,0.129,0.226,0.645,0.08333,0.08333,0.0,construction
nyt://article/d370881f-d6d1-5574-bd5d-c6b3011fb6a1,1939-12-09,1939,Citizens Council Criticizes Land Costs And Size of Navy Yard Housing Project,Archives,Archives,0,-0.5859,0.0,0.194,0.806,0.0,0.0,0.0,construction
nyt://article/54861171-e65e-5c56-8b60-e4d9680206ce,1939-12-10,1939,"USE SWEEPS PRIZE FOR NEGRO HOUSING; Couple Repay Relief Board, Then Devote $80,000 to Their Race in Philadelphia HOME FOR 100 FAMILIES Playground, Gymnasium, Social Hall and Chapel Providedin Slum-Clearance Project",Archives,Archives,0,0.8934,0.24,0.0,0.76,0.02439,0.0,1.0,reform
nyt://article/169bb3eb-f6e2-5cbb-96cf-d3cfc74365ff,1939-12-12,1939,"WILL RICE AMON, AN ARCHITECT, 40; Member of Firm of Amon & Grieshaber, One of Designers of Housing Project Here",Archives,Archives,0,0.0,0.0,0.0,1.0,0.0,0.0,0.0,construction
nyt://article/7ff47c13-933a-5c13-b905-c7d282de0808,1939-12-12,1939,HOUSING PROJECT IS SPED; South Jamaica Group for Negro Families to Open July 15,Archives,Archives,0,0.0,0.0,0.0,1.0,0.0,0.0,0.0,construction
nyt://article/8bcfc3af-f357-5ef1-bd3e-affdf712ae5b,1939-12-12,1939,USHA Is Planning Rural Slum Clearance To Supplement Urban Housing Program,Archives,Archives,0,-0.6124,0.174,0.304,0.522,0.125,0.125,0.0,construction
nyt://article/9520c739-e742-55ab-b1ae-4c2cfe296493,1939-12-13,1939,Public Housing Project Opposed in Greenpoint,Archives,Archives,0,0.2023,0.122,0.0,0.878,0.0,0.0,0.0,conflict
nyt://article/61da7493-a64c-5a51-9735-51b740448cfd,1939-12-17,1939,"67,000 SHADES ORDERED; Washable Type for Windows in Parkchester Apartments",Archives,Archives,0,0.0,0.0,0.0,1.0,0.0,0.0,0.0,construction
nyt://article/394420ed-52e3-5fd9-8cb3-14bb190f7614,1939-12-21,1939,STEP IN SLUM CLEARANCE; Council to Get Reports on Wide Private Enterprise Effort,Archives,Archives,0,-0.3612,0.103,0.179,0.718,0.0,0.0625,-1.0,construction
nyt://article/bb9bba06-451c-5d40-862a-ebdb3c490161,1939-12-31,1939,Spring Housing Projects for Birds May Best Be Started in Winter; Well-Built Homes Will Entice to the Garden Many Winged Enemies of the Plant Insects,Archives,Archives,0,0.25,0.138,0.105,0.757,0.0,0.0,0.0,construction
nyt://article/a7418fb8-0d19-58af-99f7-82dba1cd5fa1,1940-01-02,1940,Seniors E valuate Queens Slum Aid; Borough College Group Is Making Study of Housing Projects,Archives,Archives,0,-0.5423,0.0,0.2,0.8,0.0,0.06667,-1.0,construction
nyt://article/a39fc4d9-f096-5b74-bc23-f98b04c050af,1940-01-07,1940,Settlement Aids Home Planners; Prospective Tenants of New Vladeck Houses Get Help at Henry St. Center,Archives,Archives,0,0.4019,0.091,0.0,0.909,0.0,0.0,0.0,conflict
nyt://article/48b21bb7-a787-57dc-b910-d4323d0247d7,1940-01-09,1940,HOUSING PROJECT DELAYED; Mayor Says High Land Values Bar Chelsea Building,Archives,Archives,0,0.4939,0.262,0.152,0.586,0.0,0.0,0.0,construction
nyt://article/fbf6e006-1d95-599c-8aef-6f1bad0a7329,1940-01-09,1940,MANY SALES MADE ON THE EAST SIDE; Sam Minskoff Gets Final Parcel Needed for His l9-Story Apartment House CHURCH ALSO GETS A SITE Various Tenements and Flats in the Section Change Hands in Transactions,Archives,Archives,0,0.0,0.0,0.0,1.0,0.0,0.0,0.0,construction
nyt://article/e408e693-f2f1-507e-88ad-e8fbb45d7d14,1940-01-14,1940,"'WILD' LAND PRICES HAMPER HOUSING; 'Ambulance-Chasers' Foster 'Delusion' Among Owners, Mayor Is Informed CITY INQUIRY ORDERED Authority Asks Herlands to Prepare Criminal Charges in Navy Yard Cases",Archives,Archives,0,-0.5994,0.054,0.114,0.832,0.0,0.0,0.0,construction
nyt://article/35ba88ae-3ce9-56d8-b39f-7ad640c4dc9e,1940-01-15,1940,HOUSING AID SHAPED FOR MIDDLE CLASS; State Bills Look to Low-Rent Projects Financed by Banks and Insurance Companies TAX EXEMPTION THE LURE Levies Would Be Imposed Only on Land--Measures Have Bipartisan Support,Archives,Archives,0,0.34,0.059,0.028,0.913,0.0,0.0,0.0,construction
nyt://article/cc8f9ecc-0a4b-542a-b87d-b73cda35324e,1940-01-17,1940,"SEES BIG LOSSES FOR HOLC; Dirksen Tells Congress 207,559 Borrowers Are in Default",Archives,Archives,0,-0.1531,0.076,0.097,0.827,0.0,0.0,0.0,construction
nyt://article/ee979ad1-2586-517c-851f-72125eb4dcc9,1940-01-17,1940,OLD HOLDING SOLD BY LORILLARD KIN; Grandchildren of Tobacconist Dispose of Buildings on Broadway and 12th St. CHELSEA LOFTS IN DEAL Tenements on Lower East Side Pass to New Ownership in Other Trading,Archives,Archives,0,-0.296,0.0,0.064,0.936,0.0,0.0,0.0,construction
nyt://article/7be31556-1caf-50ed-ab32-79a5192ea0ab,1940-01-20,1940,"OFFERINGS NEXT WEEK RISE TO $48,888,135; Total Is Lifted by Public Housing Agencies",Archives,Archives,0,0.0,0.0,0.0,1.0,0.0,0.0,0.0,construction
nyt://article/9d8e7318-a3e5-565c-afbb-0de3edc48bef,1940-01-24,1940,WILL RECONSTRUCT EAST SIDE HOUSE; Buyer Obtains in Resale the 10-Family Dwelling at 446 Eighty-seventh Street HARLEM TENEMENT SOLD Bank Disposes of 70-Family Apartment and Stores on Rutgers Place,Archives,Archives,0,0.0258,0.038,0.0,0.962,0.0,0.0,0.0,construction
nyt://article/90381b93-050c-5089-a232-fba68f9c29c7,1940-01-28,1940,"FURTHER RISE DUE IN BUILDING WORK; Uncertainties of War Affect Investment Trading in City Properties PUBLIC HOUSING SPREADS Year-End Spurt in Manhattan Sales Brought Total for 1939 to $120,831,337",Archives,Archives,0,-0.743,0.0,0.189,0.811,0.0,0.0,0.0,construction
nyt://article/4fe729a1-d352-590f-aee4-0a4b4e11fd7f,1940-02-03,1940,GARAGE ACQUIRED IN EAST 21ST ST.; Building on 75 by 100 Foot Lot Then Leased by Broker to Service Corporation FLATS SOLD IN YORKVILLE 5-Story Tenement at 155 East 112th St. Purchased--Other Trading in Manhattan,Archives,Archives,0,0.0,0.0,0.0,1.0,0.0,0.0,0.0,construction
nyt://article/a464f9c1-ddf2-52ef-b5b8-aab64136740d,1940-02-03,1940,HOUSING PROJECT NAMED; Low-Rental Flats in Brooklyn to Be Called 'Kingsboro Houses',Archives,Archives,0,0.0,0.0,0.0,1.0,0.0,0.0,0.0,construction
nyt://article/fba8a45d-ba3e-5ca7-b797-86ea05a008bb,1940-02-06,1940,EAST SIDE BUILDINGS PASS TO NEW OWNERS; Six-Story Tenement at 634 East Fifth Street Figures in Deal,Archives,Archives,0,0.0,0.0,0.0,1.0,0.0,0.0,0.0,construction
nyt://article/0f459978-5aa6-570c-8a6e-eade08167549,1940-02-11,1940,Housing Director Begins Tour,Archives,Archives,0,0.0,0.0,0.0,1.0,0.0,0.0,0.0,construction
nyt://article/73d45cb6-0a74-5e5f-bf56-d69397f60d35,1940-02-13,1940,SWEEPSTAKES PRIZE USED TO AID NEGROES; Colored Couple Honor Lincoln by Starting Housing Project,Archives,Archives,0,0.875,0.333,0.0,0.667,0.0,0.0,0.0,construction
nyt://article/9208f9ce-58b8-5e56-8eab-968658125639,1940-02-17,1940,OFFERS NEW LIQUOR STORE; Bruckman to Take Applications for Red Hook Housing Site,Archives,Archives,0,0.0,0.0,0.0,1.0,0.0,0.0,0.0,construction
nyt://article/bbfed507-9c0c-5373-a42d-2ad220600195,1940-02-20,1940,BANKS MAY AID HOUSING; Savings Man Cites Albany Bill to Permit Investments,Archives,Archives,0,0.0,0.0,0.0,1.0,0.0,0.0,0.0,construction
nyt://article/377c12a0-5b63-50e7-b968-46b63fefbae3,1940-02-23,1940,"THIRD HOUSING PLAN SHAPED AT ALBANY; Bill Aimed at Slum Clearance Would Encourage Private Building by Easing Taxes FOR A TEN-YEAR PERIOD Corporations, Under Measure, Limited to 5% Revenue-- Nunan, Mitchell Sponsors",Archives,Archives,0,-0.1531,0.197,0.189,0.614,0.05556,0.05556,0.0,construction
nyt://article/295d5bfc-ca5f-53d5-8acf-c6df39a0b41f,1940-02-25,1940,"1,188 SMALL HOMES TAKEN BACK BY FHA; Three of Large Insured Rental Housing Projects Also Being Foreclosed",Archives,Archives,0,0.0,0.0,0.0,1.0,0.0,0.0,0.0,construction
nyt://article/951dcbd2-ba01-5cbe-84f6-823c5e3d7aba,1940-02-28,1940,FLATS ON EAST SIDE GO INTO NEW HANDS; Investor Buys From Bank 5Story Apartment at 49Seventy-eighth St.82D STREET HOME TRADED Syndicate Takes Over 5-Story Tenements on East 58th St. Recently Altered,Archives,Archives,0,0.0,0.0,0.0,1.0,0.0,0.0,0.0,construction
nyt://article/8d438c99-0c89-5d74-a2c9-2389a553dc35,1940-02-29,1940,Stewart-Warner Gets Contract,Archives,Archives,0,0.0,0.0,0.0,1.0,0.0,0.0,0.0,construction
nyt://article/bf1ec173-7590-5273-b085-3351b316bfe7,1940-02-29,1940,"NEW HOUSING PROJECT WILL START SATURDAY; Mayor Will Break Ground for $6,807,000 East Side Homes",Archives,Archives,0,-0.4767,0.0,0.147,0.853,0.0,0.0,0.0,construction
nyt://article/1a77a24d-3a97-5d27-816c-0d9abb377e1b,1940-03-01,1940,Tax Payments Rising on Lower East Side; More Old Tenement Houses Undergo Repairs,Archives,Archives,0,-0.5267,0.0,0.206,0.794,0.0,0.0,0.0,construction
nyt://article/0b6d7096-aa6c-5bc3-aab5-568649e2b70a,1940-03-03,1940,EARNINGS REPORTED ON HOUSING PROJECTS; Exceeded 16% on 2 Units and 12% on a Third Last Year,Archives,Archives,0,0.0,0.0,0.0,1.0,0.0,0.0,0.0,construction
nyt://article/32759cb1-9482-5b3f-8c1d-a7d55fb7ba20,1940-03-03,1940,PROBLEMS CITED IN TAX EXEMPTION; H.M. Powell Declares Public Housing Projects Endanger Existing Values,Archives,Archives,0,0.0,0.155,0.155,0.69,0.0,0.0,0.0,construction
nyt://article/9c815e11-7a4c-5f4b-b61d-3aaf4e5c5ee3,1940-03-03,1940,Decorative Art: Modern Homes; EMPHASIS ON SIMPLICITY IN DECORATION,Archives,Archives,0,0.4588,0.103,0.0,0.897,0.03704,0.0,1.0,reform
nyt://article/d27f879e-e13e-5809-adea-b83a68d63cb0,1940-03-03,1940,"HOUSING PROJECT IN 1ST AVE. STARTED; La Guardia and Isaacs Break Ground for East River Houses With Silver Tools STRAUS PRAISES MAYOR $6,807,000 Slum Clearance Work Hailed as Another Achievement by City",Archives,Archives,0,0.4215,0.144,0.069,0.787,0.02273,0.02273,0.0,construction
nyt://article/aa0729aa-e1b0-56bb-a343-4309c70b23e5,1940-03-04,1940,"CITY ASKS FOR BIDS ON HOUSING BONDS; $1,350,000 Issue Will Finance Vladeck Houses on East Side",Archives,Archives,0,0.0,0.0,0.0,1.0,0.0,0.0,0.0,construction
nyt://article/507546c5-9e5e-5d25-ab9c-bc91e0c99fb8,1940-03-05,1940,HOUSE SALES ABUT 2 ELEVATED LINES; Tenements and Other Parcels Are Close to Railroads Marked for Demolition EAST SIDE FLAT IS SOLD Six-Story House at 11 St. Marks Place Has Accomodations for 24 Families,Archives,Archives,0,0.0,0.0,0.0,1.0,0.0,0.0,0.0,construction
nyt://article/58e705ff-0e21-55e6-a4f6-c50cbf8b8471,1940-03-07,1940,"THE SCREEN; Pare Lorentz Again Goes to Fact for His Drama in His New Film, 'The Fight for Life,' at the Belmont",Archives,Review,1258,0.9967,0.122,0.072,0.806,0.0,0.00089,-1.0,reform
nyt://article/e713000b-e000-5cc1-91be-281a40318a1f,1940-03-11,1940,"MISS WALD, 73 HONORED; 400 Tenement Mother's Mark, Welfare Worker's Birthday",Archives,Archives,0,0.8176,0.401,0.07,0.529,0.0,0.0,0.0,pathology
nyt://article/8b8510b1-e979-50df-a992-7a73624caf0a,1940-03-14,1940,MOVIE LEADER BUYS EAST SIDE BUILDING; Leon F. Bergere Acquires 5Story Altered Dwelling at16 Sixty-fifth StreetAVENUE B TENEMENT SOLDDwelling at 115 West 119thSt. in Harlem Is Among theDay's Transfers,Archives,Archives,0,0.0258,0.038,0.0,0.962,0.0,0.0,0.0,construction
nyt://article/f3598fa6-ccd1-550c-9edc-447d32ae9d6b,1940-03-15,1940,Apartments Retain Lead in Manhattan Plans; More Old Tenements Are Undergoing Repairs,Archives,Archives,0,0.0,0.0,0.0,1.0,0.0,0.0,0.0,construction
nyt://article/57d0cb4a-7ed9-5f4a-9d7d-64d8e6a0712e,1940-03-16,1940,"POLICEMAN KILLS THUG AFTER CHASE; Shoots Quarry on Tenement Roof, Ending Wild Dash on Lower East Side TWO THIEVES GET AWAY Third Meets Death After He Leaps From Robber Car, Hotly Pursued",Archives,Archives,0,-0.9477,0.0,0.371,0.629,0.0,0.0,0.0,construction
nyt://article/e95e9356-09c7-53bd-a236-145a54d91b70,1940-03-16,1940,TAXPAYER IS SOLD ON LEXINGTON AVE.; Two-Story Building at 120th Street Purchased From the Bank of New York CASH FOR FLATS ON AVE. A Two Tenements Near 15th St. Sold by Powery Bank-- Deals in the Bronx,Archives,Archives,0,0.0,0.0,0.0,1.0,0.0,0.0,0.0,construction
nyt://article/6bb61ed2-1376-5f75-999d-e14ccee9c85e,1940-03-17,1940,Rents Reduced in 24 PWA Housing Projects; Average Family Now Paying $19.45 Monthly; MODERN INTERIORS ADD TO THE ATTRACTIVENESS OF APARTMENTS IN NEW YORK DISTRICT,Archives,Archives,0,0.7003,0.201,0.0,0.799,0.04,0.0,1.0,reform
nyt://article/90c83441-e347-5b92-a108-91220f5c540f,1940-03-24,1940,"YONKERS HOUSING NEARS COMPLETION; THE FEDERAL $3,400,000 HOUSING PROJECT IN YONKERS: BEFORE AND AFTER",Archives,Archives,0,0.0,0.0,0.0,1.0,0.0,0.0,0.0,construction
nyt://article/e624d624-1279-53c6-91f2-13f466d84c20,1940-03-25,1940,"USHA ECONOMIES CUT HOUSING COST; Federal Share Down 20% to $18 a Year a Person Aided by Projects, Says Straus 18% SAVING TO TENANTS Slum Clearance Net Cost to Government Is Said to Be Half What Law Allows",Archives,Archives,0,-0.34,0.096,0.128,0.776,0.02632,0.02632,0.0,conflict
nyt://article/cdae3ab3-5756-5183-b195-a790e3af31fd,1940-03-26,1940,ADDS TO JERSEY HOLDINGS; Investor Buys Tenement Parcel in West New York,Archives,Archives,0,0.0,0.0,0.0,1.0,0.0,0.0,0.0,construction
nyt://article/2c32b46d-e7e3-5af3-ba83-f15dc0ac3683,1940-03-27,1940,"$53,683,000 NOTES FOR HOUSING SOLD; Chemical Bank Heads Group Purchasing $48,063,000 at 0.44 Per Cent $41,000,000 FOR NEW YORK Saving of More Than $600,000 Seen for the NYCHA in the Six-Month Paper",Archives,Archives,0,0.0,0.0,0.0,1.0,0.0,0.0,0.0,construction
nyt://article/b86c7fdd-0196-52e0-985c-ed86b33cbc5f,1940-03-29,1940,"MORE HOUSING FUNDS URGED; Conference Asks Congress to Add $800,000,000 for Loans",Archives,Archives,0,-0.3612,0.098,0.171,0.732,0.05882,0.05882,0.0,construction
nyt://article/5cc307c4-e7fa-52e6-9d44-45a32f5d3430,1940-03-30,1940,NEW HOUSING BILL GOES TO GOVERNOR; Measure Aimed to Speed Slum Clearance by Private Capital Was Urged in Message PARKWAY TOLLS APPROVED Both Houses Vote to Create Westchester County Board and Specify Highways,Archives,Archives,0,0.34,0.163,0.083,0.755,0.02778,0.02778,0.0,construction
nyt://article/a7eb99c7-5a08-55e4-8832-bbe3ddd2f7a4,1940-03-31,1940,Albany Session Highlights; Income Tax Payment Changed,Archives,Archives,0,0.0772,0.262,0.191,0.546,0.07692,0.07692,0.0,construction
nyt://article/1b2eebfa-96b4-57d2-8356-bc1346883733,1940-04-09,1940,2 PROPERTIES SOLD NEAR HOUSING AREA; Tenements in Vicinity of the Vladeck Development Lead in Manhattan Trading ONE WILL BE MODERNIED Building at 321 Madison St. With 6 Stores Taken Over in Investment Deal,Archives,Archives,0,0.0,0.0,0.0,1.0,0.0,0.0,0.0,reform
nyt://article/fc36e0ec-2293-5990-90b5-1789c26065f4,1940-04-11,1940,LEHMAN SIGNS BILL TO BENEFIT HOUSING; AT A PREVIEW OF REPUBLICAN CAMPAIGN MOTION PICTURE,Archives,Review,792,0.9857,0.06,0.006,0.934,0.0,0.0,0.0,construction
nyt://article/ce1b2c59-a4ee-59c2-8fae-593512fdb148,1940-04-12,1940,HOUSING PROJECTS EASE RESTRICTIONS; Thousands Now Ineligible as Tenants Will Be Able to Get Apartments INCOME LIMIT IS RAISED Both Negro and White Families Will Be Accepted in City's Jamaica Buildings,Archives,Archives,0,0.5994,0.129,0.0,0.871,0.0,0.0,0.0,conflict
nyt://article/91a48ac4-b549-5dae-b57a-90abca636618,1940-04-16,1940,"MAYOR DENOUNCES GAMBLING IN STATE; Pari-Mutuels Draw His Fire at Laying of Stone for South Jamaica Housing Project GERARD SWOPS HONORED New Head of City Authority Is Praised for Public Service-- Houses Cost $2,325,000",Archives,Archives,0,0.0258,0.171,0.169,0.66,0.0,0.0,0.0,construction
nyt://article/ffb0ed1c-91bf-51ad-b572-bd083ce5eade,1940-04-16,1940,ANOTHER NEW YORK HOUSING PROJECT NEARS COMPLETION,Archives,Archives,0,0.0,0.0,0.0,1.0,0.0,0.0,0.0,construction
nyt://article/3d96984a-b65a-5372-8027-1c3902ee7b99,1940-04-17,1940,TENEMENTS TRADED ON UPPER EAST SIDE; Bank Disposes of Two Houses in 3d Ave. at 116th St.,Archives,Archives,0,0.0,0.0,0.0,1.0,0.0,0.0,0.0,construction
nyt://article/db8a2074-773e-50db-935c-d6757bc5de83,1940-04-18,1940,"MAYOR LAYS STONE OF VLADECK HOUSES; Widow of Councilman Puts First Trowelful of Mortar in Cornerstone Niche ROOSEVELT IS PRAISED 'Vision and Courage' Seen as $8,630,000 U.S. Project on East Side Is Dedicated",Archives,Archives,0,0.886,0.241,0.0,0.759,0.0,0.0,0.0,construction
nyt://article/7a6a68e0-6e14-5257-86e5-56ce6905943e,1940-04-19,1940,Flat Sold Near Housing Project,Archives,Archives,0,0.0,0.0,0.0,1.0,0.0,0.0,0.0,construction
nyt://article/443a4ef4-1a85-5ff8-adcc-c4cae8ba72d0,1940-04-24,1940,HOUSING CONTROL SCORED BY BARTON; He Demands Return of Slum Clearance Programs to Private Industry USHA CALLED WASTEFUL Work of the City Authority and Swope's Appointment Are Highly Praised,Archives,Archives,0,0.3167,0.161,0.083,0.757,0.02778,0.02778,0.0,construction
nyt://article/a010d1d3-b673-58ca-8702-264b3c9aa623,1940-04-26,1940,"Article 1 -- No Title; Weinfeld Says an Additional $20,000,000 From State Will Go to Slum Clearance KINGS PROJECT SPEEDED Work to Be Started in Two Weeks on 3,528-Family Plan in Navy Yard Area",Archives,Archives,0,-0.5719,0.05,0.144,0.806,0.02857,0.02857,0.0,construction
nyt://article/02624ff2-5e25-5305-9dda-56963291f249,1940-04-28,1940,"FROM SLUMS TO SUN; Red Hook's housing project has opened new vistas to more than 2,500 families.",Archives,Archives,0,-0.5423,0.0,0.179,0.821,0.0,0.05882,-1.0,construction
nyt://article/19aad06c-1dec-5328-8fa8-9ccb223e2592,1940-04-28,1940,"SIGNS BILL TO END POULTRY RACKET; Lehman Approves City Plan for Single Terminal, Which Will Be in Queens CROSSING WORK RATIFIED Measure to Permit Private Operation of Slum Clearance Projects Is Vetoed",Archives,Archives,0,0.2023,0.151,0.084,0.766,0.02778,0.02778,0.0,construction
nyt://article/2bd45569-0439-570d-8576-fcfe6c77ad31,1940-04-29,1940,"RESIDENCE IS SOLD NEAR FIFTH AVENUE; E. W. Foland Disposes of Fine Dwelling at 5 E. 74th St. on Lenox Hill COST $200,000 TO BUILD Tenements Change Hands in Deals on Manhattan and St. Nicholas Avenues",Archives,Archives,0,0.2263,0.079,0.0,0.921,0.0,0.0,0.0,construction
nyt://article/ee4ed81d-8161-5195-b14e-111db3d13324,1940-05-10,1940,MIDTOWN BUILDING SOLD BY EXECUTOR; Parcel of 2 Units at 124-6 W. 31 st St. Had Been Held in Family Since 1892 QUICK RESALE FOLLOWS New-Law Tenement With Four Stores Purchased--Other Manhattan Transfers,Archives,Archives,0,0.0,0.0,0.0,1.0,0.0,0.0,0.0,construction
nyt://article/d35e6e05-123f-5fc3-be98-3a337197bdbf,1940-05-11,1940,"OFFERINGS NEXT WEEK RISE TO $82,867,339; Local Public Housing Agencies to Market $60,865,000 Notes",Archives,Archives,0,0.0,0.0,0.0,1.0,0.0,0.0,0.0,construction
nyt://article/4e47b817-842b-5bcb-83e8-2162934d3c6c,1940-05-12,1940,BARTON HOME PICKETED; Housing Conference Delegates Ask Slum Clearance Aid,Archives,Archives,0,-0.3612,0.075,0.132,0.792,0.04348,0.04348,0.0,construction
nyt://article/fe3d3b85-5a7c-5af5-88b9-c1b87502802b,1940-05-14,1940,"'VILLAGE' CORNER GOES TO OPERATOR; 8 and 4 Story Houses at 1 and 2 Sheridan Square Acquired by David S. Meister ASSESSED FOR $268,000 Israel Estate Trustee Sells Tenement at 103 Norfolk St. on Lower East Side",Archives,Archives,0,-0.0516,0.051,0.056,0.893,0.0,0.0,0.0,construction
nyt://article/8a52b1db-a3f2-5ef9-81d1-142e16e4fe3d,1940-05-22,1940,3 TENEMENTS SOLD IN EAST SIDE DEAL; Operator to Raze Buildings at St. Gabriel's Park for Large Apartment Site,Archives,Archives,0,0.0,0.0,0.0,1.0,0.0,0.0,0.0,construction
nyt://article/6ff3271b-4ee5-5868-901a-ce94895bffec,1940-05-26,1940,STATES AIDING USHA; Public Housing Laws Enacted by 24 Commonwealths,Archives,Archives,0,0.0,0.0,0.0,1.0,0.0,0.0,0.0,construction
nyt://article/f4534bb3-87cc-5c8c-8c24-aed1c4e10844,1940-05-26,1940,QUEENS PANEL DEDICATED; Mayor Praises WPA at Housing Project Ceremony,Archives,Archives,0,0.7506,0.262,0.0,0.738,0.0,0.0,0.0,construction
nyt://article/89611af7-48f2-550f-938e-f3c22e3f267e,1940-06-02,1940,Seniors E valuate Queens Slum Aid; Borough College Group Is Making Study of Housing Projects,Archives,Archives,0,-0.5423,0.0,0.137,0.863,0.0,0.04348,-1.0,construction
nyt://article/f347e3e7-0882-55f2-a976-687d15d0f441,1940-06-07,1940,"FIRST LADY VISITS HOUSING PROJECT; Sips Wine, Chats With Tenants on Tour of Red Hook",Archives,Archives,0,0.0,0.0,0.0,1.0,0.0,0.0,0.0,conflict
nyt://article/e3433c14-be0a-5f61-9016-167d83fb4cea,1940-06-15,1940,TENEMENTS BOUGHT FOR MODERNIZING; Syndicate Acquires Two East Side Properties From Episcopal Society STORES WILL BE PROVIDED Circle Hotel on Eighth Avenue and Two Multi-Family Buildings Sold,Archives,Archives,0,0.0,0.0,0.0,1.0,0.0,0.0,0.0,reform
nyt://article/0e57379f-1dd4-54e1-92d6-1a7876d0d21e,1940-06-30,1940,"Elizabeth, N.J., to Sell $1,500,000 Notes To Finance Low-Rent Housing Project",Archives,Archives,0,0.0,0.0,0.0,1.0,0.0,0.0,0.0,construction
nyt://article/0eb394e6-8551-557d-ad92-c6a3d12b73a1,1940-06-30,1940,"UNWIN, PLANNER OF TOWNS, IS DEAD; Sir Raymond Was Designer of Letchworth, First Garden Community in England LECTURED AT COLUMBIA Skyscrapers Called 'Madness' by Slum Clearance Advocate --Stricken in Lyme, Conn.",Archives,Archives,0,-0.9509,0.042,0.374,0.585,0.02941,0.02941,0.0,conflict
nyt://article/a6146126-1c4e-5fc7-9081-8db917a675f6,1940-06-30,1940,CONNECTICUT SHOWS SUBURBAN TREND; Report Notes Sixteen Private Homes Is Yearly Average for New Haven MILFORD GROWING RAPIDLY Housing Project Wiping Out Famous Strawberry Beds of Hamden Plains,Archives,Archives,0,0.1779,0.036,0.0,0.964,0.0,0.0,0.0,construction
nyt://article/f43850e6-54fe-5937-9dbe-645bcaaa5fd3,1940-06-30,1940,"TAX RELIEF ASKED FOR REAL ESTATE; State Association Urges a General Levy, Such as on Sales, to Ease Load on HomesFOR PUBLIC HOUSING HALTReview to Lower AssessmentsAlso Demanded--Convention Is Told No 'Boom' Is Near",Archives,Archives,0,-0.0772,0.124,0.13,0.746,0.02083,0.0,1.0,reform
nyt://article/e02e623d-0494-561f-b917-5165aaaa5a45,1940-07-03,1940,COUNCIL BILL AIDS THOSE SUING CITY; Approves Local Law Intended to Protect Litigants From Errors of Lawyers HOUSING MEASURE VOTED Grants Limited Tax Exemption on Projects in SlumClearance Areas,Archives,Archives,0,0.2023,0.115,0.102,0.783,0.0,0.0,0.0,construction
nyt://article/c7c88247-b86e-5ea4-9ef6-d4768fe3c17a,1940-07-07,1940,"ALTERING TENEMENTS; Plans Filed to Cost $727,285 on Lower East Side",Archives,Archives,0,-0.296,0.0,0.109,0.891,0.0,0.0,0.0,construction
nyt://article/4f0475ed-d596-5e96-b940-7c8cbd5557c1,1940-07-08,1940,"3,000 GET SUITES AT PARKCHESTER; Families in Bronx Housing Project Rent Apartments From Floor Plans BIG DEMAND FOR 3 ROOMS Many Newlyweds to Live There--5,000 Men Work on the Grounds Daily",Archives,Archives,0,-0.128,0.0,0.048,0.952,0.0,0.0,0.0,construction
nyt://article/3c0d39af-18b4-50d0-b32f-dc8d9f8b5f3d,1940-07-12,1940,H.E. ADRIANCE DIES; MINISTER TO POOR; Member of Wealthy Family Preached in Slums of East Side and in Great Churches SOCIAL WORKER 36 YEARS Quit Pelham Manor Pulpit for Career in Tenement District With Union Settlement,Archives,Archives,0,0.0,0.146,0.146,0.708,0.0,0.02778,-1.0,construction
nyt://article/65a100b7-1cc5-5d8b-b8ed-8936e8b2fe70,1940-07-12,1940,"CITY HOUSING GROUP READY FOR TENANTS; 60 Families to Move Monday to First Unit of the Vladeck Project FULL OCCUPANCY IN MONTH With USHA Improvement Corlears Hook Buildings Will Have 1,771 Families",Archives,Archives,0,0.6705,0.139,0.0,0.861,0.0,0.0,0.0,conflict
nyt://article/4376a4e7-889a-5f20-8c33-a5ae205ed900,1940-07-15,1940,LOW-INCOME FAMILIES BECOME CITY TENANTS; 60 Enter Vladeck Houses Today as 82 Move to South Jamaica,Archives,Archives,0,0.0772,0.049,0.0,0.951,0.0,0.0,0.0,conflict
nyt://article/5179c31b-abbc-5dc6-b34c-06ec36c15a01,1940-07-18,1940,"HOUSING PROJECTS MARKET 12 ISSUES; Of $20,363,000 Total, Chemical Bank & Trust Group Wins $8,193,000 at 0.57% $6,325,000 FOR CLEVELAND Salmon Brothers & Hutzler Purchase These Notes and $2,335,000 of Toledo",Archives,Archives,0,0.7906,0.194,0.0,0.806,0.0,0.0,0.0,construction
nyt://article/85c226c4-1c3c-54b0-a5da-a283ad1fe87a,1940-07-21,1940,"HOUSING PROJECT OPENED IN YONKERS; $3,380,000 Mulford Gardens, Financed by Federal Aid, Is Dedicated NEW PLAN IS PROPOSED Head of Authority Reveals That Similar Group of Build- ings Is Studied",Archives,Archives,0,0.5106,0.107,0.0,0.893,0.0,0.0,0.0,construction
nyt://article/cb39f626-7e77-55b6-925d-68f4eddcd34b,1940-07-28,1940,LOW-RENT HOUSING PROJECT CANCELED; Application for Federal Aid Withdrawn by Hackensack Authority,Archives,Archives,0,0.1531,0.12,0.0,0.88,0.0,0.0,0.0,construction
nyt://article/a02ea2d5-0ff8-51ef-b029-f6493fd58aee,1940-07-31,1940,NEW HOUSING PROJECT IN CHELSEA PROPOSED; Mayor Announces Plan for City-Financed Work,Archives,Archives,0,0.0,0.0,0.0,1.0,0.0,0.0,0.0,construction
nyt://article/12249f80-9f9f-5c39-8be3-bc4f11e0d507,1940-08-05,1940,FILLING HOUSING PROJECT; 96 Families Will Move Into South Jamaica Development Today,Archives,Archives,0,0.4939,0.11,0.0,0.89,0.0,0.0,0.0,construction
nyt://article/88a99c90-07b3-5862-b3b0-f92ec2f9cb1c,1940-08-05,1940,DOCTOR ACQUIRES EAST SIDE HOUSE; Ophthalmologist to Have Home and Office at 39 East 75th Street FLAT IN EAST 5TH ST. SOLD Investor Buys Tenement From a Savings Bank--Beach Street Deal,Archives,Archives,0,0.0,0.0,0.0,1.0,0.0,0.0,0.0,construction
nyt://article/85686bbb-434d-5432-9912-002fb4c78086,1940-08-06,1940,HOUSING PROJECT FILLED; Last 96 Families Move Goods Into South Jamaica Houses,Archives,Archives,0,0.4939,0.11,0.0,0.89,0.0,0.0,0.0,construction
nyt://article/ed1028d5-0fb8-524c-a567-fdd337aa7c50,1940-08-08,1940,Fewer Tenements on the Lower East Side Now Unprotected Against Hazard of Fire,Archives,Archives,0,-0.8625,0.0,0.406,0.594,0.0,0.0,0.0,construction
nyt://article/00891e43-6a0c-5268-ad31-99b2ef94b01f,1940-08-12,1940,VLADECK HOUSES TO OPEN; First Tenants to Move Into New Low-Rent Unit Today,Archives,Archives,0,0.0,0.0,0.0,1.0,0.0,0.0,0.0,conflict
nyt://article/0305e387-8abe-572d-b6f5-adc24d5661ab,1940-08-13,1940,U.S. VLADECK HOUSES GET FIRST TENANTS; Moving Vans Leaue Furniture for Overnight Fumigation,Archives,Archives,0,-0.0516,0.0,0.059,0.941,0.0,0.0,0.0,conflict
nyt://article/ebd0e368-fe38-5983-a38f-fb80ed9b4656,1940-08-20,1940,168 FAMILIES MOVE INTO VLADECK HOUSES; Total of Occupied Homes in the Project Now Is 300,Archives,Archives,0,0.0,0.0,0.0,1.0,0.0,0.0,0.0,construction
nyt://article/281b4e11-3096-5b59-8760-554098a344d3,1940-08-23,1940,TENEMENTS TRADED ON UPPER EAST SIDE; Buyer Resells Six 4-Story Houses With Ten Stores on 122d St. and First Ave. BANK SELLS THREE MORE Properties at 61 to 65 East 121st Street Recently Improved in New Hands,Archives,Archives,0,0.3612,0.065,0.0,0.935,0.02703,0.0,1.0,reform
nyt://article/84ac5b8b-d4ee-55c7-9340-28ca0faf4cd2,1940-08-23,1940,Drug Stores for Parkchester,Archives,Archives,0,0.0,0.0,0.0,1.0,0.0,0.0,0.0,construction
nyt://article/434c2b42-e3f8-5321-baa6-05fff8979dc6,1940-08-25,1940,"SANCTIONS HOUSING LOANS; Roosevelt Approves $42,646,000 for 20 Local Authorities",Archives,Archives,0,0.4404,0.239,0.113,0.647,0.04167,0.04167,0.0,construction
nyt://article/f11ca537-267a-53c6-971c-607ef2db1e80,1940-08-25,1940,Awards Bridgeport Housing Work,Archives,Archives,0,0.8481,0.479,0.0,0.521,0.0,0.0,0.0,construction
nyt://article/f155a785-3163-5ad0-bf3b-1bef743a348e,1940-08-25,1940,'PEGS' TAXES TO AID HOUSING PROJECT; City of Buffalo Limits Valuation on Blighted Area forTwenty Years,Archives,Archives,0,-0.5423,0.0,0.132,0.868,0.0,0.04167,-1.0,construction
nyt://article/1ade7644-f71e-54ad-aba2-ab8ad9798f54,1940-08-27,1940,"DEFENSE HOUSING PROJECTED IN BILL; Advisory Board Asks Congress to Authorize Expenditures Up to $150,000,000 JAMS WOULD BE AVOIDED Conditions Which Developed in World War Days Prompts Elaborate Foresight Wide Latitude Projected Education Funds Asked",Archives,Archives,0,-0.6486,0.056,0.118,0.826,0.0,0.0,0.0,construction
nyt://article/56318f56-2ffb-58a6-bb47-0b7e88c8a222,1940-09-01,1940,OFFERS 6 COURSES IN PUBLIC HOUSING; USHA Is One of the Sponsors of Fall Studies,Archives,Archives,0,0.0,0.0,0.0,1.0,0.0,0.0,0.0,construction
nyt://article/ef0dd562-289c-5c74-b3bb-9e7525eddfc8,1940-09-04,1940,"Reports of Activities in the Real Estate Market; EAST SIDE PARCELS GO TO NEW OWNERS Apartments at 1331-7 Madison Avenue Sold by New York Life Insurance Co. YIELD $40,000 IN RENTALS Buyer of Plot Near Vladeck Houses to Erect Taxpayer With Eleven Stores",Archives,Archives,0,0.0,0.0,0.0,1.0,0.0,0.0,0.0,construction
nyt://article/d279b22e-f4a9-564f-8254-c7e80d4b854c,1940-09-06,1940,"JOSEPH M. BRODY, RETIRED BUILDER; Succumbs in Banner Elk, N.C., During a Visit After an Illness of 3 Weeks AIDED SLUM CLEARANCE Served as Tenement Inspector Because of Interest in the Theodore Roosevelt Plans",Archives,Archives,0,-0.296,0.113,0.14,0.747,0.02703,0.02703,0.0,construction
nyt://article/8c996994-9811-5aa8-8b32-c203a3cc22b4,1940-09-08,1940,"44,000 Low-Income Families to Be Settled In USHA Housing Projects by End of 1940",Archives,Archives,0,0.0,0.0,0.0,1.0,0.0,0.0,0.0,construction
nyt://article/37193278-8c8c-57b2-8223-bb082b661b1b,1940-09-10,1940,Assails Campus Condemnation,Archives,Archives,0,-0.7506,0.0,0.299,0.701,0.0,0.0,0.0,construction
nyt://article/5081df79-5f0b-5ff1-8652-a0d3df3c9ba6,1940-09-15,1940,Low-Cost Housing Project on Lower East Side and New Apartments New Central Park Figuring in the Rental Activity for the Fall Season,Archives,Archives,0,-0.296,0.0,0.095,0.905,0.0,0.0,0.0,construction
nyt://article/840cfab7-25c9-5e7f-a5da-f12cf217076e,1940-09-15,1940,"SO FAR, SO GOOD IN PUBLIC HOUSING; PUBLIC HOUSING",Archives,Archives,0,0.6213,0.337,0.0,0.663,0.0,0.0,0.0,construction
nyt://article/6db87f77-5adc-5a18-9d37-65e8b633623b,1940-09-18,1940,"FLATS ON EAST SIDE FIGURE IN TRADING; Parcels From Chatham Square to East Harlem Go Into New Ownerships YORKVILLE HOUSE SOLD Five-Story Tenement at 234 Mott Street Disposed Of by Rigama Realty, Inc.",Archives,Archives,0,0.0,0.0,0.0,1.0,0.0,0.0,0.0,construction
nyt://article/82a3fa3a-894e-5a69-967f-b4936bbc8290,1940-09-22,1940,LONDON SIDELIGHTS IN MIDST OF RAIDS; Public Opinion Wins Demand for Use of Subways in Raids --Government Yields SLUM CLEARANCE BY NAZIS Homeless Move to West End-- Proper Dress for Victims Another Problem,Archives,Archives,0,-0.5719,0.096,0.193,0.711,0.02041,0.02041,0.0,construction
nyt://article/75b58b58-0a18-5e4a-8b3c-ea72747ca942,1940-09-24,1940,CASH DEALS LEAD MANHATTAN SALES; Three Unmortgaged Parcels of Residential Realty Go to New Owners FLAT SOLD FOR LEGATEES Tenement at 444 East 86th St. Disposed Of by Estate of Antonio Belletti,Archives,Archives,0,0.0,0.0,0.0,1.0,0.0,0.0,0.0,construction
nyt://article/4c2bd6f3-43f1-5551-a4b1-07f1bfbdf413,1940-09-28,1940,"PWA ARCHITECTURE UPHELD BY DR. FEISS; Possibility of a Parthenon for Us is Hailed Even if It Means '15 Terms for Roosevelt' PUBLIC HOUSING SCORED It Shows Professional Lag in This Country, He Says in Talk at Rochester Convention",Archives,Archives,0,-0.128,0.037,0.047,0.916,0.0,0.0,0.0,construction
nyt://article/320bbcbc-d06a-53ed-9f3f-51e9f59e68a2,1940-10-15,1940,PLANS ARE SUBMITTED FOR HOUSING PROJECT; Details Filed for More Units of Clason Point Houses,Archives,Archives,0,0.0772,0.061,0.0,0.939,0.0,0.0,0.0,construction
nyt://article/e63e54dd-91fe-507a-9c5e-e572af189079,1940-10-20,1940,APPRAISERS PLAN CONVENTION TALKS; New Uses of Land to Be Discussed at Meeting in Philadelphia Next MonthDELEGATES TO TOUR CITYVisits to Factories and Housing Projects to Be Madeby Realtors,Archives,Archives,0,0.0,0.0,0.0,1.0,0.0,0.0,0.0,construction
nyt://article/b0fc8253-54ab-572a-acf2-60d0d5176087,1940-10-21,1940,One-Family Houses With Individual Yards Included in Clason Point Housing Project; PLAN OF NEW YORK CITY HOUSING AUTHORITY PROJECT AT CLASON POINT,Archives,Archives,0,0.0772,0.053,0.0,0.947,0.0,0.0,0.0,construction
nyt://article/36a38a94-462a-575d-99b2-d6bc7bd58126,1940-10-24,1940,"ROOSEVELT 'VISION' LAUDED BY WAGNER; Senator Tells the Building Congress That Construction Activity Has Increased SLUM CLEARANCE CITED Republican Leadership Scored for 'Inability to Draft Constructive Program' Basic Problem"" Outlined Work Is Recounted",Archives,Archives,0,-0.7579,0.112,0.212,0.676,0.02273,0.02273,0.0,construction
nyt://article/b0203df6-5256-5455-a935-33631455295e,1940-10-29,1940,Tenants' Pay to Govern Housing Project Rents,Archives,Archives,0,-0.1027,0.0,0.091,0.909,0.0,0.0,0.0,conflict
nyt://article/1b51742d-e99c-5ffd-ad03-3e07d622a96c,1940-10-31,1940,Article 6 -- No Title,Archives,Archives,0,-0.296,0.0,0.121,0.879,0.0,0.0,0.0,construction
nyt://article/b989baed-1125-57de-86e1-b1af799a848b,1940-11-02,1940,Letters to The Times; Concerning Slum Clearance Recent Statements of USHA Head Held to Have Been Misinterpreted,Archives,Archives,0,-0.5859,0.069,0.201,0.729,0.04167,0.04167,0.0,construction
nyt://article/b066390a-10f2-5276-826c-f1aa40cd2cda,1940-11-09,1940,TENANT ACQUIRES FLAT ON THIRD AVE.; Buys Three-Story House Near 39th St. and Will Take Title in the Spring ALLEN ST. TENEMENT SOLD Investor Gets 16-Family Building From the New YorkPublic Library,Archives,Archives,0,0.0,0.0,0.0,1.0,0.0,0.0,0.0,conflict
nyt://article/c2fe64ac-8279-5e62-bb2d-191f06c018ea,1940-11-11,1940,YEAR'S MEDICAL CARE FOR $3 GETS A TRIAL; Plan Goes Into Effect Today at Vladeck East Side Houses,Archives,Archives,0,0.4939,0.11,0.0,0.89,0.0,0.0,0.0,construction
nyt://article/32fa9cf5-36b5-55ef-9d73-98073435d0b7,1940-11-14,1940,VLADECK HOUSES OCCUPIED; Last of Tenants Move Into City Project on East Side Today,Archives,Archives,0,0.0,0.0,0.0,1.0,0.0,0.0,0.0,conflict
nyt://article/9a93ec46-b51f-5b71-89b6-ede0b8f03621,1940-11-16,1940,Low on Housing Project Bid,Archives,Archives,0,-0.2732,0.0,0.344,0.656,0.0,0.0,0.0,construction
nyt://article/805005e6-f582-5e9c-b280-cf7677a43722,1940-11-25,1940,"PHYSICIANS WATCH NEW HEALTH PLAN; Housing and Medical Care Are Linked at Vladeck Houses, Corlears Hook Project TENANTS PAY FLAT RATE $3 a Year a Person, or $12 for Four or More, Is Collected Monthly With the Rent",Archives,Archives,0,0.4215,0.077,0.034,0.889,0.0,0.0,0.0,reform
nyt://article/3a8da97f-e71b-5d7c-af89-0ffbc9db607d,1940-12-01,1940,BRITISH AID GROUP SETS WEEKLY MARK; Bundles for Britain Sent 367 Crates of Knitted Goods Last Week--Has 500 Units STARTS CHRISTMAS DRIVE Medical and Surgical Supply Committee Seeks 100 FirstAid Outfits for Shipment,Archives,Archives,0,-0.7351,0.0,0.081,0.919,0.0,0.0,0.0,construction
nyt://article/90bcf5e1-38f4-5b4c-8219-6b96f78712ee,1940-12-03,1940,MANHATTAN SALES MOSTLY EAST SIDE; Mortgage Trustees Dispose of Five-Story Tenement at 181 East Broadway SMALL SALES IN BROOKLYN Bronx Apartment Buildings in Several Areas of Borough Change Hands,Archives,Archives,0,0.0772,0.044,0.0,0.956,0.0,0.0,0.0,construction
nyt://article/ac0f8d37-fbad-5303-9b30-d5b56d1066cc,1940-12-03,1940,HOUSING PROPOSED AS INSURANCE FIELD; Mayor Asks Companies Back Public Projects as Service and Sound Business SEEKS BETTER RELATIONS He Urges That Fire Indemnity Concerns and Municipalities Come to Understanding,Archives,Archives,0,-0.1531,0.062,0.097,0.841,0.0,0.0,0.0,construction
nyt://article/6f38a9f0-b0ff-5dc0-b97b-585069fd287c,1940-12-04,1940,DEFENSE HOUSING FOUGHT BY EXPERT; Poole of Bridgeport Offers Plan to Avoid the Costs of Temporary Buildings BONUS FOR RENT ASKED Federal Funds Would Be Used to Lodge Extra Workers-- 'Ghost Town' Feared,Archives,Archives,0,-0.5719,0.11,0.175,0.716,0.0,0.0,0.0,construction
nyt://article/90299f0b-d0b0-5ff1-88ee-e76b82c66d54,1940-12-12,1940,BANKS SELL HOUSES ON THE EAST SIDE; Six-Story Tenement at 99 East Broadway and Another at 220 Avenue A Traded,Archives,Archives,0,0.0,0.0,0.0,1.0,0.0,0.0,0.0,construction
nyt://article/82a03252-2436-5be1-a1af-762e4eedef45,1940-12-18,1940,EAST SIDE PARCELS TRADED BY BANKS; 5-Story Apartment on 36th St. and Three Tenements on Third Ave. Are Sold 44-YEAR OWNERSHIP ENDS E. 67th St. Flat in New Hands --Cash Is Paid for Business Building on Mulberry St.,Archives,Archives,0,0.0,0.0,0.0,1.0,0.0,0.0,0.0,construction
nyt://article/6ea1a53d-9384-5944-96f8-8467f012cd71,1940-12-19,1940,PLANS APARTMENT ON WEST 15TH ST; Corporation Buys Tenement as Site for Five-Story Modern Building EAST SIDE FLATS TRADED Eighty-fourth Street and 53d Street Properties in New Ownerships,Archives,Archives,0,0.4588,0.1,0.0,0.9,0.03571,0.0,1.0,reform
nyt://article/0c1a2338-d182-5635-ae79-f3c8dec9675c,1940-12-22,1940,27 States Favor Public Housing,Archives,Archives,0,0.6597,0.375,0.0,0.625,0.0,0.0,0.0,construction
nyt://article/1a995bc3-ee0e-520f-a53e-8029cc0c299b,1940-12-22,1940,"OBJECTORS GOING INTO WORK CAMPS; Consent Plan Provides for Aid in Soil and Forest Projects and Slum Clearance QUAKER HEADS PROGRAM Dr. Jones, President of Fisk University, Is Named Under Accord With Dykstra",Archives,Archives,0,-0.1531,0.094,0.085,0.821,0.02703,0.02703,0.0,construction
nyt://article/356e3651-bf03-58ee-b74f-145dfc4d5e1c,1940-12-22,1940,OLD TENEMENTS ALTERED; Two East Side Houses Equipped With Modern Suites,Archives,Archives,0,0.4588,0.231,0.0,0.769,0.09091,0.0,1.0,reform
nyt://article/dc8faf4c-81aa-5b70-a52b-ce64ec7c9562,1940-12-22,1940,Housing Project Tests Cotton for Insulation,Archives,Archives,0,0.0,0.0,0.0,1.0,0.0,0.0,0.0,construction
nyt://article/6f8202b2-0ff3-5909-b3e1-8540fed8c074,1940-12-30,1940,HOUSING PROJECT DELAYED; Lack of Steel Causes Postponement of Atlantic City Opening,Archives,Archives,0,-0.4404,0.051,0.165,0.784,0.0,0.0,0.0,construction
nyt://article/56b5a167-3625-58bd-b395-5b6c1b6d58f7,1941-01-02,1941,Resigns After 47 Years With Steinway & Sons,Archives,Archives,0,0.1027,0.168,0.105,0.727,0.0,0.0,0.0,construction
nyt://article/8bd6013c-b692-52a3-a2ec-a3c42ad862be,1941-01-02,1941,At the Rialto,Archives,Review,174,-0.4295,0.088,0.108,0.804,0.0,0.0,0.0,construction
nyt://article/00002fd9-b4d8-5325-ac3a-d1091d2f13b8,1941-01-03,1941,PHONE UNION DISPUTE IS HEARD BY BOARD; Housing Project Lacks Service Because of Jurisdictional Row,Archives,Archives,0,-0.3818,0.077,0.149,0.773,0.0,0.0,0.0,conflict
nyt://article/b5989e05-fab8-5e1d-a9d6-8f72a7c88315,1941-01-03,1941,"ARCHITECTS FILE BUILDING PLANS; Bank Structure and Flat Are Among Latest Projects in Manhattan LIST $50,000 ALTERATION New Tenement for Site on Topping Avenue in Bronx Will Cost $325,000",Archives,Archives,0,0.0,0.0,0.0,1.0,0.0,0.0,0.0,construction
nyt://article/f6a4cf06-2a08-5465-ad33-6b5376bf8320,1941-01-03,1941,"DIVERGENCE SHOWN IN TENANT INCOME; Families Making Up to $1,962 Live in Vladeck Houses",Archives,Archives,0,0.0772,0.039,0.0,0.961,0.0,0.0,0.0,construction
nyt://article/2f8bbc28-0b53-5a7e-a298-3f1a05580b89,1941-01-06,1941,VLADECK HOUSES,Archives,Archives,0,0.0,0.0,0.0,1.0,0.0,0.0,0.0,construction
nyt://article/75690d6d-939f-5185-bab2-b4f89d73952a,1941-01-11,1941,HOUSING AUTHORITY BUYS TWO PARGELS; City Gets Vacant Plot on Tenth Avenue and Flat on Amsterdam Avenue BOTH IN PROJECT AREAS East Side Tenement and Former Bank Building in New Control,Archives,Archives,0,0.1531,0.06,0.0,0.94,0.0,0.0,0.0,construction
nyt://article/b757c9c5-08b8-5db4-b98f-80270ab3ca98,1941-01-17,1941,MANHATTAN SALES FOR REMODELING; Multi-Family Buildings to Be Remade Into Modern Apartments CHANGE AFTER 50 YEARS West 42d Street Tenement Bought for Improvement by Investor ,Archives,Archives,0,0.7184,0.207,0.0,0.793,0.04,0.0,1.0,reform
nyt://article/fa7f5d6b-07b5-5b06-bf38-8eadcfe8759a,1941-01-18,1941,"U.S. Buys 25,000 Refrigerators",Archives,Archives,0,0.128,0.12,0.0,0.88,0.0,0.0,0.0,construction
nyt://article/36e587c5-c66e-51b1-874e-fd26fd851fae,1941-01-27,1941,EAST SIDE FLAT RESOLD; Tenement on Sheriff Street Is Bought From Operators ,Archives,Archives,0,0.0,0.0,0.0,1.0,0.0,0.0,0.0,construction
nyt://article/6052b314-13be-52af-9b2c-9e7dc8bce017,1941-01-29,1941,QUARTERS LEASED FOR SPEEDY USE; Occupancy at Once or in the Spring a Feature of Business Rentals HOUSING AUTHORITY DEAL New York Unit Takes Space to Select Tenants for New Projects Here ,Archives,Archives,0,0.0772,0.04,0.0,0.96,0.0,0.0,0.0,conflict
nyt://article/c76f178a-fdfe-50df-8db5-153b21c42156,1941-02-03,1941,Plans Housing in Kearny Area,Archives,Archives,0,0.128,0.086,0.0,0.914,0.0,0.0,0.0,construction
nyt://article/79c57098-574e-5e9f-8332-79eb3e073bb2,1941-02-06,1941,TO ALTER BUILDIN6; Buyer of Bayard Street Plot Anticipates Space Demand in New Civic Center EAST SIDE TENEMENT SOLD Sullivan St. Lot and Flats on East 114th and 126th Sts. Disposed Of by Banks ,Archives,Archives,0,-0.128,0.0,0.043,0.957,0.0,0.0,0.0,construction
nyt://article/b8772b42-2b29-595a-9e48-728a82c57f93,1941-02-06,1941,Housing Projects Advanced,Archives,Archives,0,0.3612,0.241,0.0,0.759,0.0,0.0,0.0,construction
nyt://article/705f579a-58f0-5a64-9e34-f096ed0f63ac,1941-03-02,1941,PLANS HOUSING AT SIDNEY; Government Will Spend Million on Project for Bendix Workers,Archives,Archives,0,0.0,0.0,0.0,1.0,0.0,0.0,0.0,construction
nyt://article/d3918f68-99e5-5a6e-9893-b70cca091582,1941-03-05,1941,CHURCH PROPERTY SOLD ON AVENUE C; Old Holy Cross P.E. Locale Goes to Ukrainian Orthodox American Group TO OPEN YOUTH CENTER Tenement Properties on Lower and Upper East Sides Pass Into New Ownership,Archives,Archives,0,-0.296,0.0,0.052,0.948,0.0,0.0,0.0,construction
nyt://article/98351c57-b52e-5c13-aafb-81b9bcb018c9,1941-03-07,1941,U.S. HOUSING PROJECT N HARRISON DROPPED; Town's 'Uncooperative' Attitude Leads to Cancellation,Archives,Archives,0,-0.25,0.0,0.069,0.931,0.0,0.0,0.0,construction
nyt://article/51ac2dd4-adf8-57c0-bddb-ea947af59d4a,1941-03-10,1941,VACANCY RATIO INCREASED; Rise Shown in Survey of Old-Law Tenement Units Here,Archives,Archives,0,0.2732,0.11,0.0,0.89,0.0,0.0,0.0,construction
nyt://article/31cbe35f-4893-50c4-a18f-2057e7dbcae7,1941-03-14,1941,BUILDINGS TO RISE FROM HEIGHTS SALE; Corner at Broadway and 189th Street to Be for Taxpayer and Apartment House MANHATTAN DEALS MIXED Business Places and Tenements Change Hands All Over the Island ,Archives,Archives,0,0.0,0.0,0.0,1.0,0.0,0.0,0.0,construction
nyt://article/5f420928-9c7f-5703-8288-89542f7d7e7d,1941-03-14,1941,PRIVATE SLUM CLEARANCE,Archives,Archives,0,-0.3612,0.267,0.467,0.267,0.25,0.25,0.0,construction
nyt://article/6c851227-5e82-5d8a-bcca-203f2c5a3f95,1941-03-20,1941,"HOUSING BRIBE CHARGED; Second Detroit Councilman Is Indicted as Recipient of $5,000",Archives,Archives,0,0.0258,0.103,0.159,0.737,0.0,0.0,0.0,construction
nyt://article/a38534e9-6bca-5367-90f6-c949ce48add6,1941-03-23,1941,Gets New Haven Housing Award,Archives,Archives,0,0.7906,0.412,0.0,0.588,0.0,0.0,0.0,construction
nyt://article/cd9bd7f1-2127-5c97-a2c7-80d7c26ad4cf,1941-03-23,1941,"Tuckahoe Slum Clearance Is Based on Student Survey; Sarah Lawrence College Hails $325,000 Grant for Housing Project Following Study",Archives,Archives,0,0.4215,0.214,0.09,0.696,0.03125,0.03125,0.0,construction
nyt://article/1e701422-a5c6-5fd0-9245-77fb130df005,1941-03-29,1941,"YALE UNIVERSITY SELLS BUILDING; Twelfth Estate, Inc., Gets 7-Story Loft Structure in Spring Street OPERATORS ARE ACTIVE Tenements, Dwelling House Listed in Day's Deals in Manhattan ",Archives,Archives,0,0.4215,0.137,0.0,0.863,0.0,0.0,0.0,construction
nyt://article/0a6596b5-6d12-5aec-a2b7-6f0cec6ed496,1941-04-02,1941,STORE TO BE BUILT ON LEXINGTON AVE.; Two Tenements at 1635-7 Sold as Site for A. & P. Super Market LEASES 39TH ST. SPACE United Parcel Service Obtains Site for Truck Station on the East Side ,Archives,Archives,0,0.7717,0.165,0.0,0.835,0.0,0.0,0.0,construction
nyt://article/5165b4bf-ef76-5779-820e-2887e8c09def,1941-04-03,1941,Detroit Official Ousted on Bribe,Archives,Archives,0,-0.1027,0.069,0.089,0.842,0.0,0.0,0.0,construction
nyt://article/e5314497-dedd-5c9b-95bb-931b4bace8e7,1941-04-09,1941,DEALS IN CITY LED BY SAVINGS BANKS; Tenement Houses in Various Parts of Manhattan Go Into Private Control FLATS IN FIRST AVE. SOLD Garage and Loft Buildings Are Included Among Properties in Institutional Trading ,Archives,Archives,0,0.0,0.0,0.0,1.0,0.0,0.0,0.0,construction
nyt://article/b46d9875-9bbd-5a19-a50e-c2d688f8eaa3,1941-04-13,1941,Sociology Survey Proceeds in Queens; Twelve Students Study Use of Leisure and Recreation at Housing Project,Archives,Archives,0,0.0,0.0,0.0,1.0,0.0,0.0,0.0,construction
nyt://article/b1898bc3-3ceb-5cde-b467-73c5efa3e2a4,1941-04-16,1941,SWEEPSTAKE HOME FOR NEGROES OPEN; Philadelphia Family Winners in 1939 Welcome Tenants to New Model Apartments,Archives,Archives,0,0.8625,0.286,0.0,0.714,0.0,0.0,0.0,construction
nyt://article/e3828ca1-f058-5f5b-8509-771e3bf82115,1941-04-16,1941,LADY HALIFAX SEES HOUSING PROJECTS; Impressed After Inspecting Vladeck Site and the Red Hook Development ALSO VISITS CITY HALL She Calls at the Headquarters of Bundles for Britain and Greets Workers,Archives,Archives,0,0.5719,0.121,0.0,0.879,0.0,0.0,0.0,construction
nyt://article/5554f2dd-7d3c-513e-a6a2-d050b1bdc189,1941-05-02,1941,"THRIFTY PATRIOTS WAIT IN LINE TO BUY BONDS FOR DEFENSE; Here, as in Rest of the Nation, Public Shows Eager Response to Government's Call PUBLIC OFFICIALS INVEST Mayor Calls on People to Put Savings to Work Arming Against 'Gangsters' SALE OF FIRST DEFENSE BOND IN MANHATTAN INVESTORS LINE UP FOR DEFENSE BONDS",Archives,Archives,0,0.7906,0.129,0.0,0.871,0.0,0.0,0.0,pathology
nyt://article/11d4db58-61e7-5906-b89b-29a29e36a9df,1941-05-03,1941,LONG HELD HOUSES IN EAST SIDE SALES; Deeds for Buildings Conveyed at 73-5 Third Ave. Are Dated 1854 and 1863 EAST 32D ST. PARCEL SOLD Bank Disposes of Old Rooming House -- Investor Acquires East 111th St. Tenement ,Archives,Archives,0,0.0,0.0,0.0,1.0,0.0,0.0,0.0,construction
nyt://article/a287fe3f-7ed6-580d-a26c-69ba215d9798,1941-05-03,1941,"PUTS MORE MONEY INTO NEW HOUSING; Metropolitan Life to Provide for 5,000 Families in California Projects ECKER DESCRIBES PLANS He Tells Company Managers of Program for Developing Unified Communities",Archives,Archives,0,0.3818,0.062,0.0,0.938,0.0,0.0,0.0,construction
nyt://article/2ba8e2ae-8e35-582f-81ab-7988e1e1d9c6,1941-05-09,1941,"Says He Sold Vote for $15,000",Archives,Archives,0,-0.3612,0.059,0.127,0.814,0.0,0.0,0.0,construction
nyt://article/985f8de1-6dce-5141-8273-b317a71bee40,1941-05-17,1941,YOUNGSTERS CHEER SMITH IN SLUM TOUR; Once Familiar 'Hi Ya Al!' Rings Out as the Former Governor Visits the East Side,Archives,Archives,0,-0.4574,0.141,0.194,0.665,0.03448,0.06897,-0.3333,construction
nyt://article/3741475c-c652-5967-8fa9-9e4ad20b8eb1,1941-05-30,1941,Bids for Waterbury Housing,Archives,Archives,0,-0.1531,0.103,0.144,0.753,0.0,0.0,0.0,construction
nyt://article/df1538d3-3aa2-58f3-a863-97b81b333e2d,1941-06-02,1941,EAST SIDE HOUSE SOLD BY OPERATOR; Residence on Seventy-sixth Street Purchased From Samuel Kilpatrick DEAL IN THE CHELSEA AREA Heirs Dispose of Tenement on West Twentieth Street -- Bronx Activity ,Archives,Archives,0,0.0,0.0,0.0,1.0,0.0,0.0,0.0,construction
nyt://article/c39a7a55-b6b5-54b2-8b1d-598beee87dab,1941-06-05,1941,"LOFTS, TENEMENTS SOLD IN MANHATTAN; Savings Banks Are Active in Liquidating Holdings of Downtown Parcels RESALE ON WATER STREET Operator Disposes of Two 7-Story Loft Buildings Recently Acquired to Investor ",Archives,Archives,0,0.4019,0.085,0.0,0.915,0.0,0.0,0.0,construction
nyt://article/d2d349f3-c9d2-5b3a-81c9-78bb34d2b21f,1941-06-08,1941,SUBSIDIZED HOMES CALLED TAX BURDEN; C.A. Nutter Says New Jersey Needs No More Projects of That Nature,Archives,Archives,0,-0.5868,0.047,0.186,0.767,0.0,0.0,0.0,construction
nyt://article/4af5d70d-e94b-55b3-bfdf-78a988411e91,1941-06-15,1941,PRIVATE CAPITAL AIDING IN DEFENSE; T.C. Grace Says Builders in State Are Planning Many Housing Projects ACTIVITY IS WIDESPREAD Local Operations Started in Farmingdale and Bay Ridge Sections,Archives,Archives,0,0.7269,0.161,0.0,0.839,0.0,0.0,0.0,construction
nyt://article/755a86ee-9ce8-5933-a6e6-5cce105cc147,1941-06-15,1941,Footnotes on the City's Complex Problem Of Architecture After Slum Clearance,Archives,Archives,0,-0.6369,0.099,0.307,0.594,0.06667,0.06667,0.0,construction
nyt://article/8723a4a4-cf17-5730-ba6c-96afd128f882,1941-06-18,1941,ROBERT SHAPE DIES; A CIVIL ENGINEER; Served for Last Four Years as the Senior Architect for U. S. Housing Projects PUBLIC WORKS OFFICIAL Construction Superintendent for New York Stock Exchange uPartner in Firm Here ,Archives,Archives,0,0.0,0.0,0.0,1.0,0.0,0.0,0.0,construction
nyt://article/9718114f-393d-5f0e-8505-0479bc3b06b3,1941-06-29,1941,Housing for Negroes,Archives,Archives,0,0.0,0.0,0.0,1.0,0.0,0.0,0.0,construction
nyt://article/b65c83ce-8715-57e7-9103-2d2630dbd516,1941-06-29,1941,ADOPTING HOUSING LAWS; 39 States Have Acts Favoring Assistance of U.S.H.A.,Archives,Archives,0,0.0772,0.17,0.124,0.707,0.04348,0.04348,0.0,construction
nyt://article/5b1b56d8-c3e9-5c7f-9cc0-072746eb7ccf,1941-07-02,1941,Strike Halts Housing Project,Archives,Archives,0,-0.25,0.0,0.214,0.786,0.0,0.0,0.0,conflict
nyt://article/459e2957-01d2-591e-bce8-3c19c1aa6c36,1941-07-03,1941,STATE HOUSING VOTED FOR NEW ROCHELLE; Project Will Clear 9 Acres of Slums and Aid 265 Families,Archives,Archives,0,-0.2263,0.096,0.129,0.775,0.0,0.04348,-1.0,construction
nyt://article/89873379-255d-5b1b-8abc-a6b883f47c98,1941-07-05,1941,NEW MANOEUVRES ORDERED FOR 44TH; Fort Dix Leaves Are Canceled for Second Virginia Training Program in Two Months FETE AT HOUSING PROJECT Ground-Breaking Ceremonies for 12 Chapels Under Construction Set for Next Week ,Archives,Archives,0,0.0,0.0,0.0,1.0,0.0,0.0,0.0,construction
nyt://article/64914aa9-9590-5063-a36f-0f921f5d4f4b,1941-07-10,1941,"CALLS FOR SHARING LEAD IN FASHIONS; Federation Speaker Says Los Angeles Leads in Sports Clothes, New York in Volume PUBLIC HOUSING A TOPIC Music, Vocational Education and Experience of British Women in War Discussed",Archives,Archives,0,0.1531,0.114,0.081,0.806,0.0,0.0,0.0,construction
nyt://article/5b5c5e3b-dad3-5c8d-a6d8-25a8918d96be,1941-07-16,1941,JERSEY BILL STIRS HOUSING OFFICIALS; Measure to Make Clark Township Project a Separate Area Is Held Serious Precedent,Archives,Archives,0,-0.1779,0.049,0.104,0.847,0.0,0.0,0.0,conflict
nyt://article/909864cf-8aeb-5e71-ab0a-5be0f992dfc1,1941-07-17,1941,EDISON URGED TO VETO HOUSING PROJECT BILL; Carmody Opposes Separating Clark Township Area,Archives,Archives,0,0.0,0.0,0.0,1.0,0.0,0.0,0.0,conflict
nyt://article/9b329ea0-6832-56ae-9bce-adedcb99b2ca,1941-07-17,1941,PARKCHESTER GETS FOUNTAIN SCULPTURE; Center Park In Bronx Housing Project Now Complete,Archives,Archives,0,0.0,0.0,0.0,1.0,0.0,0.0,0.0,construction
nyt://article/0a014526-98a4-537c-ba76-e8a4a1166825,1941-07-20,1941,"SMALL TOWNS GET HOUSING PROJECTS; They Now Account for 25 Per Cent of Low-Rent Work, Says Nathan Straus SMALL TOWNS GET HOUSING PROJECTS",Archives,Archives,0,0.0,0.0,0.0,1.0,0.0,0.0,0.0,construction
nyt://article/563618f4-fe90-5167-822a-8f1e65546128,1941-07-20,1941,ONE-ROOM SUITES FOR FORT GREENE; New Public Housing Project Will Be First to Have Smallest-Size Units,Archives,Archives,0,0.0,0.0,0.0,1.0,0.0,0.0,0.0,construction
nyt://article/68a03cc1-8607-5798-ad5c-0774d8be54df,1941-07-28,1941,MAN KILLED IN FIRE; POLICE PHONE IS CUT; Fireman and Three Tenants Are Injured as Handyman Is Trapped in East Side Blaze STORE AIDS DEPARTMENT Calls to Sheriff Street Station Rerouted for 5 1/2 Hours -- Passer-By Waked Occupants,Archives,Archives,0,-0.9781,0.0,0.384,0.616,0.0,0.0,0.0,conflict
nyt://article/4fbaa331-1501-59cb-9dda-99572c2dcb39,1941-08-01,1941,City Housing Projects Win 3 Safety Awards,Archives,Archives,0,0.8625,0.706,0.0,0.294,0.0,0.0,0.0,construction
nyt://article/b631d097-62c5-52b9-8427-54be3c8deb63,1941-08-05,1941,ANNIVERSARY MARKED AT HOUSING PROJECT; Garden Luncheon Is Staged at South Jamaica Houses,Archives,Archives,0,0.0,0.0,0.0,1.0,0.0,0.0,0.0,construction
nyt://article/295f15b8-9192-5835-a2a1-453d14bc73d7,1941-08-13,1941,CITY NOTES RISES IN ITS TENANTS' PAY; Some in Housing Projects May Have to Move Because of Boom Incomes,Archives,Archives,0,-0.1027,0.0,0.046,0.954,0.0,0.0,0.0,conflict
nyt://article/aab766a1-c29a-57fe-a7e4-8a7b37c917bc,1941-08-20,1941,BIG LOFT BUILDING BOUGHT FROM BANK; 12-Story Structure at 121-23 East 24th Street Sold by Central Hanover TENEMENTS CHANGE HANDS Investors Acquire Several Parcels of Residential Realty on East Side ,Archives,Archives,0,0.0,0.0,0.0,1.0,0.0,0.0,0.0,construction
nyt://article/8445b5a9-61c7-57bd-8ab9-b0216ead5892,1941-08-24,1941,TENEMENT RENOVATED; New York Hospital Alters Old York Avenue Building,Archives,Archives,0,0.0,0.0,0.0,1.0,0.0,0.0,0.0,construction
nyt://article/7ffc92c3-d2da-5ee3-a2ec-3f243d9e5121,1941-08-30,1941,"AN EDEN IS FOUND ON EAST SIDE ROOF; Bachelor Grows Tomatoes, Peas, Petunias All Together in a Tenement Setting",Archives,Archives,0,0.0,0.0,0.0,1.0,0.0,0.0,0.0,construction
nyt://article/f851fd70-8f47-5237-87a3-75d6071c5b04,1941-08-31,1941,INSULATION ADVISED TO CONSERVE FUELS; USHA Cites Methods to Curtail Heating Expenses,Archives,Archives,0,0.2263,0.101,0.0,0.899,0.0,0.0,0.0,construction
